poNo,poDate,etaDate,vendor,recDate,status,cutPo,user1,user2,user3,user4,user5,user6,startDate,cancelDate,shipDate,division,shipVia,orderNo,customer,custName,customerPo,parentPoNo,season,grp,category,compType,style,color,podStatus,size1,size2,size3,size4,size5,size6,size7,size8,size9,size10,size11,size12,size13,size14,size15,value1,value2,value3,value4,value5,value6,value7,value8,value9,value10,value11,value12,value13,value14,value15,totalUnit,price,extPrice,uom,warehouse,podEtaDate,cancelReason,cancelReasonDate,cost,extCost,recQty,balQty,soType,unit1,unit2,unit3,unit4,unit5,unit6,unit7,unit8,unit9,unit10,unit11,unit12,unit13,unit14,unit15
2,4/14/2026,5/12/2026,STENUE,4/21/2026,Closed,PO,,,,,,,4/14/2026,5/12/2026,4/14/2026,ELEVATOR DISCO,                    ,0,                    ,                                                  ,                    ,0,SS26,26-May,DRESSES,Style,CD1004,PINK,Closed,XS,S,M,L,XL,          ,          ,          ,          ,          ,          ,          ,          ,          ,          ,1,1,0,0,0,0,0,0,0,0,0,0,0,0,0,2,20.1,40.2,,STANFORD,5/12/2026,,,20.1,40.2,2,0,                    ,XS / 1,S / 1,M / 0,L / 0,XL / 0,,,,,,,,,,
3,4/14/2026,5/12/2026,STENUE,1/1/1900,Open,PO, , , ,,,,4/14/2026,5/12/2026,4/14/2026,ELEVATOR DISCO,                    ,6,ANTHROPOLOGIE,ANTHROPOLOGIE,6764604,0,SS26,26-May,DRESSES,Style,ESWD5332,PINK,Open,XS,S,M,L,XL,          ,          ,          ,          ,          ,          ,          ,          ,          ,          ,2,4,4,2,1,0,0,0,0,0,0,0,0,0,0,13,28,364,,STANFORD,5/12/2026,,,0,0,0,13,NEW,XS / 2,S / 4,M / 4,L / 2,XL / 1,,,,,,,,,,
4,4/14/2026,5/12/2026,STENUE,1/1/1900,Open,PO,,,,,,,4/14/2026,5/12/2026,4/14/2026,ELEVATOR DISCO,                    ,6,ANTHROPOLOGIE,ANTHROPOLOGIE,6764604,0,SS26,26-May,DRESSES,Style,ESWD5332PL,PINK,Open,1X,2X,3X,          ,          ,          ,          ,          ,          ,          ,          ,          ,          ,          ,          ,3,3,2,0,0,0,0,0,0,0,0,0,0,0,0,8,29.5,236,,STANFORD,5/12/2026,,,29.5,236,0,8,NEW,1X / 3,2X / 3,3X / 2,,,,,,,,,,,,
5,4/14/2026,5/12/2026,STENUE,1/1/1900,Open,PO,,,,,,,4/14/2026,5/12/2026,4/14/2026,ELEVATOR DISCO,                    ,6,ANTHROPOLOGIE,ANTHROPOLOGIE,6764604,0,SS26,26-May,DRESSES,Style,ESWD5332PT,PINK,Open,XS PT,S PT,M PT,L PT,XL PT,          ,          ,          ,          ,          ,          ,          ,          ,          ,          ,3,4,3,2,0,0,0,0,0,0,0,0,0,0,0,12,28,336,,STANFORD,5/12/2026,,,28,336,0,12,NEW,XS PT / 3,S PT / 4,M PT / 3,L PT / 2,XL PT / 0,,,,,,,,,,
6,4/14/2026,5/12/2026,STENUE,4/14/2026,Closed,PO,,,,,,,4/14/2026,5/12/2026,4/14/2026,ELEVATOR DISCO,                    ,132,LULUS,LULU'S FASHION LOUNGE,218662,0,                    ,                    ,DRESSES,Style,EDD1294WH,ROYAL BLUE,Closed,XXS,XS,S,M,L,XL,XXL,          ,          ,          ,          ,          ,          ,          ,          ,3,78,129,117,0,18,5,0,0,0,0,0,0,0,0,350,0,0,,STANFORD,5/12/2026,,,0,0,364,-14,REORDER,XXS / 3,XS / 78,S / 129,M / 117,L / 0,XL / 18,XXL / 5,,,,,,,,
7,4/17/2026,5/15/2026,STENUE,4/17/2026,Closed,PO,,,,,,,4/17/2026,5/15/2026,4/17/2026,ELEVATOR DISCO,                    ,70,NUULY,NUULY,6786332,0,SS26,26-Jun,DRESSES,Style,CD1059,BROWN,Closed,XS,S,M,L,XL,          ,          ,          ,          ,          ,          ,          ,          ,          ,          ,17,36,32,17,5,0,0,0,0,0,0,0,0,0,0,107,12,1284,,STANFORD,5/15/2026,,,12,1284,111,-4,NEW,XS / 17,S / 36,M / 32,L / 17,XL / 5,,,,,,,,,,
8,4/17/2026,5/15/2026,STENUE,4/17/2026,Closed,PO,,,,,,,4/17/2026,5/15/2026,4/17/2026,ELEVATOR DISCO,                    ,71,NUULY,NUULY,6786333,0,SS26,26-Jun,DRESSES,Style,CD1059,BROWN,Closed,XS,S,M,L,XL,          ,          ,          ,          ,          ,          ,          ,          ,          ,          ,31,63,58,30,9,0,0,0,0,0,0,0,0,0,0,191,12,2292,,STANFORD,5/15/2026,,,12,2292,191,0,NEW,XS / 31,S / 63,M / 58,L / 30,XL / 9,,,,,,,,,,
9,4/17/2026,5/15/2026,STENUE,4/17/2026,Closed,PO,,,,,,,4/17/2026,5/15/2026,4/17/2026,ELEVATOR DISCO,                    ,79,NUULY,NUULY,6786373,0,SS26,26-May,DRESSES,Style,CD1032,BLACK WHITE,Closed,XS,S,M,L,XL,          ,          ,          ,          ,          ,          ,          ,          ,          ,          ,11,24,22,11,3,0,0,0,0,0,0,0,0,0,0,71,19,1349,,STANFORD,5/15/2026,,,19,1349,72,-1,NEW,XS / 11,S / 24,M / 22,L / 11,XL / 3,,,,,,,,,,
10,4/17/2026,5/15/2026,STENUE,4/17/2026,Closed,PO,,,,,,,4/17/2026,5/15/2026,4/17/2026,ELEVATOR DISCO,                    ,76,NUULY,NUULY,6786359,0,SS26,26-May,DRESSES,Style,CD1028,WHITE,Closed,XS,S,M,L,XL,          ,          ,          ,          ,          ,          ,          ,          ,          ,          ,12,27,24,12,4,0,0,0,0,0,0,0,0,0,0,79,14.5,1145.5,,STANFORD,5/15/2026,,,14.5,1145.5,79,0,NEW,XS / 12,S / 27,M / 24,L / 12,XL / 4,,,,,,,,,,
11,4/17/2026,5/15/2026,STENUE,4/17/2026,Closed,PO,,,,,,,4/17/2026,5/15/2026,4/17/2026,ELEVATOR DISCO,                    ,68,NUULY,NUULY,6786298,0,SS26,26-Jun,DRESSES,Style,CD1051,BROWN,Closed,XS,S,M,L,XL,          ,          ,          ,          ,          ,          ,          ,          ,          ,          ,34,70,63,33,10,0,0,0,0,0,0,0,0,0,0,210,17.9,3759,,STANFORD,5/15/2026,,,17.9,3759,211,-1,NEW,XS / 34,S / 70,M / 63,L / 33,XL / 10,,,,,,,,,,
12,4/17/2026,5/15/2026,STENUE,4/17/2026,Closed,PO,,,,,,,4/17/2026,5/15/2026,4/17/2026,ELEVATOR DISCO,                    ,67,NUULY,NUULY,6786297,0,SS26,26-Jun,DRESSES,Style,CD1051,BROWN,Closed,XS,S,M,L,XL,          ,          ,          ,          ,          ,          ,          ,          ,          ,          ,22,46,42,22,6,0,0,0,0,0,0,0,0,0,0,138,17.9,2470.2,,STANFORD,5/15/2026,,,17.9,2470.2,138,0,NEW,XS / 22,S / 46,M / 42,L / 22,XL / 6,,,,,,,,,,
13,4/20/2026,5/18/2026,STENUE,4/23/2026,Closed,PO,,,,,,,4/20/2026,5/18/2026,4/20/2026,ELEVATOR DISCO,                    ,61,NUULY,NUULY,6786282,0,SS26,26-May,DRESSES,Style,CD1004,PINK,Closed,XS,S,M,L,XL,          ,          ,          ,          ,          ,          ,          ,          ,          ,          ,19,40,36,19,6,0,0,0,0,0,0,0,0,0,0,120,20.1,2412,,STANFORD,5/18/2026,,,20.1,2412,117,3,NEW,XS / 19,S / 40,M / 36,L / 19,XL / 6,,,,,,,,,,
14,4/20/2026,5/18/2026,STENUE,1/1/1900,Open,PO,,,,,,,4/20/2026,5/18/2026,4/20/2026,ELEVATOR DISCO,                    ,7,ANTHROPOLOGIE,ANTHROPOLOGIE,6764605,0,SS26,26-May,DRESSES,Style,ESWD5332,PINK,Open,XS,S,M,L,XL,          ,          ,          ,          ,          ,          ,          ,          ,          ,          ,2,3,3,3,2,0,0,0,0,0,0,0,0,0,0,13,28,364,,STANFORD,5/18/2026,,,0,0,0,13,NEW,XS / 2,S / 3,M / 3,L / 3,XL / 2,,,,,,,,,,
15,4/20/2026,5/18/2026,STENUE,1/1/1900,Open,PO,,,,,,,4/20/2026,5/18/2026,4/20/2026,ELEVATOR DISCO,                    ,7,ANTHROPOLOGIE,ANTHROPOLOGIE,6764605,0,SS26,26-May,DRESSES,Style,ESWD5332PT,PINK,Open,XS PT,S PT,M PT,L PT,XL PT,          ,          ,          ,          ,          ,          ,          ,          ,          ,          ,4,4,4,2,2,0,0,0,0,0,0,0,0,0,0,16,28,448,,STANFORD,5/18/2026,,,28,448,0,16,NEW,XS PT / 4,S PT / 4,M PT / 4,L PT / 2,XL PT / 2,,,,,,,,,,
16,4/20/2026,5/18/2026,STENUE,1/1/1900,Open,PO,,,,,,,4/20/2026,5/18/2026,4/20/2026,ELEVATOR DISCO,                    ,7,ANTHROPOLOGIE,ANTHROPOLOGIE,6764605,0,SS26,26-May,DRESSES,Style,ESWD5332PL,PINK,Open,1X,2X,3X,          ,          ,          ,          ,          ,          ,          ,          ,          ,          ,          ,          ,6,5,2,0,0,0,0,0,0,0,0,0,0,0,0,13,29.5,383.5,,STANFORD,5/18/2026,,,29.5,383.5,0,13,NEW,1X / 6,2X / 5,3X / 2,,,,,,,,,,,,
17,4/20/2026,5/18/2026,STENUE,1/1/1900,Open,PO,,,,,,,4/20/2026,5/18/2026,4/20/2026,ELEVATOR DISCO,                    ,8,ANTHROPOLOGIE,ANTHROPOLOGIE,6764606,0,SS26,26-May,DRESSES,Style,ESWD5332,PINK,Open,XS,S,M,L,XL,          ,          ,          ,          ,          ,          ,          ,          ,          ,          ,9,14,14,8,4,0,0,0,0,0,0,0,0,0,0,49,0,0,,STANFORD,5/18/2026,,,0,0,0,49,NEW,XS / 9,S / 14,M / 14,L / 8,XL / 4,,,,,,,,,,
18,4/20/2026,5/18/2026,STENUE,1/1/1900,Open,PO,,,,,,,4/20/2026,5/18/2026,4/20/2026,ELEVATOR DISCO,                    ,8,ANTHROPOLOGIE,ANTHROPOLOGIE,6764606,0,SS26,26-May,DRESSES,Style,ESWD5332PL,PINK,Open,1X,2X,3X,          ,          ,          ,          ,          ,          ,          ,          ,          ,          ,          ,          ,17,14,8,0,0,0,0,0,0,0,0,0,0,0,0,39,29.5,1150.5,,STANFORD,5/18/2026,,,29.5,1150.5,0,39,NEW,1X / 17,2X / 14,3X / 8,,,,,,,,,,,,
19,4/20/2026,5/18/2026,STENUE,1/1/1900,Open,PO,,,,,,,4/20/2026,5/18/2026,4/20/2026,ELEVATOR DISCO,                    ,8,ANTHROPOLOGIE,ANTHROPOLOGIE,6764606,0,SS26,26-May,DRESSES,Style,ESWD5332PT,PINK,Open,XS PT,S PT,M PT,L PT,XL PT,          ,          ,          ,          ,          ,          ,          ,          ,          ,          ,13,16,13,7,3,0,0,0,0,0,0,0,0,0,0,52,28,1456,,STANFORD,5/18/2026,,,28,1456,0,52,NEW,XS PT / 13,S PT / 16,M PT / 13,L PT / 7,XL PT / 3,,,,,,,,,,
20,4/20/2026,5/18/2026,STENUE,1/1/1900,Open,PO,,,,,,,4/20/2026,5/18/2026,4/20/2026,ELEVATOR DISCO,                    ,9,ANTHROPOLOGIE,ANTHROPOLOGIE,6764607,0,SS26,26-Jun,DRESSES,Style,CD1020,PINK CREAM,Open,XS,S,M,L,XL,          ,          ,          ,          ,          ,          ,          ,          ,          ,          ,5,8,8,5,4,0,0,0,0,0,0,0,0,0,0,30,14.6,438,,STANFORD,5/18/2026,,,14.6,438,0,30,NEW,XS / 5,S / 8,M / 8,L / 5,XL / 4,,,,,,,,,,
21,4/20/2026,5/18/2026,STENUE,1/1/1900,Open,PO,,,,,,,4/20/2026,5/18/2026,4/20/2026,ELEVATOR DISCO,                    ,10,ANTHROPOLOGIE,ANTHROPOLOGIE,6764608,0,SS26,26-Jun,DRESSES,Style,CD1020,PINK CREAM,Open,XS,S,M,L,XL,          ,          ,          ,          ,          ,          ,          ,          ,          ,          ,7,13,12,9,4,0,0,0,0,0,0,0,0,0,0,45,14.6,657,,STANFORD,5/18/2026,,,14.6,657,0,45,NEW,XS / 7,S / 13,M / 12,L / 9,XL / 4,,,,,,,,,,
22,4/20/2026,5/18/2026,STENUE,1/1/1900,Open,PO,,,,,,,4/20/2026,5/18/2026,4/20/2026,ELEVATOR DISCO,                    ,11,ANTHROPOLOGIE,ANTHROPOLOGIE,6764609,0,SS26,26-Jun,DRESSES,Style,CD1020,PINK CREAM,Open,XS,S,M,L,XL,          ,          ,          ,          ,          ,          ,          ,          ,          ,          ,12,22,21,13,7,0,0,0,0,0,0,0,0,0,0,75,14.6,1095,,STANFORD,5/18/2026,,,14.6,1095,0,75,NEW,XS / 12,S / 22,M / 21,L / 13,XL / 7,,,,,,,,,,
23,4/20/2026,5/18/2026,STENUE,1/1/1900,Open,PO,,,,,,,4/20/2026,5/18/2026,4/20/2026,ELEVATOR DISCO,                    ,12,ANTHROPOLOGIE,ANTHROPOLOGIE,6764616,0,SS26,26-Jun,DRESSES,Style,CD1011,SAGE GREEN,Open,XS,S,M,L,XL,          ,          ,          ,          ,          ,          ,          ,          ,          ,          ,7,11,11,7,4,0,0,0,0,0,0,0,0,0,0,40,15.6,624,,STANFORD,5/18/2026,,,15.6,624,0,40,NEW,XS / 7,S / 11,M / 11,L / 7,XL / 4,,,,,,,,,,
24,4/20/2026,5/18/2026,STENUE,1/1/1900,Open,PO,,,,,,,4/20/2026,5/18/2026,4/20/2026,ELEVATOR DISCO,                    ,12,ANTHROPOLOGIE,ANTHROPOLOGIE,6764616,0,SS26,26-Jun,DRESSES,Style,CD1011PL,SAGE GREEN,Open,1X,2X,3X,          ,          ,          ,          ,          ,          ,          ,          ,          ,          ,          ,          ,8,8,4,0,0,0,0,0,0,0,0,0,0,0,0,20,15.6,312,,STANFORD,5/18/2026,,,15.6,312,0,20,NEW,1X / 8,2X / 8,3X / 4,,,,,,,,,,,,
25,4/20/2026,5/18/2026,STENUE,1/1/1900,Open,PO,,,,,,,4/20/2026,5/18/2026,4/20/2026,ELEVATOR DISCO,                    ,12,ANTHROPOLOGIE,ANTHROPOLOGIE,6764616,0,SS26,26-Jun,DRESSES,Style,CD1011PT,SAGE GREEN,Open,XS PT,S PT,M PT,L PT,XL PT,          ,          ,          ,          ,          ,          ,          ,          ,          ,          ,5,6,5,4,1,0,0,0,0,0,0,0,0,0,0,21,15.6,327.6,,STANFORD,5/18/2026,,,15.6,327.6,0,21,NEW,XS PT / 5,S PT / 6,M PT / 5,L PT / 4,XL PT / 1,,,,,,,,,,
26,4/20/2026,5/18/2026,STENUE,1/1/1900,Open,PO,,,,,,,4/20/2026,5/18/2026,4/20/2026,ELEVATOR DISCO,                    ,13,ANTHROPOLOGIE,ANTHROPOLOGIE,6764617,0,SS26,26-Jun,DRESSES,Style,CD1011,SAGE GREEN,Open,XS,S,M,L,XL,          ,          ,          ,          ,          ,          ,          ,          ,          ,          ,9,17,17,11,6,0,0,0,0,0,0,0,0,0,0,60,15.6,936,,STANFORD,5/18/2026,,,15.6,936,0,60,NEW,XS / 9,S / 17,M / 17,L / 11,XL / 6,,,,,,,,,,
27,4/20/2026,5/18/2026,STENUE,1/1/1900,Open,PO,,,,,,,4/20/2026,5/18/2026,4/20/2026,ELEVATOR DISCO,                    ,13,ANTHROPOLOGIE,ANTHROPOLOGIE,6764617,0,SS26,26-Jun,DRESSES,Style,CD1011PT,SAGE GREEN,Open,XS PT,S PT,M PT,L PT,XL PT,          ,          ,          ,          ,          ,          ,          ,          ,          ,          ,8,9,7,4,1,0,0,0,0,0,0,0,0,0,0,29,15.6,452.4,,STANFORD,5/18/2026,,,15.6,452.4,0,29,NEW,XS PT / 8,S PT / 9,M PT / 7,L PT / 4,XL PT / 1,,,,,,,,,,
28,4/20/2026,5/18/2026,STENUE,1/1/1900,Open,PO,,,,,,,4/20/2026,5/18/2026,4/20/2026,ELEVATOR DISCO,                    ,13,ANTHROPOLOGIE,ANTHROPOLOGIE,6764617,0,SS26,26-Jun,DRESSES,Style,CD1011PL,SAGE GREEN,Open,1X,2X,3X,          ,          ,          ,          ,          ,          ,          ,          ,          ,          ,          ,          ,14,10,6,0,0,0,0,0,0,0,0,0,0,0,0,30,15.6,468,,STANFORD,5/18/2026,,,15.6,468,0,30,NEW,1X / 14,2X / 10,3X / 6,,,,,,,,,,,,
29,4/20/2026,5/18/2026,STENUE,1/1/1900,Open,PO,,,,,,,4/20/2026,5/18/2026,4/20/2026,ELEVATOR DISCO,                    ,14,ANTHROPOLOGIE,ANTHROPOLOGIE,6764618,0,SS26,26-Jun,DRESSES,Style,CD1011,SAGE GREEN,Open,XS,S,M,L,XL,          ,          ,          ,          ,          ,          ,          ,          ,          ,          ,17,29,27,17,10,0,0,0,0,0,0,0,0,0,0,100,15.6,1560,,STANFORD,5/18/2026,,,15.6,1560,0,100,NEW,XS / 17,S / 29,M / 27,L / 17,XL / 10,,,,,,,,,,
30,4/20/2026,5/18/2026,STENUE,1/1/1900,Open,PO,,,,,,,4/20/2026,5/18/2026,4/20/2026,ELEVATOR DISCO,                    ,14,ANTHROPOLOGIE,ANTHROPOLOGIE,6764618,0,SS26,26-Jun,DRESSES,Style,CD1011PL,SAGE GREEN,Open,1X,2X,3X,          ,          ,          ,          ,          ,          ,          ,          ,          ,          ,          ,          ,22,18,10,0,0,0,0,0,0,0,0,0,0,0,0,50,15.6,780,,STANFORD,5/18/2026,,,15.6,780,0,50,NEW,1X / 22,2X / 18,3X / 10,,,,,,,,,,,,
31,4/20/2026,5/18/2026,STENUE,1/1/1900,Open,PO,,,,,,,4/20/2026,5/18/2026,4/20/2026,ELEVATOR DISCO,                    ,14,ANTHROPOLOGIE,ANTHROPOLOGIE,6764618,0,SS26,26-Jun,DRESSES,Style,CD1011PT,SAGE GREEN,Open,XS PT,S PT,M PT,L PT,XL PT,          ,          ,          ,          ,          ,          ,          ,          ,          ,          ,13,15,11,7,4,0,0,0,0,0,0,0,0,0,0,50,15.6,780,,STANFORD,5/18/2026,,,15.6,780,0,50,NEW,XS PT / 13,S PT / 15,M PT / 11,L PT / 7,XL PT / 4,,,,,,,,,,
32,4/20/2026,5/18/2026,STENUE,1/1/1900,Open,PO,,,,,,,4/20/2026,5/18/2026,4/20/2026,ELEVATOR DISCO,                    ,15,ANTHROPOLOGIE,ANTHROPOLOGIE,6764700,0,SS26,26-Jun,DRESSES,Style,CD1032PL,BLACK WHITE,Open,1X,2X,3X,          ,          ,          ,          ,          ,          ,          ,          ,          ,          ,          ,          ,4,4,3,0,0,0,0,0,0,0,0,0,0,0,0,11,19,209,,STANFORD,5/18/2026,,,19,209,0,11,NEW,1X / 4,2X / 4,3X / 3,,,,,,,,,,,,
33,4/20/2026,5/18/2026,STENUE,1/1/1900,Open,PO,,,,,,,4/20/2026,5/18/2026,4/20/2026,ELEVATOR DISCO,                    ,15,ANTHROPOLOGIE,ANTHROPOLOGIE,6764700,0,SS26,26-Jun,DRESSES,Style,CD1032PT,BLACK WHITE,Open,XS PT,S PT,M PT,L PT,XL PT,          ,          ,          ,          ,          ,          ,          ,          ,          ,          ,4,5,4,3,2,0,0,0,0,0,0,0,0,0,0,18,19,342,,STANFORD,5/18/2026,,,19,342,0,18,NEW,XS PT / 4,S PT / 5,M PT / 4,L PT / 3,XL PT / 2,,,,,,,,,,
34,4/20/2026,5/18/2026,STENUE,1/1/1900,Open,PO,,,,,,,4/20/2026,5/18/2026,4/20/2026,ELEVATOR DISCO,                    ,16,ANTHROPOLOGIE,ANTHROPOLOGIE,6764632,0,SS26,26-Jun,PANTS,Style,CP1026,BROWN,Open,XS,S,M,L,XL,          ,          ,          ,          ,          ,          ,          ,          ,          ,          ,13,21,21,13,7,0,0,0,0,0,0,0,0,0,0,75,12,900,,STANFORD,5/18/2026,,,12,900,0,75,NEW,XS / 13,S / 21,M / 21,L / 13,XL / 7,,,,,,,,,,
35,4/20/2026,5/18/2026,STENUE,1/1/1900,Open,PO,,,,,,,4/20/2026,5/18/2026,4/20/2026,ELEVATOR DISCO,                    ,17,ANTHROPOLOGIE,ANTHROPOLOGIE,6764701,0,SS26,26-Jun,DRESSES,Style,CD1032PL,BLACK WHITE,Open,1X,2X,3X,          ,          ,          ,          ,          ,          ,          ,          ,          ,          ,          ,          ,8,6,3,0,0,0,0,0,0,0,0,0,0,0,0,17,19,323,,STANFORD,5/18/2026,,,19,323,0,17,NEW,1X / 8,2X / 6,3X / 3,,,,,,,,,,,,
36,4/20/2026,5/18/2026,STENUE,1/1/1900,Open,PO,,,,,,,4/20/2026,5/18/2026,4/20/2026,ELEVATOR DISCO,                    ,17,ANTHROPOLOGIE,ANTHROPOLOGIE,6764701,0,SS26,26-Jun,DRESSES,Style,CD1032PT,BLACK WHITE,Open,XS PT,S PT,M PT,L PT,XL PT,          ,          ,          ,          ,          ,          ,          ,          ,          ,          ,7,7,6,3,1,0,0,0,0,0,0,0,0,0,0,24,19,456,,STANFORD,5/18/2026,,,19,456,0,24,NEW,XS PT / 7,S PT / 7,M PT / 6,L PT / 3,XL PT / 1,,,,,,,,,,
37,4/20/2026,5/18/2026,STENUE,1/1/1900,Open,PO,,,,,,,4/20/2026,5/18/2026,4/20/2026,ELEVATOR DISCO,                    ,18,ANTHROPOLOGIE,ANTHROPOLOGIE,6764702,0,SS26,26-Jun,DRESSES,Style,CD1032PL,BLACK WHITE,Open,1X,2X,3X,          ,          ,          ,          ,          ,          ,          ,          ,          ,          ,          ,          ,23,19,10,0,0,0,0,0,0,0,0,0,0,0,0,52,19,988,,STANFORD,5/18/2026,,,19,988,0,52,NEW,1X / 23,2X / 19,3X / 10,,,,,,,,,,,,
38,4/20/2026,5/18/2026,STENUE,1/1/1900,Open,PO,,,,,,,4/20/2026,5/18/2026,4/20/2026,ELEVATOR DISCO,                    ,18,ANTHROPOLOGIE,ANTHROPOLOGIE,6764702,0,SS26,26-Jun,DRESSES,Style,CD1032PT,BLACK WHITE,Open,XS PT,S PT,M PT,L PT,XL PT,          ,          ,          ,          ,          ,          ,          ,          ,          ,          ,20,24,18,12,4,0,0,0,0,0,0,0,0,0,0,78,19,1482,,STANFORD,5/18/2026,,,19,1482,0,78,NEW,XS PT / 20,S PT / 24,M PT / 18,L PT / 12,XL PT / 4,,,,,,,,,,
39,4/20/2026,5/18/2026,STENUE,1/1/1900,Open,PO,,,,,,,4/20/2026,5/18/2026,4/20/2026,ELEVATOR DISCO,                    ,19,ANTHROPOLOGIE,ANTHROPOLOGIE,6764718,0,SS26,26-May,DRESSES,Style,CD1009PT,CREAM,Open,XS PT,S PT,M PT,L PT,XL PT,          ,          ,          ,          ,          ,          ,          ,          ,          ,          ,15,18,15,8,4,0,0,0,0,0,0,0,0,0,0,60,21.5,1290,,STANFORD,5/18/2026,,,0,0,0,60,NEW,XS PT / 15,S PT / 18,M PT / 15,L PT / 8,XL PT / 4,,,,,,,,,,
40,4/20/2026,5/18/2026,STENUE,1/1/1900,Open,PO,,,,,,,4/20/2026,5/18/2026,4/20/2026,ELEVATOR DISCO,                    ,20,ANTHROPOLOGIE,ANTHROPOLOGIE,6764825,0,SS26,26-Jun,DRESSES,Style,CD1058PL,BROWN,Open,1X,2X,3X,          ,          ,          ,          ,          ,          ,          ,          ,          ,          ,          ,          ,5,4,3,0,0,0,0,0,0,0,0,0,0,0,0,12,16.5,198,,STANFORD,5/18/2026,,,16.5,198,0,12,NEW,1X / 5,2X / 4,3X / 3,,,,,,,,,,,,
41,4/20/2026,5/18/2026,STENUE,1/1/1900,Open,PO,,,,,,,4/20/2026,5/18/2026,4/20/2026,ELEVATOR DISCO,                    ,20,ANTHROPOLOGIE,ANTHROPOLOGIE,6764825,0,SS26,26-Jun,DRESSES,Style,CD1058PT,BROWN,Open,XS PT,S PT,M PT,L PT,XL PT,          ,          ,          ,          ,          ,          ,          ,          ,          ,          ,4,5,4,2,2,0,0,0,0,0,0,0,0,0,0,17,16.5,280.5,,STANFORD,5/18/2026,,,16.5,280.5,0,17,NEW,XS PT / 4,S PT / 5,M PT / 4,L PT / 2,XL PT / 2,,,,,,,,,,
42,4/20/2026,5/18/2026,STENUE,1/1/1900,Open,PO,,,,,,,4/20/2026,5/18/2026,4/20/2026,ELEVATOR DISCO,                    ,21,ANTHROPOLOGIE,ANTHROPOLOGIE,6764826,0,SS26,26-Jun,DRESSES,Style,CD1058PL,BROWN,Open,1X,2X,3X,          ,          ,          ,          ,          ,          ,          ,          ,          ,          ,          ,          ,8,7,3,0,0,0,0,0,0,0,0,0,0,0,0,18,16.5,297,,STANFORD,5/18/2026,,,16.5,297,0,18,NEW,1X / 8,2X / 7,3X / 3,,,,,,,,,,,,
43,4/20/2026,5/18/2026,STENUE,1/1/1900,Open,PO,,,,,,,4/20/2026,5/18/2026,4/20/2026,ELEVATOR DISCO,                    ,21,ANTHROPOLOGIE,ANTHROPOLOGIE,6764826,0,SS26,26-Jun,DRESSES,Style,CD1058PT,BROWN,Open,XS PT,S PT,M PT,L PT,XL PT,          ,          ,          ,          ,          ,          ,          ,          ,          ,          ,6,7,6,3,1,0,0,0,0,0,0,0,0,0,0,23,16.5,379.5,,STANFORD,5/18/2026,,,16.5,379.5,0,23,NEW,XS PT / 6,S PT / 7,M PT / 6,L PT / 3,XL PT / 1,,,,,,,,,,
44,4/20/2026,5/18/2026,STENUE,1/1/1900,Open,PO,,,,,,,4/20/2026,5/18/2026,4/20/2026,ELEVATOR DISCO,                    ,22,ANTHROPOLOGIE,ANTHROPOLOGIE,6764827,0,SS26,26-Jun,DRESSES,Style,CD1058PL,BROWN,Open,1X,2X,3X,          ,          ,          ,          ,          ,          ,          ,          ,          ,          ,          ,          ,13,11,6,0,0,0,0,0,0,0,0,0,0,0,0,30,16.5,495,,STANFORD,5/18/2026,,,16.5,495,0,30,NEW,1X / 13,2X / 11,3X / 6,,,,,,,,,,,,
45,4/20/2026,5/18/2026,STENUE,1/1/1900,Open,PO,,,,,,,4/20/2026,5/18/2026,4/20/2026,ELEVATOR DISCO,                    ,22,ANTHROPOLOGIE,ANTHROPOLOGIE,6764827,0,SS26,26-Jun,DRESSES,Style,CD1058PT,BROWN,Open,XS PT,S PT,M PT,L PT,XL PT,          ,          ,          ,          ,          ,          ,          ,          ,          ,          ,10,12,10,6,2,0,0,0,0,0,0,0,0,0,0,40,16.5,660,,STANFORD,5/18/2026,,,16.5,660,0,40,NEW,XS PT / 10,S PT / 12,M PT / 10,L PT / 6,XL PT / 2,,,,,,,,,,
46,4/20/2026,5/18/2026,STENUE,1/1/1900,Open,PO,,,,,,,4/20/2026,5/18/2026,4/20/2026,ELEVATOR DISCO,                    ,23,ANTHROPOLOGIE,ANTHROPOLOGIE,6764627,0,SS26,26-Jun,DRESSES,Style,CD1025,BLACK,Open,XS,S,M,L,XL,          ,          ,          ,          ,          ,          ,          ,          ,          ,          ,7,11,11,7,4,0,0,0,0,0,0,0,0,0,0,40,14.2,568,,STANFORD,5/18/2026,,,13.7,548,0,40,NEW,XS / 7,S / 11,M / 11,L / 7,XL / 4,,,,,,,,,,
47,4/20/2026,5/18/2026,STENUE,1/1/1900,Open,PO,,,,,,,4/20/2026,5/18/2026,4/20/2026,ELEVATOR DISCO,                    ,24,ANTHROPOLOGIE,ANTHROPOLOGIE,6764628,0,SS26,26-Jun,DRESSES,Style,CD1025,BLACK,Open,XS,S,M,L,XL,          ,          ,          ,          ,          ,          ,          ,          ,          ,          ,9,17,17,11,6,0,0,0,0,0,0,0,0,0,0,60,14.2,852,,STANFORD,5/18/2026,,,13.7,822,0,60,NEW,XS / 9,S / 17,M / 17,L / 11,XL / 6,,,,,,,,,,
48,4/20/2026,5/18/2026,STENUE,1/1/1900,Open,PO,,,,,,,4/20/2026,5/18/2026,4/20/2026,ELEVATOR DISCO,                    ,25,ANTHROPOLOGIE,ANTHROPOLOGIE,6764629,0,SS26,26-Jun,DRESSES,Style,CD1025,BLACK,Open,XS,S,M,L,XL,          ,          ,          ,          ,          ,          ,          ,          ,          ,          ,17,29,27,17,10,0,0,0,0,0,0,0,0,0,0,100,14.2,1420,,STANFORD,5/18/2026,,,13.7,1370,0,100,NEW,XS / 17,S / 29,M / 27,L / 17,XL / 10,,,,,,,,,,
49,4/20/2026,5/18/2026,STENUE,1/1/1900,Open,PO,,,,,,,4/20/2026,5/18/2026,4/20/2026,ELEVATOR DISCO,                    ,26,ANTHROPOLOGIE,ANTHROPOLOGIE,6764802,0,SS26,26-Jun,DRESSES,Style,CD1034PL,CREAM,Open,1X,2X,3X,          ,          ,          ,          ,          ,          ,          ,          ,          ,          ,          ,          ,7,5,4,0,0,0,0,0,0,0,0,0,0,0,0,16,0,0,,STANFORD,5/18/2026,,,0,0,0,16,NEW,1X / 7,2X / 5,3X / 4,,,,,,,,,,,,
50,4/20/2026,5/18/2026,STENUE,1/1/1900,Open,PO,,,,,,,4/20/2026,5/18/2026,4/20/2026,ELEVATOR DISCO,                    ,26,ANTHROPOLOGIE,ANTHROPOLOGIE,6764802,0,SS26,26-Jun,DRESSES,Style,CD1034PT,CREAM,Open,XS PT,S PT,M PT,L PT,XL PT,          ,          ,          ,          ,          ,          ,          ,          ,          ,          ,5,6,5,4,1,0,0,0,0,0,0,0,0,0,0,21,0,0,,STANFORD,5/18/2026,,,0,0,0,21,NEW,XS PT / 5,S PT / 6,M PT / 5,L PT / 4,XL PT / 1,,,,,,,,,,
51,4/20/2026,5/18/2026,STENUE,1/1/1900,Open,PO,,,,,,,4/20/2026,5/18/2026,4/20/2026,ELEVATOR DISCO,                    ,27,ANTHROPOLOGIE,ANTHROPOLOGIE,6764803,0,SS26,26-Jun,DRESSES,Style,CD1034PL,CREAM,Open,1X,2X,3X,          ,          ,          ,          ,          ,          ,          ,          ,          ,          ,          ,          ,22,18,8,0,0,0,0,0,0,0,0,0,0,0,0,48,0,0,,STANFORD,5/18/2026,,,0,0,0,48,NEW,1X / 22,2X / 18,3X / 8,,,,,,,,,,,,
52,4/20/2026,5/18/2026,STENUE,1/1/1900,Open,PO,,,,,,,4/20/2026,5/18/2026,4/20/2026,ELEVATOR DISCO,                    ,27,ANTHROPOLOGIE,ANTHROPOLOGIE,6764803,0,SS26,26-Jun,DRESSES,Style,CD1034PT,CREAM,Open,XS PT,S PT,M PT,L PT,XL PT,          ,          ,          ,          ,          ,          ,          ,          ,          ,          ,8,9,7,4,1,0,0,0,0,0,0,0,0,0,0,29,0,0,,STANFORD,5/18/2026,,,0,0,0,29,NEW,XS PT / 8,S PT / 9,M PT / 7,L PT / 4,XL PT / 1,,,,,,,,,,
53,4/20/2026,5/18/2026,STENUE,1/1/1900,Open,PO,,,,,,,4/20/2026,5/18/2026,4/20/2026,ELEVATOR DISCO,                    ,29,ANTHROPOLOGIE,ANTHROPOLOGIE,6764804,0,SS26,26-Jun,DRESSES,Style,CD1034PL,CREAM,Open,1X,2X,3X,          ,          ,          ,          ,          ,          ,          ,          ,          ,          ,          ,          ,17,15,8,0,0,0,0,0,0,0,0,0,0,0,0,40,0,0,,STANFORD,5/18/2026,,,0,0,0,40,NEW,1X / 17,2X / 15,3X / 8,,,,,,,,,,,,
54,4/20/2026,5/18/2026,STENUE,1/1/1900,Open,PO,,,,,,,4/20/2026,5/18/2026,4/20/2026,ELEVATOR DISCO,                    ,29,ANTHROPOLOGIE,ANTHROPOLOGIE,6764804,0,SS26,26-Jun,DRESSES,Style,CD1034PT,CREAM,Open,XS PT,S PT,M PT,L PT,XL PT,          ,          ,          ,          ,          ,          ,          ,          ,          ,          ,13,15,11,7,4,0,0,0,0,0,0,0,0,0,0,50,0,0,,STANFORD,5/18/2026,,,0,0,0,50,NEW,XS PT / 13,S PT / 15,M PT / 11,L PT / 7,XL PT / 4,,,,,,,,,,
55,4/20/2026,5/18/2026,STENUE,1/1/1900,Open,PO,,,,,,,4/20/2026,5/18/2026,4/20/2026,ELEVATOR DISCO,                    ,30,ANTHROPOLOGIE,ANTHROPOLOGIE,6764808,0,SS26,26-Jun,DRESSES,Style,CD1048PL,YELLOW PINK,Open,1X,2X,3X,          ,          ,          ,          ,          ,          ,          ,          ,          ,          ,          ,          ,3,3,2,0,0,0,0,0,0,0,0,0,0,0,0,8,13.8,110.4,,STANFORD,5/18/2026,,,13.8,110.4,0,8,NEW,1X / 3,2X / 3,3X / 2,,,,,,,,,,,,
56,4/20/2026,5/18/2026,STENUE,1/1/1900,Open,PO,,,,,,,4/20/2026,5/18/2026,4/20/2026,ELEVATOR DISCO,                    ,30,ANTHROPOLOGIE,ANTHROPOLOGIE,6764808,0,SS26,26-Jun,DRESSES,Style,CD1048PT,YELLOW PINK,Open,XS PT,S PT,M PT,L PT,XL PT,          ,          ,          ,          ,          ,          ,          ,          ,          ,          ,2,2,2,2,1,0,0,0,0,0,0,0,0,0,0,9,13.8,124.2,,STANFORD,5/18/2026,,,13.8,124.2,0,9,NEW,XS PT / 2,S PT / 2,M PT / 2,L PT / 2,XL PT / 1,,,,,,,,,,
57,4/20/2026,5/18/2026,STENUE,1/1/1900,Open,PO,,,,,,,4/20/2026,5/18/2026,4/20/2026,ELEVATOR DISCO,                    ,31,ANTHROPOLOGIE,ANTHROPOLOGIE,6764809,0,SS26,26-Jun,DRESSES,Style,CD1048PL,YELLOW PINK,Open,1X,2X,3X,          ,          ,          ,          ,          ,          ,          ,          ,          ,          ,          ,          ,6,5,2,0,0,0,0,0,0,0,0,0,0,0,0,13,13.8,179.4,,STANFORD,5/18/2026,,,13.8,179.4,0,13,NEW,1X / 6,2X / 5,3X / 2,,,,,,,,,,,,
58,4/20/2026,5/18/2026,STENUE,1/1/1900,Open,PO,,,,,,,4/20/2026,5/18/2026,4/20/2026,ELEVATOR DISCO,                    ,31,ANTHROPOLOGIE,ANTHROPOLOGIE,6764809,0,SS26,26-Jun,DRESSES,Style,CD1048PT,YELLOW PINK,Open,XS PT,S PT,M PT,L PT,XL PT,          ,          ,          ,          ,          ,          ,          ,          ,          ,          ,3,4,4,1,0,0,0,0,0,0,0,0,0,0,0,12,13.8,165.6,,STANFORD,5/18/2026,,,13.8,165.6,0,12,NEW,XS PT / 3,S PT / 4,M PT / 4,L PT / 1,XL PT / 0,,,,,,,,,,
59,4/20/2026,5/18/2026,STENUE,1/1/1900,Open,PO,,,,,,,4/20/2026,5/18/2026,4/20/2026,ELEVATOR DISCO,                    ,32,ANTHROPOLOGIE,ANTHROPOLOGIE,6764810,0,SS26,26-Jun,DRESSES,Style,CD1048PL,YELLOW PINK,Open,1X,2X,3X,          ,          ,          ,          ,          ,          ,          ,          ,          ,          ,          ,          ,17,14,8,0,0,0,0,0,0,0,0,0,0,0,0,39,13.8,538.2,,STANFORD,5/18/2026,,,13.8,538.2,0,39,NEW,1X / 17,2X / 14,3X / 8,,,,,,,,,,,,
60,4/20/2026,5/18/2026,STENUE,1/1/1900,Open,PO,,,,,,,4/20/2026,5/18/2026,4/20/2026,ELEVATOR DISCO,                    ,32,ANTHROPOLOGIE,ANTHROPOLOGIE,6764810,0,SS26,26-Jun,DRESSES,Style,CD1048PT,YELLOW PINK,Open,XS PT,S PT,M PT,L PT,XL PT,          ,          ,          ,          ,          ,          ,          ,          ,          ,          ,10,12,9,5,3,0,0,0,0,0,0,0,0,0,0,39,13.8,538.2,,STANFORD,5/18/2026,,,13.8,538.2,0,39,NEW,XS PT / 10,S PT / 12,M PT / 9,L PT / 5,XL PT / 3,,,,,,,,,,
61,4/20/2026,5/18/2026,STENUE,5/15/2026,Closed,PO,P1289,,,,,,4/20/2026,5/18/2026,4/20/2026,ELEVATOR DISCO,                    ,33,URBAN OUTFITTERS,URBAN OUTFITTERS,6777815,0,SS26,26-May,DRESSES,Style,CD1060,PINK,Closed,XS,S,M,L,XL,          ,          ,          ,          ,          ,          ,          ,          ,          ,          ,5,7,6,4,3,0,0,0,0,0,0,0,0,0,0,25,18.5,462.5,,STANFORD,5/18/2026,,,18.5,462.5,25,0,NEW,XS / 5,S / 7,M / 6,L / 4,XL / 3,,,,,,,,,,
62,4/20/2026,5/18/2026,STENUE,5/27/2026,Closed,PO,P1302,,,,,,4/20/2026,5/18/2026,4/20/2026,ELEVATOR DISCO,                    ,34,URBAN OUTFITTERS,URBAN OUTFITTERS,6777816,0,SS26,26-May,DRESSES,Style,CD1023,BLUE MULTI,Closed,XS,S,M,L,XL,          ,          ,          ,          ,          ,          ,          ,          ,          ,          ,7,11,8,5,4,0,0,0,0,0,0,0,0,0,0,35,12.1,423.5,,STANFORD,5/18/2026,,,12.1,423.5,40,-5,NEW,XS / 7,S / 11,M / 8,L / 5,XL / 4,,,,,,,,,,
63,4/20/2026,,STENUE,1/1/1900,Open,PO,,,,,,,5/21/2026,5/26/2026,,ELEVATOR DISCO,                    ,35,URBAN OUTFITTERS,URBAN OUTFITTERS,6777817,0,SS26,26-May,DRESSES,Style,CD1055,WHITE,Open,XS,S,M,L,XL,          ,          ,          ,          ,          ,          ,          ,          ,          ,          ,6,8,7,4,3,0,0,0,0,0,0,0,0,0,0,28,27,756,,STANFORD,5/18/2026,,,27,756,0,28,NEW,XS / 6,S / 8,M / 7,L / 4,XL / 3,,,,,,,,,,
64,4/20/2026,5/18/2026,STENUE,5/27/2026,Closed,PO,P1291,,,,,,4/20/2026,5/18/2026,4/20/2026,ELEVATOR DISCO,                    ,36,URBAN OUTFITTERS,URBAN OUTFITTERS,6777889,0,SS26,26-May,DRESSES,Style,CD1028,WHITE,Closed,XS,S,M,L,XL,          ,          ,          ,          ,          ,          ,          ,          ,          ,          ,7,11,8,5,4,0,0,0,0,0,0,0,0,0,0,35,14.5,507.5,,STANFORD,5/18/2026,,,14.5,507.5,34,1,NEW,XS / 7,S / 11,M / 8,L / 5,XL / 4,,,,,,,,,,
65,4/20/2026,5/18/2026,STENUE,5/28/2026,Closed,PO,,,,,,,4/20/2026,5/18/2026,4/20/2026,ELEVATOR DISCO,                    ,37,URBAN OUTFITTERS,URBAN OUTFITTERS,6777890,0,SS26,26-May,SWEATERS,Style,CD1056,PINK,Closed,XS,S,M,L,XL,          ,          ,          ,          ,          ,          ,          ,          ,          ,          ,6,10,7,4,3,0,0,0,0,0,0,0,0,0,0,30,13.5,405,,STANFORD,5/18/2026,,,13.5,405,30,0,NEW,XS / 6,S / 10,M / 7,L / 4,XL / 3,,,,,,,,,,
66,4/20/2026,5/18/2026,STENUE,1/1/1900,Open,PO,,,,,,,4/20/2026,5/18/2026,4/20/2026,ELEVATOR DISCO,                    ,38,URBAN OUTFITTERS,URBAN OUTFITTERS,6777891,0,SS26,26-May,DRESSES,Style,CD1042,PINK,Open,XS,S,M,L,XL,          ,          ,          ,          ,          ,          ,          ,          ,          ,          ,8,12,9,5,4,0,0,0,0,0,0,0,0,0,0,38,15.2,577.6,,STANFORD,5/18/2026,,,15.2,577.6,0,38,.COM,XS / 8,S / 12,M / 9,L / 5,XL / 4,,,,,,,,,,
67,4/20/2026,5/18/2026,STENUE,5/15/2026,Closed,PO,P1290,,,,,,4/20/2026,5/18/2026,4/20/2026,ELEVATOR DISCO,                    ,39,URBAN OUTFITTERS,URBAN OUTFITTERS,6777940,0,SS26,26-May,DRESSES,Style,CD1013,LIGHT BLUE,Closed,XS,S,M,L,XL,          ,          ,          ,          ,          ,          ,          ,          ,          ,          ,7,11,8,5,4,0,0,0,0,0,0,0,0,0,0,35,18.9,661.5,,STANFORD,5/18/2026,,,18.9,661.5,37,-2,NEW,XS / 7,S / 11,M / 8,L / 5,XL / 4,,,,,,,,,,
68,4/20/2026,5/18/2026,STENUE,5/15/2026,Closed,PO,P1297,,,,,,4/20/2026,5/18/2026,4/20/2026,ELEVATOR DISCO,                    ,40,URBAN OUTFITTERS,URBAN OUTFITTERS,6777941,0,SS26,26-May,DRESSES,Style,EDX2815V,PINK,Closed,XS,S,M,L,XL,          ,          ,          ,          ,          ,          ,          ,          ,          ,          ,8,12,9,5,4,0,0,0,0,0,0,0,0,0,0,38,13.8,524.4,,STANFORD,5/18/2026,,,13.8,524.4,37,1,NEW,XS / 8,S / 12,M / 9,L / 5,XL / 4,,,,,,,,,,
69,4/20/2026,5/18/2026,STENUE,5/20/2026,Closed,PO,P1298,,,,,,4/20/2026,5/18/2026,4/20/2026,ELEVATOR DISCO,                    ,41,URBAN OUTFITTERS,URBAN OUTFITTERS,6777942,0,SS26,26-May,DRESSES,Style,CD1061,WHITE,Closed,XS,S,M,L,XL,          ,          ,          ,          ,          ,          ,          ,          ,          ,          ,5,7,6,4,3,0,0,0,0,0,0,0,0,0,0,25,22,550,,STANFORD,5/18/2026,,,22,550,25,0,NEW,XS / 5,S / 7,M / 6,L / 4,XL / 3,,,,,,,,,,
70,4/20/2026,5/18/2026,STENUE,5/27/2026,Closed,PO,,,,,,,4/20/2026,5/18/2026,4/20/2026,ELEVATOR DISCO,                    ,42,URBAN OUTFITTERS,URBAN OUTFITTERS,6777971,0,SS26,26-May,SKIRTS,Style,CS1002,PINK,Closed,XS,S,M,L,XL,          ,          ,          ,          ,          ,          ,          ,          ,          ,          ,8,13,11,6,2,0,0,0,0,0,0,0,0,0,0,40,14.8,592,,STANFORD,5/18/2026,,,14.8,592,35,5,NEW,XS / 8,S / 13,M / 11,L / 6,XL / 2,,,,,,,,,,
71,4/20/2026,5/18/2026,STENUE,1/1/1900,Open,PO,P1306,,,,,,4/20/2026,5/18/2026,4/20/2026,ELEVATOR DISCO,                    ,43,URBAN OUTFITTERS,URBAN OUTFITTERS,6777972,0,SS26,26-May,TOPS,Style,CT1002,WHITE,Open,XS,S,M,L,XL,          ,          ,          ,          ,          ,          ,          ,          ,          ,          ,9,15,11,6,4,0,0,0,0,0,0,0,0,0,0,45,8.3,373.5,,STANFORD,5/18/2026,,,8.3,373.5,0,45,NEW,XS / 9,S / 15,M / 11,L / 6,XL / 4,,,,,,,,,,
72,4/20/2026,5/18/2026,STENUE,5/27/2026,Closed,PO,P1307,,,,,,4/20/2026,5/18/2026,4/20/2026,ELEVATOR DISCO,                    ,44,URBAN OUTFITTERS,URBAN OUTFITTERS,6777973,0,SS26,26-May,SHORTS,Style,FRP3047,WHITE BLACK,Closed,XS,S,M,L,XL,          ,          ,          ,          ,          ,          ,          ,          ,          ,          ,7,14,14,6,4,0,0,0,0,0,0,0,0,0,0,45,10.75,483.75,,STANFORD,5/18/2026,,,10.75,483.75,45,0,NEW,XS / 7,S / 14,M / 14,L / 6,XL / 4,,,,,,,,,,
73,4/20/2026,5/18/2026,STENUE,1/1/1900,Open,PO,,,,,,,4/20/2026,5/18/2026,4/20/2026,ELEVATOR DISCO,                    ,45,URBAN OUTFITTERS,URBAN OUTFITTERS,6778022,0,SS26,26-Jun,DRESSES,Style,CD1024,BLACK,Open,XS,S,M,L,XL,          ,          ,          ,          ,          ,          ,          ,          ,          ,          ,4,6,5,3,2,0,0,0,0,0,0,0,0,0,0,20,15.6,312,,STANFORD,5/18/2026,,,15.6,312,0,20,NEW,XS / 4,S / 6,M / 5,L / 3,XL / 2,,,,,,,,,,
74,4/20/2026,5/18/2026,STENUE,1/1/1900,Open,PO,,,,,,,4/20/2026,5/18/2026,4/20/2026,ELEVATOR DISCO,                    ,46,URBAN OUTFITTERS,URBAN OUTFITTERS,6778023,0,SS26,26-Jun,DRESSES,Style,CD1034,CREAM,Open,XS,S,M,L,XL,          ,          ,          ,          ,          ,          ,          ,          ,          ,          ,7,11,8,5,4,0,0,0,0,0,0,0,0,0,0,35,0,0,,STANFORD,5/18/2026,,,0,0,0,35,NEW,XS / 7,S / 11,M / 8,L / 5,XL / 4,,,,,,,,,,
75,4/20/2026,5/18/2026,STENUE,1/1/1900,Open,PO,,,,,,,4/20/2026,5/18/2026,4/20/2026,ELEVATOR DISCO,                    ,47,URBAN OUTFITTERS,URBAN OUTFITTERS,6778024,0,SS26,26-Jun,DRESSES,Style,FRD1787,WHITE,Open,XS,S,M,L,XL,          ,          ,          ,          ,          ,          ,          ,          ,          ,          ,7,11,8,5,4,0,0,0,0,0,0,0,0,0,0,35,0,0,,STANFORD,5/18/2026,,,0,0,0,35,NEW,XS / 7,S / 11,M / 8,L / 5,XL / 4,,,,,,,,,,
76,4/20/2026,5/18/2026,STENUE,5/15/2026,Closed,PO,,,,,,,4/20/2026,5/18/2026,4/20/2026,ELEVATOR DISCO,                    ,48,URBAN OUTFITTERS,URBAN OUTFITTERS,6778048,0,SS26,26-Jun,TOPS,Style,CT1015,PINK CREAM,Closed,XS,S,M,L,XL,          ,          ,          ,          ,          ,          ,          ,          ,          ,          ,8,14,10,5,3,0,0,0,0,0,0,0,0,0,0,40,12.3,492,,STANFORD,5/18/2026,,,12.3,492,39,1,NEW,XS / 8,S / 14,M / 10,L / 5,XL / 3,,,,,,,,,,
77,4/20/2026,5/18/2026,STENUE,1/1/1900,Open,PO,P1301,,,,,,4/20/2026,5/18/2026,4/20/2026,ELEVATOR DISCO,                    ,49,URBAN OUTFITTERS,URBAN OUTFITTERS,6778049,0,SS26,26-Jun,SHORTS,Style,CP1010,PINK CREAM,Open,XS,S,M,L,XL,          ,          ,          ,          ,          ,          ,          ,          ,          ,          ,6,13,12,6,3,0,0,0,0,0,0,0,0,0,0,40,11,440,,STANFORD,5/18/2026,,,11,440,0,40,NEW,XS / 6,S / 13,M / 12,L / 6,XL / 3,,,,,,,,,,
78,4/20/2026,5/18/2026,STENUE,1/1/1900,Open,PO,,,,,,,4/20/2026,5/18/2026,4/20/2026,ELEVATOR DISCO,                    ,50,URBAN OUTFITTERS,URBAN OUTFITTERS,6778050,0,SS26,26-Jun,DRESSES,Style,CD1041A,BLACK WHITE,Open,XS,S,M,L,XL,          ,          ,          ,          ,          ,          ,          ,          ,          ,          ,5,7,5,3,2,0,0,0,0,0,0,0,0,0,0,22,20,440,,STANFORD,5/18/2026,,,20,440,0,22,NEW,XS / 5,S / 7,M / 5,L / 3,XL / 2,,,,,,,,,,
79,4/20/2026,5/18/2026,STENUE,1/1/1900,Open,PO,,,,,,,6/2/2026,6/30/2026,4/20/2026,ELEVATOR DISCO,                    ,51,URBAN OUTFITTERS,URBAN OUTFITTERS,6778100,0,SS26,26-Jun,TOPS,Style,FRT2291,WHITE,Open,XS,S,M,L,XL,          ,          ,          ,          ,          ,          ,          ,          ,          ,          ,8,14,10,5,3,0,0,0,0,0,0,0,0,0,0,40,13.95,558,,STANFORD,5/18/2026,,,13.95,558,0,40,NEW,XS / 8,S / 14,M / 10,L / 5,XL / 3,,,,,,,,,,
80,4/20/2026,5/18/2026,STENUE,1/1/1900,Open,PO,,,,,,,4/20/2026,5/18/2026,4/20/2026,ELEVATOR DISCO,                    ,52,URBAN OUTFITTERS,URBAN OUTFITTERS,6778101,0,SS26,26-Jun,SHORTS,Style,CP1004,WHITE,Open,XS,S,M,L,XL,          ,          ,          ,          ,          ,          ,          ,          ,          ,          ,6,13,12,6,3,0,0,0,0,0,0,0,0,0,0,40,8.95,358,,STANFORD,5/18/2026,,,8.95,358,0,40,NEW,XS / 6,S / 13,M / 12,L / 6,XL / 3,,,,,,,,,,
81,4/20/2026,5/18/2026,STENUE,1/1/1900,Open,PO,,,,,,,4/20/2026,5/18/2026,4/20/2026,ELEVATOR DISCO,                    ,53,URBAN OUTFITTERS,URBAN OUTFITTERS,6778102,0,SS26,26-Jun,DRESSES,Style,CD1040,FUCHSIA,Open,XS,S,M,L,XL,          ,          ,          ,          ,          ,          ,          ,          ,          ,          ,6,10,7,4,3,0,0,0,0,0,0,0,0,0,0,30,0,0,,STANFORD,5/18/2026,,,0,0,0,30,NEW,XS / 6,S / 10,M / 7,L / 4,XL / 3,,,,,,,,,,
82,4/20/2026,,STENUE,1/1/1900,Open,PO,,,,,,,6/2/2026,6/23/2026,,ELEVATOR DISCO,MATSON,54,URBAN OUTFITTERS,URBAN OUTFITTERS,6778149,0,SS26,26-Jun,TOPS,Style,SET8341A,BROWN,Open,XS,S,M,L,XL,          ,          ,          ,          ,          ,          ,          ,          ,          ,          ,7,14,9,5,3,0,0,0,0,0,0,0,0,0,0,38,14,532,,STANFORD,5/18/2026,,,0,0,0,38,NEW,XS / 7,S / 14,M / 9,L / 5,XL / 3,,,,,,,,,,
83,4/20/2026,,STENUE,1/1/1900,Open,PO,,,,,,,6/2/2026,6/23/2026,,ELEVATOR DISCO,MATSON,55,URBAN OUTFITTERS,URBAN OUTFITTERS,6778150,0,SS26,26-Jun,PANTS,Style,SET8341B,BROWN,Open,XS,S,M,L,XL,          ,          ,          ,          ,          ,          ,          ,          ,          ,          ,6,11,11,6,4,0,0,0,0,0,0,0,0,0,0,38,13.8,524.4,,STANFORD,5/18/2026,,,0,0,0,38,NEW,XS / 6,S / 11,M / 11,L / 6,XL / 4,,,,,,,,,,
84,4/20/2026,5/18/2026,STENUE,1/1/1900,Open,PO,,,,,,,4/20/2026,5/18/2026,4/20/2026,ELEVATOR DISCO,MATSON,56,URBAN OUTFITTERS,URBAN OUTFITTERS,6778151,0,SS26,26-Jun,TOPS,Style,FRT2184B12,SAGE GREEN,Open,XS,S,M,L,XL,          ,          ,          ,          ,          ,          ,          ,          ,          ,          ,6,11,8,4,3,0,0,0,0,0,0,0,0,0,0,32,13,416,,STANFORD,5/18/2026,,,0,0,0,32,NEW,XS / 6,S / 11,M / 8,L / 4,XL / 3,,,,,,,,,,
86,4/20/2026,5/18/2026,STENUE,4/23/2026,Closed,PO,,,,,,,4/20/2026,5/18/2026,4/20/2026,ELEVATOR DISCO,                    ,58,NUULY,NUULY,6786271,0,SS26,26-Jun,DRESSES,Style,CD1050,PINK MULTI,Closed,XS,S,M,L,XL,          ,          ,          ,          ,          ,          ,          ,          ,          ,          ,12,27,24,12,4,0,0,0,0,0,0,0,0,0,0,79,14.5,1145.5,,STANFORD,5/18/2026,,,14.5,1145.5,81,-2,NEW,XS / 12,S / 27,M / 24,L / 12,XL / 4,,,,,,,,,,
87,4/20/2026,5/18/2026,STENUE,4/23/2026,Closed,PO,,,,,,,4/20/2026,5/18/2026,4/20/2026,ELEVATOR DISCO,                    ,59,NUULY,NUULY,6786272,0,SS26,26-Jun,DRESSES,Style,CD1050,PINK MULTI,Closed,XS,S,M,L,XL,          ,          ,          ,          ,          ,          ,          ,          ,          ,          ,19,40,36,19,5,0,0,0,0,0,0,0,0,0,0,119,14.5,1725.5,,STANFORD,5/18/2026,,,14.5,1725.5,120,-1,NEW,XS / 19,S / 40,M / 36,L / 19,XL / 5,,,,,,,,,,
88,4/20/2026,5/18/2026,STENUE,4/29/2026,Closed,PO,,,,,,,4/20/2026,5/18/2026,4/20/2026,ELEVATOR DISCO,                    ,62,NUULY,NUULY,6786283,0,SS26,26-May,DRESSES,Style,CD1004,PINK,Closed,XS,S,M,L,XL,          ,          ,          ,          ,          ,          ,          ,          ,          ,          ,29,59,54,28,8,0,0,0,0,0,0,0,0,0,0,178,20.1,3577.8,,STANFORD,5/18/2026,,,20.1,3577.8,174,4,NEW,XS / 29,S / 59,M / 54,L / 28,XL / 8,,,,,,,,,,
89,4/20/2026,5/18/2026,STENUE,4/23/2026,Closed,PO,,,,,,,4/20/2026,5/18/2026,4/20/2026,ELEVATOR DISCO,                    ,64,NUULY,NUULY,6786291,0,SS26,26-May,DRESSES,Style,CD1060,PINK,Closed,XS,S,M,L,XL,          ,          ,          ,          ,          ,          ,          ,          ,          ,          ,12,27,24,12,4,0,0,0,0,0,0,0,0,0,0,79,18.5,1461.5,,STANFORD,5/18/2026,,,18.5,1461.5,79,0,NEW,XS / 12,S / 27,M / 24,L / 12,XL / 4,,,,,,,,,,
90,4/20/2026,5/18/2026,STENUE,5/1/2026,Closed,PO,,,,,,,4/20/2026,5/18/2026,4/20/2026,ELEVATOR DISCO,                    ,65,NUULY,NUULY,6786292,0,SS26,26-May,DRESSES,Style,CD1060,PINK,Closed,XS,S,M,L,XL,          ,          ,          ,          ,          ,          ,          ,          ,          ,          ,19,40,36,19,5,0,0,0,0,0,0,0,0,0,0,119,18.5,2201.5,,STANFORD,5/18/2026,,,18.5,2201.5,109,10,NEW,XS / 19,S / 40,M / 36,L / 19,XL / 5,,,,,,,,,,
91,4/20/2026,5/18/2026,STENUE,4/21/2026,Closed,PO,,,,,,,4/20/2026,5/18/2026,4/20/2026,ELEVATOR DISCO,                    ,66,NUULY,NUULY,6786293,0,SS26,26-May,DRESSES,Style,CD1060,PINK,Closed,XS,S,M,L,XL,          ,          ,          ,          ,          ,          ,          ,          ,          ,          ,1,1,0,0,0,0,0,0,0,0,0,0,0,0,0,2,18.5,37,,STANFORD,5/18/2026,,,18.5,37,2,0,NEW,XS / 1,S / 1,M / 0,L / 0,XL / 0,,,,,,,,,,
92,4/20/2026,5/18/2026,STENUE,4/21/2026,Closed,PO,,,,,,,4/20/2026,5/18/2026,4/20/2026,ELEVATOR DISCO,                    ,69,NUULY,NUULY,6786309,0,SS26,26-Jun,DRESSES,Style,CD1051,BROWN,Closed,XS,S,M,L,XL,          ,          ,          ,          ,          ,          ,          ,          ,          ,          ,1,1,0,0,0,0,0,0,0,0,0,0,0,0,0,2,17.9,35.8,,STANFORD,5/18/2026,,,17.9,35.8,2,0,NEW,XS / 1,S / 1,M / 0,L / 0,XL / 0,,,,,,,,,,
93,4/20/2026,5/18/2026,STENUE,5/4/2026,Closed,PO,,,,,,,4/20/2026,5/18/2026,4/20/2026,ELEVATOR DISCO,                    ,72,NUULY,NUULY,6786334,0,SS26,26-Jun,DRESSES,Style,CD1059,BROWN,Closed,XS,S,M,L,XL,          ,          ,          ,          ,          ,          ,          ,          ,          ,          ,1,1,0,0,0,0,0,0,0,0,0,0,0,0,0,2,12,24,,STANFORD,5/18/2026,,,12,24,2,0,NEW,XS / 1,S / 1,M / 0,L / 0,XL / 0,,,,,,,,,,
94,4/20/2026,5/18/2026,STENUE,4/23/2026,Closed,PO,,,,,,,4/20/2026,5/18/2026,4/20/2026,ELEVATOR DISCO,                    ,73,NUULY,NUULY,6786347,0,SS26,26-May,DRESSES,Style,CD1013,LIGHT BLUE,Closed,XS,S,M,L,XL,          ,          ,          ,          ,          ,          ,          ,          ,          ,          ,12,27,24,12,4,0,0,0,0,0,0,0,0,0,0,79,18.9,1493.1,,STANFORD,5/18/2026,,,18.9,1493.1,79,0,NEW,XS / 12,S / 27,M / 24,L / 12,XL / 4,,,,,,,,,,
95,4/20/2026,5/18/2026,STENUE,4/23/2026,Closed,PO,,,,,,,4/20/2026,5/18/2026,4/20/2026,ELEVATOR DISCO,                    ,74,NUULY,NUULY,6786348,0,SS26,26-May,DRESSES,Style,CD1013,LIGHT BLUE,Closed,XS,S,M,L,XL,          ,          ,          ,          ,          ,          ,          ,          ,          ,          ,19,40,36,19,5,0,0,0,0,0,0,0,0,0,0,119,18.9,2249.1,,STANFORD,5/18/2026,,,18.9,2249.1,116,3,NEW,XS / 19,S / 40,M / 36,L / 19,XL / 5,,,,,,,,,,
96,4/20/2026,5/18/2026,STENUE,4/21/2026,Closed,PO,,,,,,,4/20/2026,5/18/2026,4/20/2026,ELEVATOR DISCO,                    ,75,NUULY,NUULY,6786349,0,SS26,26-May,DRESSES,Style,CD1013,LIGHT BLUE,Closed,XS,S,M,L,XL,          ,          ,          ,          ,          ,          ,          ,          ,          ,          ,1,1,0,0,0,0,0,0,0,0,0,0,0,0,0,2,18.9,37.8,,STANFORD,5/18/2026,,,18.9,37.8,2,0,NEW,XS / 1,S / 1,M / 0,L / 0,XL / 0,,,,,,,,,,
97,4/20/2026,5/18/2026,STENUE,4/27/2026,Closed,PO,,,,,,,4/20/2026,5/18/2026,4/20/2026,ELEVATOR DISCO,                    ,77,NUULY,NUULY,6786360,0,SS26,26-May,DRESSES,Style,CD1028,WHITE,Closed,XS,S,M,L,XL,          ,          ,          ,          ,          ,          ,          ,          ,          ,          ,19,40,36,19,5,0,0,0,0,0,0,0,0,0,0,119,14.5,1725.5,,STANFORD,5/18/2026,,,14.5,1725.5,118,1,NEW,XS / 19,S / 40,M / 36,L / 19,XL / 5,,,,,,,,,,
98,4/20/2026,5/18/2026,STENUE,4/27/2026,Closed,PO,,,,,,,4/20/2026,5/18/2026,4/20/2026,ELEVATOR DISCO,                    ,80,NUULY,NUULY,6786374,0,SS26,26-May,DRESSES,Style,CD1032,BLACK WHITE,Closed,XS,S,M,L,XL,          ,          ,          ,          ,          ,          ,          ,          ,          ,          ,20,43,38,20,6,0,0,0,0,0,0,0,0,0,0,127,19,2413,,STANFORD,5/18/2026,,,19,2413,119,8,NEW,XS / 20,S / 43,M / 38,L / 20,XL / 6,,,,,,,,,,
99,4/20/2026,5/18/2026,STENUE,4/27/2026,Closed,PO,,,,,,,4/20/2026,5/18/2026,4/20/2026,ELEVATOR DISCO,                    ,0,                    ,                                                  ,                    ,0,SS26,26-Jun,DRESSES,Style,CD1031A,BLACK WHITE,Closed,XS,S,M,L,XL,          ,          ,          ,          ,          ,          ,          ,          ,          ,          ,19,40,36,19,6,0,0,0,0,0,0,0,0,0,0,120,13,1560,,STANFORD,5/18/2026,,,13,1560,130,-10,                    ,XS / 19,S / 40,M / 36,L / 19,XL / 6,,,,,,,,,,
100,4/20/2026,5/18/2026,STENUE,4/21/2026,Closed,PO,,,,,,,4/20/2026,5/18/2026,4/20/2026,ELEVATOR DISCO,                    ,78,NUULY,NUULY,6786367,0,SS26,26-May,DRESSES,Style,CD1028,WHITE,Closed,XS,S,M,L,XL,          ,          ,          ,          ,          ,          ,          ,          ,          ,          ,1,1,0,0,0,0,0,0,0,0,0,0,0,0,0,2,14.5,29,,STANFORD,5/18/2026,,,14.5,29,2,0,NEW,XS / 1,S / 1,M / 0,L / 0,XL / 0,,,,,,,,,,
101,4/20/2026,5/18/2026,STENUE,4/21/2026,Closed,PO,,,,,,,4/20/2026,5/18/2026,4/20/2026,ELEVATOR DISCO,                    ,81,NUULY,NUULY,6786375,0,SS26,26-May,DRESSES,Style,CD1032,BLACK WHITE,Closed,XS,S,M,L,XL,          ,          ,          ,          ,          ,          ,          ,          ,          ,          ,1,1,0,0,0,0,0,0,0,0,0,0,0,0,0,2,19,38,,STANFORD,5/18/2026,,,19,38,2,0,NEW,XS / 1,S / 1,M / 0,L / 0,XL / 0,,,,,,,,,,
102,4/20/2026,5/18/2026,STENUE,4/21/2026,Closed,PO,,,,,,,4/20/2026,5/18/2026,4/20/2026,ELEVATOR DISCO,                    ,60,NUULY,NUULY,6786274,0,SS26,26-Jun,DRESSES,Style,CD1050,PINK MULTI,Closed,XS,S,M,L,XL,          ,          ,          ,          ,          ,          ,          ,          ,          ,          ,1,1,0,0,0,0,0,0,0,0,0,0,0,0,0,2,14.5,29,,STANFORD,5/18/2026,,,14.5,29,2,0,NEW,XS / 1,S / 1,M / 0,L / 0,XL / 0,,,,,,,,,,
103,4/21/2026,5/19/2026,STENUE,4/27/2026,Closed,PO,,,,,,,4/21/2026,5/19/2026,4/21/2026,ELEVATOR DISCO,                    ,83,NUULY,NUULY,6786410,0,SS26,26-Jun,DRESSES,Style,CD1031A,BLACK WHITE,Closed,XS,S,M,L,XL,          ,          ,          ,          ,          ,          ,          ,          ,          ,          ,29,59,54,28,8,0,0,0,0,0,0,0,0,0,0,178,13,2314,,STANFORD,5/19/2026,,,13,2314,186,-8,NEW,XS / 29,S / 59,M / 54,L / 28,XL / 8,,,,,,,,,,
104,4/21/2026,5/19/2026,STENUE,4/21/2026,Closed,PO,,,,,,,4/21/2026,5/19/2026,4/21/2026,ELEVATOR DISCO,                    ,84,NUULY,NUULY,6786424,0,SS26,26-Jun,DRESSES,Style,CD1031A,BLACK WHITE,Closed,XS,S,M,L,XL,          ,          ,          ,          ,          ,          ,          ,          ,          ,          ,1,1,0,0,0,0,0,0,0,0,0,0,0,0,0,2,13,26,,STANFORD,5/19/2026,,,13,26,2,0,NEW,XS / 1,S / 1,M / 0,L / 0,XL / 0,,,,,,,,,,
105,4/21/2026,5/19/2026,STENUE,4/24/2026,Closed,PO,,,,,,,4/21/2026,5/19/2026,4/21/2026,ELEVATOR DISCO,                    ,85,NUULY,NUULY,6786444,0,SS26,26-Jun,DRESSES,Style,CD1043,BLACK,Closed,XS,S,M,L,XL,          ,          ,          ,          ,          ,          ,          ,          ,          ,          ,16,33,30,16,4,0,0,0,0,0,0,0,0,0,0,99,13.8,1366.2,,STANFORD,5/19/2026,,,13.8,1366.2,108,-9,NEW,XS / 16,S / 33,M / 30,L / 16,XL / 4,,,,,,,,,,
106,4/21/2026,5/19/2026,STENUE,4/24/2026,Closed,PO,,,,,,,4/21/2026,5/19/2026,4/21/2026,ELEVATOR DISCO,                    ,86,NUULY,NUULY,6786445,0,SS26,26-Jun,DRESSES,Style,CD1043,BLACK,Closed,XS,S,M,L,XL,          ,          ,          ,          ,          ,          ,          ,          ,          ,          ,24,50,45,23,7,0,0,0,0,0,0,0,0,0,0,149,13.8,2056.2,,STANFORD,5/19/2026,,,13.8,2056.2,153,-4,NEW,XS / 24,S / 50,M / 45,L / 23,XL / 7,,,,,,,,,,
107,4/21/2026,5/19/2026,STENUE,4/21/2026,Closed,PO,,,,,,,4/21/2026,5/19/2026,4/21/2026,ELEVATOR DISCO,                    ,87,NUULY,NUULY,6786459,0,SS26,26-Jun,DRESSES,Style,CD1043,BLACK,Closed,XS,S,M,L,XL,          ,          ,          ,          ,          ,          ,          ,          ,          ,          ,1,1,0,0,0,0,0,0,0,0,0,0,0,0,0,2,13.8,27.6,,STANFORD,5/19/2026,,,13.8,27.6,2,0,NEW,XS / 1,S / 1,M / 0,L / 0,XL / 0,,,,,,,,,,
108,4/21/2026,5/19/2026,STENUE,4/24/2026,Closed,PO,,,,,,,4/21/2026,5/19/2026,4/21/2026,ELEVATOR DISCO,                    ,88,NUULY,NUULY,6786474,0,SS26,26-May,PANTS,Style,CP1007,BLUE,Closed,XS,S,M,L,XL,          ,          ,          ,          ,          ,          ,          ,          ,          ,          ,12,26,25,13,3,0,0,0,0,0,0,0,0,0,0,79,14.5,1145.5,,STANFORD,5/19/2026,,,14.5,1145.5,79,0,NEW,XS / 12,S / 26,M / 25,L / 13,XL / 3,,,,,,,,,,
109,4/21/2026,5/19/2026,STENUE,4/24/2026,Closed,PO,,,,,,,4/21/2026,5/19/2026,4/21/2026,ELEVATOR DISCO,                    ,89,NUULY,NUULY,6786475,0,SS26,26-May,PANTS,Style,CP1007,BLUE,Closed,XS,S,M,L,XL,          ,          ,          ,          ,          ,          ,          ,          ,          ,          ,17,40,38,19,5,0,0,0,0,0,0,0,0,0,0,119,14.5,1725.5,,STANFORD,5/19/2026,,,14.5,1725.5,119,0,NEW,XS / 17,S / 40,M / 38,L / 19,XL / 5,,,,,,,,,,
110,4/21/2026,5/19/2026,STENUE,4/21/2026,Closed,PO,,,,,,,4/21/2026,5/19/2026,4/21/2026,ELEVATOR DISCO,                    ,90,NUULY,NUULY,6786489,0,SS26,26-May,PANTS,Style,CP1007,BLUE,Closed,XS,S,M,L,XL,          ,          ,          ,          ,          ,          ,          ,          ,          ,          ,1,1,0,0,0,0,0,0,0,0,0,0,0,0,0,2,14.5,29,,STANFORD,5/19/2026,,,14.5,29,2,0,NEW,XS / 1,S / 1,M / 0,L / 0,XL / 0,,,,,,,,,,
111,4/21/2026,5/19/2026,STENUE,5/1/2026,Closed,PO,,,,,,,4/21/2026,5/19/2026,4/21/2026,ELEVATOR DISCO,                    ,91,NUULY,NUULY,6786492,0,SS26,26-May,PANTS,Style,CP1028,WHITE BLUE,Closed,XS,S,M,L,XL,          ,          ,          ,          ,          ,          ,          ,          ,          ,          ,12,26,25,13,3,0,0,0,0,0,0,0,0,0,0,79,15.7,1240.3,,STANFORD,5/19/2026,,,15.7,1240.3,74,5,NEW,XS / 12,S / 26,M / 25,L / 13,XL / 3,,,,,,,,,,
112,4/21/2026,5/19/2026,STENUE,4/23/2026,Closed,PO,,,,,,,4/21/2026,5/19/2026,4/21/2026,ELEVATOR DISCO,                    ,92,NUULY,NUULY,6786493,0,SS26,26-May,PANTS,Style,CP1028,WHITE BLUE,Closed,XS,S,M,L,XL,          ,          ,          ,          ,          ,          ,          ,          ,          ,          ,17,40,38,19,5,0,0,0,0,0,0,0,0,0,0,119,15.7,1868.3,,STANFORD,5/19/2026,,,15.7,1868.3,117,2,NEW,XS / 17,S / 40,M / 38,L / 19,XL / 5,,,,,,,,,,
113,4/21/2026,5/19/2026,STENUE,4/21/2026,Closed,PO,,,,,,,4/21/2026,5/19/2026,4/21/2026,ELEVATOR DISCO,                    ,93,NUULY,NUULY,6786496,0,SS26,26-May,PANTS,Style,CP1028,WHITE BLUE,Closed,XS,S,M,L,XL,          ,          ,          ,          ,          ,          ,          ,          ,          ,          ,1,1,0,0,0,0,0,0,0,0,0,0,0,0,0,2,15.7,31.4,,STANFORD,5/19/2026,,,15.7,31.4,2,0,NEW,XS / 1,S / 1,M / 0,L / 0,XL / 0,,,,,,,,,,
114,4/21/2026,5/19/2026,STENUE,4/22/2026,Closed,PO,,,,,,,4/21/2026,5/19/2026,4/21/2026,ELEVATOR DISCO,                    ,94,NUULY,NUULY,6798601,0,SS26,26-Jun,SKIRTS,Style,CS1023,CREAM,Closed,XS,S,M,L,XL,          ,          ,          ,          ,          ,          ,          ,          ,          ,          ,33,74,67,35,6,0,0,0,0,0,0,0,0,0,0,215,10.8,2322,,STANFORD,5/19/2026,,,10.8,2322,217,-2,NEW,XS / 33,S / 74,M / 67,L / 35,XL / 6,,,,,,,,,,
115,4/21/2026,5/19/2026,STENUE,4/22/2026,Closed,PO,,,,,,,4/21/2026,5/19/2026,4/21/2026,ELEVATOR DISCO,                    ,95,NUULY,NUULY,6798602,0,SS26,26-Jun,SKIRTS,Style,CS1023,CREAM,Closed,XS,S,M,L,XL,          ,          ,          ,          ,          ,          ,          ,          ,          ,          ,58,131,120,62,12,0,0,0,0,0,0,0,0,0,0,383,10.8,4136.4,,STANFORD,5/19/2026,,,10.8,4136.4,393,-10,NEW,XS / 58,S / 131,M / 120,L / 62,XL / 12,,,,,,,,,,
116,4/21/2026,5/19/2026,STENUE,4/21/2026,Closed,PO,,,,,,,4/21/2026,5/19/2026,4/21/2026,ELEVATOR DISCO,                    ,96,NUULY,NUULY,6798612,0,SS26,26-Jun,SKIRTS,Style,CS1023,CREAM,Closed,XS,S,M,L,XL,          ,          ,          ,          ,          ,          ,          ,          ,          ,          ,1,1,0,0,0,0,0,0,0,0,0,0,0,0,0,2,10.8,21.6,,STANFORD,5/19/2026,,,10.8,21.6,2,0,NEW,XS / 1,S / 1,M / 0,L / 0,XL / 0,,,,,,,,,,
117,4/21/2026,5/19/2026,STENUE,4/23/2026,Closed,PO,,,,,,,4/21/2026,5/19/2026,4/21/2026,ELEVATOR DISCO,                    ,97,NUULY,NUULY,6798656,0,SS26,26-May,SHORTS,Style,FSET8080B,BLUE,Closed,XS,S,M,L,XL,          ,          ,          ,          ,          ,          ,          ,          ,          ,          ,20,51,54,29,5,0,0,0,0,0,0,0,0,0,0,159,9,1431,,STANFORD,5/19/2026,,,9,1431,165,-6,NEW,XS / 20,S / 51,M / 54,L / 29,XL / 5,,,,,,,,,,
118,4/21/2026,5/19/2026,STENUE,4/24/2026,Closed,PO,,,,,,,4/21/2026,5/19/2026,4/21/2026,ELEVATOR DISCO,                    ,98,NUULY,NUULY,6798657,0,SS26,26-May,SHORTS,Style,FSET8080B,BLUE,Closed,XS,S,M,L,XL,          ,          ,          ,          ,          ,          ,          ,          ,          ,          ,31,76,82,43,7,0,0,0,0,0,0,0,0,0,0,239,9,2151,,STANFORD,5/19/2026,,,9,2151,242,-3,NEW,XS / 31,S / 76,M / 82,L / 43,XL / 7,,,,,,,,,,
119,4/21/2026,5/19/2026,STENUE,4/21/2026,Closed,PO,,,,,,,4/21/2026,5/19/2026,4/21/2026,ELEVATOR DISCO,                    ,99,NUULY,NUULY,6798658,0,SS26,26-May,SHORTS,Style,FSET8080B,BLUE,Closed,XS,S,M,L,XL,          ,          ,          ,          ,          ,          ,          ,          ,          ,          ,1,1,0,0,0,0,0,0,0,0,0,0,0,0,0,2,9,18,,STANFORD,5/19/2026,,,9,18,2,0,NEW,XS / 1,S / 1,M / 0,L / 0,XL / 0,,,,,,,,,,
120,4/21/2026,5/19/2026,STENUE,4/24/2026,Closed,PO,,,,,,,4/21/2026,5/19/2026,4/21/2026,ELEVATOR DISCO,                    ,100,NUULY,NUULY,6798671,0,SS26,26-Jun,SHORTS,Style,CP1006,CREAM,Closed,XS,S,M,L,XL,          ,          ,          ,          ,          ,          ,          ,          ,          ,          ,20,51,54,29,5,0,0,0,0,0,0,0,0,0,0,159,8.9,1415.1,,STANFORD,5/19/2026,,,8.9,1415.1,159,0,NEW,XS / 20,S / 51,M / 54,L / 29,XL / 5,,,,,,,,,,
121,4/21/2026,5/19/2026,STENUE,4/24/2026,Closed,PO,,,,,,,4/21/2026,5/19/2026,4/21/2026,ELEVATOR DISCO,                    ,101,NUULY,NUULY,6798672,0,SS26,26-Jun,SHORTS,Style,CP1006,CREAM,Closed,XS,S,M,L,XL,          ,          ,          ,          ,          ,          ,          ,          ,          ,          ,31,76,82,43,7,0,0,0,0,0,0,0,0,0,0,239,8.9,2127.1,,STANFORD,5/19/2026,,,8.9,2127.1,215,24,NEW,XS / 31,S / 76,M / 82,L / 43,XL / 7,,,,,,,,,,
122,4/21/2026,5/19/2026,STENUE,4/21/2026,Closed,PO,,,,,,,4/21/2026,5/19/2026,4/21/2026,ELEVATOR DISCO,                    ,102,NUULY,NUULY,6798673,0,SS26,26-Jun,SHORTS,Style,CP1006,CREAM,Closed,XS,S,M,L,XL,          ,          ,          ,          ,          ,          ,          ,          ,          ,          ,1,1,0,0,0,0,0,0,0,0,0,0,0,0,0,2,8.9,17.8,,STANFORD,5/19/2026,,,8.9,17.8,2,0,NEW,XS / 1,S / 1,M / 0,L / 0,XL / 0,,,,,,,,,,
123,4/21/2026,5/19/2026,STENUE,4/24/2026,Closed,PO,,,,,,,4/21/2026,5/19/2026,4/21/2026,ELEVATOR DISCO,                    ,103,NUULY,NUULY,6798686,0,SS26,26-Jun,SHORTS,Style,CP1004,WHITE,Closed,XS,S,M,L,XL,          ,          ,          ,          ,          ,          ,          ,          ,          ,          ,31,76,82,43,7,0,0,0,0,0,0,0,0,0,0,239,8.95,2139.05,,STANFORD,5/19/2026,,,8.95,2139.05,239,0,NEW,XS / 31,S / 76,M / 82,L / 43,XL / 7,,,,,,,,,,
124,4/21/2026,5/19/2026,STENUE,4/22/2026,Closed,PO,,,,,,,4/21/2026,5/19/2026,4/21/2026,ELEVATOR DISCO,                    ,104,NUULY,NUULY,6798687,0,SS26,26-Jun,SHORTS,Style,CP1004,WHITE,Closed,XS,S,M,L,XL,          ,          ,          ,          ,          ,          ,          ,          ,          ,          ,46,115,122,65,11,0,0,0,0,0,0,0,0,0,0,359,8.95,3213.05,,STANFORD,5/19/2026,,,8.95,3213.05,359,0,NEW,XS / 46,S / 115,M / 122,L / 65,XL / 11,,,,,,,,,,
125,4/21/2026,5/19/2026,STENUE,4/21/2026,Closed,PO,,,,,,,4/21/2026,5/19/2026,4/21/2026,ELEVATOR DISCO,                    ,105,NUULY,NUULY,6798693,0,SS26,26-Jun,SHORTS,Style,CP1004,WHITE,Closed,XS,S,M,L,XL,          ,          ,          ,          ,          ,          ,          ,          ,          ,          ,1,1,0,0,0,0,0,0,0,0,0,0,0,0,0,2,8.95,17.9,,STANFORD,5/19/2026,,,8.95,17.9,2,0,NEW,XS / 1,S / 1,M / 0,L / 0,XL / 0,,,,,,,,,,
126,4/21/2026,5/19/2026,STENUE,5/6/2026,Closed,PO,,,,,,,4/21/2026,5/19/2026,4/21/2026,ELEVATOR DISCO,                    ,106,NUULY,NUULY,6798695,0,SS26,26-Jun,SHORTS,Style,CP1029,LIGHT BLUE,Closed,XS,S,M,L,XL,          ,          ,          ,          ,          ,          ,          ,          ,          ,          ,23,57,61,32,5,0,0,0,0,0,0,0,0,0,0,178,0,0,,STANFORD,5/19/2026,,,0,0,196,-18,NEW,XS / 23,S / 57,M / 61,L / 32,XL / 5,,,,,,,,,,
127,4/21/2026,5/19/2026,STENUE,5/6/2026,Closed,PO,,,,,,,4/21/2026,5/19/2026,4/21/2026,ELEVATOR DISCO,                    ,107,NUULY,NUULY,6798696,0,SS26,26-Jun,SHORTS,Style,CP1029,LIGHT BLUE,Closed,XS,S,M,L,XL,          ,          ,          ,          ,          ,          ,          ,          ,          ,          ,35,86,92,49,8,0,0,0,0,0,0,0,0,0,0,270,0,0,,STANFORD,5/19/2026,,,0,0,270,0,NEW,XS / 35,S / 86,M / 92,L / 49,XL / 8,,,,,,,,,,
128,4/21/2026,5/19/2026,STENUE,4/28/2026,Closed,PO,,,,,,,4/21/2026,5/19/2026,4/21/2026,ELEVATOR DISCO,                    ,108,NUULY,NUULY,6798701,0,SS26,26-Jun,SHORTS,Style,CP1029,LIGHT BLUE,Closed,XS,S,M,L,XL,          ,          ,          ,          ,          ,          ,          ,          ,          ,          ,1,1,0,0,0,0,0,0,0,0,0,0,0,0,0,2,0,0,,STANFORD,5/19/2026,,,0,0,2,0,NEW,XS / 1,S / 1,M / 0,L / 0,XL / 0,,,,,,,,,,
129,4/21/2026,5/19/2026,STENUE,4/24/2026,Closed,PO,,,,,,,4/21/2026,5/19/2026,4/21/2026,ELEVATOR DISCO,                    ,109,NUULY,NUULY,6798713,0,SS26,26-Jun,SHORTS,Style,CP1034,PINK,Closed,XS,S,M,L,XL,          ,          ,          ,          ,          ,          ,          ,          ,          ,          ,23,57,61,32,5,0,0,0,0,0,0,0,0,0,0,178,10.6,1886.8,,STANFORD,5/19/2026,,,10.6,1886.8,182,-4,NEW,XS / 23,S / 57,M / 61,L / 32,XL / 5,,,,,,,,,,
130,4/21/2026,5/19/2026,STENUE,4/24/2026,Closed,PO,,,,,,,4/21/2026,5/19/2026,4/21/2026,ELEVATOR DISCO,                    ,110,NUULY,NUULY,6798714,0,SS26,26-Jun,SHORTS,Style,CP1034,PINK,Closed,XS,S,M,L,XL,          ,          ,          ,          ,          ,          ,          ,          ,          ,          ,35,86,92,49,8,0,0,0,0,0,0,0,0,0,0,270,10.6,2862,,STANFORD,5/19/2026,,,10.6,2862,275,-5,NEW,XS / 35,S / 86,M / 92,L / 49,XL / 8,,,,,,,,,,
131,4/21/2026,5/19/2026,STENUE,4/21/2026,Closed,PO,,,,,,,4/21/2026,5/19/2026,4/21/2026,ELEVATOR DISCO,                    ,111,NUULY,NUULY,6798720,0,SS26,26-Jun,SHORTS,Style,CP1034,PINK,Closed,XS,S,M,L,XL,          ,          ,          ,          ,          ,          ,          ,          ,          ,          ,1,1,0,0,0,0,0,0,0,0,0,0,0,0,0,2,10.6,21.2,,STANFORD,5/19/2026,,,10.6,21.2,2,0,NEW,XS / 1,S / 1,M / 0,L / 0,XL / 0,,,,,,,,,,
132,4/21/2026,5/19/2026,STENUE,4/28/2026,Closed,PO,,,,,,,4/21/2026,5/19/2026,4/21/2026,ELEVATOR DISCO,                    ,112,NUULY,NUULY,6811498,0,SS26,26-Jun,DRESSES,Style,CD1011,SAGE GREEN,Closed,XS,S,M,L,XL,          ,          ,          ,          ,          ,          ,          ,          ,          ,          ,40,83,75,39,12,0,0,0,0,0,0,0,0,0,0,249,15.6,3884.4,,STANFORD,5/19/2026,,,15.6,3884.4,251,-2,NEW,XS / 40,S / 83,M / 75,L / 39,XL / 12,,,,,,,,,,
133,4/21/2026,5/19/2026,STENUE,4/28/2026,Open,PO,,,,,,,4/21/2026,5/19/2026,4/21/2026,ELEVATOR DISCO,                    ,113,NUULY,NUULY,6811499,0,SS26,26-Jun,DRESSES,Style,CD1011,SAGE GREEN,Open,XS,S,M,L,XL,          ,          ,          ,          ,          ,          ,          ,          ,          ,          ,61,125,112,59,17,0,0,0,0,0,0,0,0,0,0,374,15.6,5834.4,,STANFORD,5/19/2026,,,15.6,5834.4,338,36,NEW,XS / 61,S / 125,M / 112,L / 59,XL / 17,,,,,,,,,,
134,4/21/2026,5/19/2026,STENUE,4/21/2026,Closed,PO,,,,,,,4/21/2026,5/19/2026,4/21/2026,ELEVATOR DISCO,                    ,114,NUULY,NUULY,6811500,0,SS26,26-Jun,DRESSES,Style,CD1011,SAGE GREEN,Closed,XS,S,M,L,XL,          ,          ,          ,          ,          ,          ,          ,          ,          ,          ,1,1,0,0,0,0,0,0,0,0,0,0,0,0,0,2,15.6,31.2,,STANFORD,5/19/2026,,,15.6,31.2,2,0,NEW,XS / 1,S / 1,M / 0,L / 0,XL / 0,,,,,,,,,,
135,4/21/2026,5/19/2026,STENUE,4/27/2026,Closed,PO,,,,,,,4/21/2026,5/19/2026,4/21/2026,ELEVATOR DISCO,                    ,115,NUULY,NUULY,6811501,0,SS26,26-Jun,DRESSES,Style,CD1048,YELLOW PINK,Closed,XS,S,M,L,XL,          ,          ,          ,          ,          ,          ,          ,          ,          ,          ,32,66,60,32,9,0,0,0,0,0,0,0,0,0,0,199,13.8,2746.2,,STANFORD,5/19/2026,,,13.8,2746.2,226,-27,NEW,XS / 32,S / 66,M / 60,L / 32,XL / 9,,,,,,,,,,
136,4/21/2026,5/19/2026,STENUE,4/27/2026,Closed,PO,,,,,,,4/21/2026,5/19/2026,4/21/2026,ELEVATOR DISCO,                    ,116,NUULY,NUULY,6811502,0,SS26,26-Jun,DRESSES,Style,CD1048,YELLOW PINK,Closed,XS,S,M,L,XL,          ,          ,          ,          ,          ,          ,          ,          ,          ,          ,48,100,90,47,14,0,0,0,0,0,0,0,0,0,0,299,13.8,4126.2,,STANFORD,5/19/2026,,,13.8,4126.2,258,41,NEW,XS / 48,S / 100,M / 90,L / 47,XL / 14,,,,,,,,,,
137,4/21/2026,5/19/2026,STENUE,4/21/2026,Closed,PO,,,,,,,4/21/2026,5/19/2026,4/21/2026,ELEVATOR DISCO,                    ,117,NUULY,NUULY,6811503,0,SS26,26-Jun,DRESSES,Style,CD1048,YELLOW PINK,Closed,XS,S,M,L,XL,          ,          ,          ,          ,          ,          ,          ,          ,          ,          ,1,1,0,0,0,0,0,0,0,0,0,0,0,0,0,2,13.8,27.6,,STANFORD,5/19/2026,,,13.8,27.6,2,0,NEW,XS / 1,S / 1,M / 0,L / 0,XL / 0,,,,,,,,,,
138,4/21/2026,5/19/2026,STENUE,4/24/2026,Closed,PO,,,,,,,4/21/2026,5/19/2026,4/21/2026,ELEVATOR DISCO,                    ,118,NUULY,NUULY,6811511,0,SS26,26-Jun,DRESSES,Style,CD1065,FUCHSIA,Closed,XS,S,M,L,XL,          ,          ,          ,          ,          ,          ,          ,          ,          ,          ,32,66,60,32,9,0,0,0,0,0,0,0,0,0,0,199,15.82,3148.18,,STANFORD,5/19/2026,,,15.82,3148.18,203,-4,NEW,XS / 32,S / 66,M / 60,L / 32,XL / 9,,,,,,,,,,
139,4/21/2026,5/19/2026,STENUE,4/24/2026,Closed,PO,,,,,,,4/21/2026,5/19/2026,4/21/2026,ELEVATOR DISCO,                    ,119,NUULY,NUULY,6811512,0,SS26,26-Jun,DRESSES,Style,CD1065,FUCHSIA,Closed,XS,S,M,L,XL,          ,          ,          ,          ,          ,          ,          ,          ,          ,          ,48,100,90,47,14,0,0,0,0,0,0,0,0,0,0,299,15.82,4730.18,,STANFORD,5/19/2026,,,15.82,4730.18,304,-5,NEW,XS / 48,S / 100,M / 90,L / 47,XL / 14,,,,,,,,,,
140,4/21/2026,5/19/2026,STENUE,4/21/2026,Closed,PO,,,,,,,4/21/2026,5/19/2026,4/21/2026,ELEVATOR DISCO,                    ,120,NUULY,NUULY,6811513,0,SS26,26-Jun,DRESSES,Style,CD1065,FUCHSIA,Closed,XS,S,M,L,XL,          ,          ,          ,          ,          ,          ,          ,          ,          ,          ,1,1,0,0,0,0,0,0,0,0,0,0,0,0,0,2,15.82,31.64,,STANFORD,5/19/2026,,,15.82,31.64,2,0,NEW,XS / 1,S / 1,M / 0,L / 0,XL / 0,,,,,,,,,,
141,4/21/2026,5/19/2026,STENUE,4/28/2026,Closed,PO,,,,,,,4/21/2026,5/19/2026,4/21/2026,ELEVATOR DISCO,                    ,121,NUULY,NUULY,6811514,0,SS26,26-May,DRESSES,Style,CDT1061,WHITE,Closed,XS,S,M,L,XL,          ,          ,          ,          ,          ,          ,          ,          ,          ,          ,12,30,29,14,4,0,0,0,0,0,0,0,0,0,0,89,15.6,1388.4,,STANFORD,5/19/2026,,,15.6,1388.4,88,1,NEW,XS / 12,S / 30,M / 29,L / 14,XL / 4,,,,,,,,,,
142,4/21/2026,5/19/2026,STENUE,4/28/2026,Closed,PO,,,,,,,4/21/2026,5/19/2026,4/21/2026,ELEVATOR DISCO,                    ,122,NUULY,NUULY,6811515,0,SS26,26-May,DRESSES,Style,CDT1061,WHITE,Closed,XS,S,M,L,XL,          ,          ,          ,          ,          ,          ,          ,          ,          ,          ,21,53,51,26,8,0,0,0,0,0,0,0,0,0,0,159,15.6,2480.4,,STANFORD,5/19/2026,,,15.6,2480.4,133,26,NEW,XS / 21,S / 53,M / 51,L / 26,XL / 8,,,,,,,,,,
143,4/21/2026,5/19/2026,STENUE,4/21/2026,Closed,PO,,,,,,,4/21/2026,5/19/2026,4/21/2026,ELEVATOR DISCO,                    ,123,NUULY,NUULY,6811516,0,SS26,26-May,DRESSES,Style,CDT1061,WHITE,Closed,XS,S,M,L,XL,          ,          ,          ,          ,          ,          ,          ,          ,          ,          ,1,1,0,0,0,0,0,0,0,0,0,0,0,0,0,2,15.6,31.2,,STANFORD,5/19/2026,,,15.6,31.2,2,0,NEW,XS / 1,S / 1,M / 0,L / 0,XL / 0,,,,,,,,,,
144,4/21/2026,5/19/2026,STENUE,4/27/2026,Closed,PO,,,,,,,4/21/2026,5/19/2026,4/21/2026,ELEVATOR DISCO,                    ,124,NUULY,NUULY,6811517,0,SS26,26-May,SETS,Style,CS1061,WHITE,Closed,XS,S,M,L,XL,          ,          ,          ,          ,          ,          ,          ,          ,          ,          ,13,31,28,14,3,0,0,0,0,0,0,0,0,0,0,89,8.2,729.8,,STANFORD,5/19/2026,,,8.2,729.8,87,2,NEW,XS / 13,S / 31,M / 28,L / 14,XL / 3,,,,,,,,,,
145,4/21/2026,5/19/2026,STENUE,4/27/2026,Closed,PO,,,,,,,4/21/2026,5/19/2026,4/21/2026,ELEVATOR DISCO,                    ,125,NUULY,NUULY,6811518,0,SS26,26-May,SETS,Style,CS1061,WHITE,Closed,XS,S,M,L,XL,          ,          ,          ,          ,          ,          ,          ,          ,          ,          ,24,54,50,26,5,0,0,0,0,0,0,0,0,0,0,159,8.2,1303.8,,STANFORD,5/19/2026,,,8.2,1303.8,159,0,NEW,XS / 24,S / 54,M / 50,L / 26,XL / 5,,,,,,,,,,
146,4/21/2026,5/19/2026,STENUE,4/21/2026,Closed,PO,,,,,,,4/21/2026,5/19/2026,4/21/2026,ELEVATOR DISCO,                    ,126,NUULY,NUULY,6811530,0,SS26,26-May,SETS,Style,CS1061,WHITE,Closed,XS,S,M,L,XL,          ,          ,          ,          ,          ,          ,          ,          ,          ,          ,1,1,0,0,0,0,0,0,0,0,0,0,0,0,0,2,8.2,16.4,,STANFORD,5/19/2026,,,8.2,16.4,2,0,NEW,XS / 1,S / 1,M / 0,L / 0,XL / 0,,,,,,,,,,
147,4/1/2026,7/16/2026,STENUE,1/1/1900,Open,PO,,,,,,,6/18/2026,7/16/2026,6/18/2026,ELEVATOR DISCO,                    ,1371,NUULY,NUULY,7067831,0,FW26,26-Aug,DRESSES,Style,EVD1078,LIGHT BROWN,Open,XS,S,M,L,XL,          ,          ,          ,          ,          ,          ,          ,          ,          ,          ,7,16,14,8,0,0,0,0,0,0,0,0,0,0,0,45,17.6,792,,STANFORD,7/16/2026,,,0,0,0,45,NEW,XS / 7,S / 16,M / 14,L / 8,XL / 0,,,,,,,,,,
148,4/21/2026,5/19/2026,STENUE,4/21/2026,Closed,PO,,,,,,,4/21/2026,5/19/2026,4/21/2026,ELEVATOR DISCO,                    ,135,LULUS,LULU'S FASHION LOUNGE,218737,0,                    ,LULUS,                    ,Style,ED1377,NAVY BLUE,Closed,XXS,XS,S,M,L,XL,XXL,          ,          ,          ,          ,          ,          ,          ,          ,10,63,136,120,41,30,0,0,0,0,0,0,0,0,0,400,12,4800,,STANFORD,5/19/2026,,,12,4800,386,14,COLOR ADD,XXS / 10,XS / 63,S / 136,M / 120,L / 41,XL / 30,XXL / 0,,,,,,,,
149,4/21/2026,5/19/2026,STENUE,4/21/2026,Closed,PO,,,,,,,4/21/2026,5/19/2026,4/21/2026,ELEVATOR DISCO,                    ,140,LULUS,LULU'S FASHION LOUNGE,219192,0,                    ,LULUS,                    ,Style,ED1649D,LAVENDER BLUE ORANGE,Closed,XXS,XS,S,M,L,XL,XXL,          ,          ,          ,          ,          ,          ,          ,          ,0,47,87,113,59,30,14,0,0,0,0,0,0,0,0,350,11.2,3920,,STANFORD,5/19/2026,,,11.2,3920,364,-14,NEW,XXS / 0,XS / 47,S / 87,M / 113,L / 59,XL / 30,XXL / 14,,,,,,,,
150,4/21/2026,5/19/2026,STENUE,4/21/2026,Closed,PO,,,,,,,4/21/2026,5/19/2026,4/21/2026,ELEVATOR DISCO,                    ,142,LULUS,LULU'S FASHION LOUNGE,219633,0,                    ,LULUS,                    ,Style,SET8142,IVORY BLUE,Closed,XXS,XS,S,M,L,XL,XXL,          ,          ,          ,          ,          ,          ,          ,          ,0,17,91,57,29,6,0,0,0,0,0,0,0,0,0,200,0,0,,STANFORD,5/19/2026,,,0,0,206,-6,NEW,XXS / 0,XS / 17,S / 91,M / 57,L / 29,XL / 6,XXL / 0,,,,,,,,
151,4/21/2026,5/19/2026,STENUE,4/21/2026,Closed,PO,,,,,,,4/21/2026,5/19/2026,4/21/2026,ELEVATOR DISCO,                    ,139,LULUS,LULU'S FASHION LOUNGE,219191,0,                    ,LULUS,                    ,Style,SET8161A,BLACK GROUND FLORAL,Closed,XXS,XS,S,M,L,XL,XXL,          ,          ,          ,          ,          ,          ,          ,          ,20,56,100,116,38,20,0,0,0,0,0,0,0,0,0,350,18,6300,,STANFORD,5/19/2026,,,18,6300,353,-3,NEW,XXS / 20,XS / 56,S / 100,M / 116,L / 38,XL / 20,XXL / 0,,,,,,,,
152,4/21/2026,5/19/2026,STENUE,4/21/2026,Closed,PO,,,,,,,4/21/2026,5/19/2026,4/21/2026,ELEVATOR DISCO,                    ,144,LULUS,LULU'S FASHION LOUNGE,219814,0,                    ,LULUS,                    ,Style,ED1377,NAVY BLUE,Closed,XXS,XS,S,M,L,XL,XXL,          ,          ,          ,          ,          ,          ,          ,          ,10,62,136,123,39,30,0,0,0,0,0,0,0,0,0,400,12,4800,,STANFORD,5/19/2026,,,12,4800,400,0,NEW,XXS / 10,XS / 62,S / 136,M / 123,L / 39,XL / 30,XXL / 0,,,,,,,,
153,4/21/2026,5/19/2026,STENUE,4/21/2026,Closed,PO,,,,,,,4/21/2026,5/19/2026,4/21/2026,ELEVATOR DISCO,                    ,146,LULUS,LULU'S FASHION LOUNGE,220215,0,                    ,LULUS,                    ,Style,FRD1989,CREAM,Closed,XXS,XS,S,M,L,XL,XXL,          ,          ,          ,          ,          ,          ,          ,          ,5,54,117,122,86,56,10,0,0,0,0,0,0,0,0,450,16.8,7560,,STANFORD,5/19/2026,,,16.8,7560,435,15,NEW,XXS / 5,XS / 54,S / 117,M / 122,L / 86,XL / 56,XXL / 10,,,,,,,,
154,4/21/2026,5/19/2026,STENUE,4/21/2026,Closed,PO,,,,,,,4/21/2026,5/19/2026,4/21/2026,ELEVATOR DISCO,                    ,136,LULUS,LULU'S FASHION LOUNGE,218817,0,                    ,LULUS,                    ,Style,WS-EDX2715A,LIGHT BLUE,Closed,XS,S,M,L,XL,          ,          ,          ,          ,          ,          ,          ,          ,          ,          ,87,164,152,76,47,0,0,0,0,0,0,0,0,0,0,526,0,0,,STANFORD,5/19/2026,,,0,0,511,15,NEW,XS / 87,S / 164,M / 152,L / 76,XL / 47,,,,,,,,,,
155,4/21/2026,5/19/2026,STENUE,4/21/2026,Closed,PO,,,,,,,4/21/2026,5/19/2026,4/21/2026,ELEVATOR DISCO,                    ,137,LULUS,LULU'S FASHION LOUNGE,218823,0,                    ,LULUS,                    ,Style,WS-FRD1644,WHITE,Closed,XS,S,M,L,XL,          ,          ,          ,          ,          ,          ,          ,          ,          ,          ,49,100,90,47,14,0,0,0,0,0,0,0,0,0,0,300,0,0,,STANFORD,5/19/2026,,,0,0,310,-10,NEW,XS / 49,S / 100,M / 90,L / 47,XL / 14,,,,,,,,,,
156,4/21/2026,5/19/2026,STENUE,4/21/2026,Closed,PO,,,,,,,4/21/2026,5/19/2026,4/21/2026,ELEVATOR DISCO,                    ,138,LULUS,LULU'S FASHION LOUNGE,218862,0,                    ,                    ,DRESSES,Style,ED1649CP,CRM/PRPL/MULTI,Closed,XXS,XS,S,M,L,XL,XXL,          ,          ,          ,          ,          ,          ,          ,          ,6,62,130,148,81,43,5,0,0,0,0,0,0,0,0,475,0,0,,STANFORD,5/19/2026,,,0,0,498,-23,NEW,XXS / 6,XS / 62,S / 130,M / 148,L / 81,XL / 43,XXL / 5,,,,,,,,
157,4/21/2026,5/19/2026,STENUE,4/21/2026,Closed,PO,,,,,,,4/21/2026,5/19/2026,4/21/2026,ELEVATOR DISCO,                    ,141,LULUS,LULU'S FASHION LOUNGE,219409,0,                    ,LULUS,                    ,Style,FRD1806,IVORY,Closed,XXS,XS,S,M,L,XL,XXL,          ,          ,          ,          ,          ,          ,          ,          ,6,78,111,127,50,28,0,0,0,0,0,0,0,0,0,400,15.8,6320,,STANFORD,5/19/2026,,,15.8,6320,403,-3,NEW,XXS / 6,XS / 78,S / 111,M / 127,L / 50,XL / 28,XXL / 0,,,,,,,,
158,4/21/2026,5/19/2026,STENUE,4/21/2026,Closed,PO,,,,,,,4/21/2026,5/19/2026,4/21/2026,ELEVATOR DISCO,                    ,143,LULUS,LULU'S FASHION LOUNGE,219769,0,                    ,LULUS,                    ,Style,FRD2280,LIGHT PINK,Closed,XXS,XS,S,M,L,XL,XXL,          ,          ,          ,          ,          ,          ,          ,          ,38,85,101,74,52,0,0,0,0,0,0,0,0,0,0,350,0,0,,STANFORD,5/19/2026,,,0,0,344,6,NEW,XXS / 38,XS / 85,S / 101,M / 74,L / 52,XL / 0,XXL / 0,,,,,,,,
159,4/21/2026,7/16/2026,STENUE,1/1/1900,Open,PO,,,,,,,6/18/2026,7/16/2026,6/18/2026,ELEVATOR DISCO,                    ,1372,NUULY,NUULY,7067832,0,FW26,26-Aug,DRESSES,Style,EVD1078,LIGHT BROWN,Open,XS,S,M,L,XL,          ,          ,          ,          ,          ,          ,          ,          ,          ,          ,17,36,33,17,0,0,0,0,0,0,0,0,0,0,0,103,17.6,1812.8,,STANFORD,7/16/2026,,,0,0,0,103,NEW,XS / 17,S / 36,M / 33,L / 17,XL / 0,,,,,,,,,,
161,4/21/2026,5/19/2026,STENUE,1/1/1900,Open,PO,,,,,,,4/21/2026,5/19/2026,4/21/2026,ELEVATOR DISCO,                    ,161,LULUS,LULU'S FASHION LOUNGE,221678,0,                    ,LULUS,                    ,Style,FSET8043A,CHAMPAGNE,Open,XXS,XS,S,M,L,XL,XXL,          ,          ,          ,          ,          ,          ,          ,          ,0,30,68,60,30,12,0,0,0,0,0,0,0,0,0,200,13.2,2640,,STANFORD,5/19/2026,,,13.2,2640,0,200,NEW,XXS / 0,XS / 30,S / 68,M / 60,L / 30,XL / 12,XXL / 0,,,,,,,,
162,4/21/2026,5/19/2026,STENUE,1/1/1900,Open,PO,,,,,,,4/21/2026,5/19/2026,4/21/2026,ELEVATOR DISCO,                    ,170,LULUS,LULU'S FASHION LOUNGE,222403,0,                    ,LULUS,                    ,Style,SETD1072,IVORY,Open,XXS,XS,S,M,L,XL,XXL,          ,          ,          ,          ,          ,          ,          ,          ,5,40,79,85,32,10,0,0,0,0,0,0,0,0,0,251,10.2,2560.2,,STANFORD,5/19/2026,,,10.2,2560.2,0,251,NEW,XXS / 5,XS / 40,S / 79,M / 85,L / 32,XL / 10,XXL / 0,,,,,,,,
163,4/21/2026,5/19/2026,STENUE,1/1/1900,Closed,PO,,,,,,,4/21/2026,5/19/2026,4/21/2026,ELEVATOR DISCO,                    ,163,LULUS,LULU'S FASHION LOUNGE,221700,0,                    ,LULUS,                    ,Style,ED1435,MUSTARD WHITE,Closed,XXS,XS,S,M,L,XL,XXL,          ,          ,          ,          ,          ,          ,          ,          ,2,49,110,100,54,33,3,0,0,0,0,0,0,0,0,351,10,3510,,STANFORD,5/19/2026,,,10,3510,0,351,NEW,XXS / 2,XS / 49,S / 110,M / 100,L / 54,XL / 33,XXL / 3,,,,,,,,
164,4/21/2026,5/19/2026,STENUE,1/1/1900,Open,PO,,,,,,,4/21/2026,5/19/2026,4/21/2026,ELEVATOR DISCO,                    ,162,LULUS,LULU'S FASHION LOUNGE,221679,0,                    ,LULUS,                    ,Style,SET8142,IVORY BLUE,Open,XXS,XS,S,M,L,XL,XXL,          ,          ,          ,          ,          ,          ,          ,          ,0,17,91,57,29,6,0,0,0,0,0,0,0,0,0,200,0,0,,STANFORD,5/19/2026,,,0,0,0,200,NEW,XXS / 0,XS / 17,S / 91,M / 57,L / 29,XL / 6,XXL / 0,,,,,,,,
165,4/21/2026,5/19/2026,STENUE,1/1/1900,Closed,PO,,,,,,,4/21/2026,5/19/2026,4/21/2026,ELEVATOR DISCO,                    ,165,LULUS,LULU'S FASHION LOUNGE,222301,0,                    ,LULUS,                    ,Style,FRD1226,IVORY,Closed,XXS,XS,S,M,L,XL,XXL,          ,          ,          ,          ,          ,          ,          ,          ,7,58,113,104,36,30,3,0,0,0,0,0,0,0,0,351,14,4914,,STANFORD,5/19/2026,,,14,4914,0,351,NEW,XXS / 7,XS / 58,S / 113,M / 104,L / 36,XL / 30,XXL / 3,,,,,,,,
166,4/21/2026,5/19/2026,STENUE,5/8/2026,Closed,PO,,,,,,,4/21/2026,5/19/2026,4/21/2026,ELEVATOR DISCO,                    ,166,LULUS,LULU'S FASHION LOUNGE,222353,0,                    ,LULUS,                    ,Style,FSET8097T,CREAM LAVENDER IVORY,Closed,XS,S,M,L,XL,          ,          ,          ,          ,          ,          ,          ,          ,          ,          ,31,59,62,31,17,0,0,0,0,0,0,0,0,0,0,200,6.4,1280,,STANFORD,5/19/2026,,,6.4,1280,194,6,NEW,XS / 31,S / 59,M / 62,L / 31,XL / 17,,,,,,,,,,
167,4/22/2026,5/20/2026,STENUE,5/6/2026,Closed,PO,P1457,,,,,,4/22/2026,5/20/2026,4/22/2026,ELEVATOR DISCO,,0,                    ,                                                  ,                    ,0,SS26,26-May,SKIRTS,Style,CS1001,CREAM,Closed,XS,S,M,L,XL,          ,          ,          ,          ,          ,          ,          ,          ,          ,          ,10,20,20,10,0,0,0,0,0,0,0,0,0,0,0,60,9.5,570,                    ,STANFORD,5/20/2026,,,9.5,570,83,-23,                    ,XS / 10,S / 20,M / 20,L / 10,XL / 0,,,,,,,,,,
168,4/22/2026,5/20/2026,STENUE,5/6/2026,Closed,PO,P1464,,,,,,4/22/2026,5/20/2026,4/22/2026,ELEVATOR DISCO,,0,                    ,                                                  ,                    ,0,SS26,26-May,TOPS,Style,CT1001,WHITE,Closed,XS,S,M,L,XL,          ,          ,          ,          ,          ,          ,          ,          ,          ,          ,10,20,20,10,0,0,0,0,0,0,0,0,0,0,0,60,9.9,594,                    ,STANFORD,5/20/2026,,,9.9,594,86,-26,                    ,XS / 10,S / 20,M / 20,L / 10,XL / 0,,,,,,,,,,
169,4/22/2026,5/20/2026,STENUE,5/6/2026,Closed,PO,P1472,,,,,,4/22/2026,5/20/2026,4/22/2026,ELEVATOR DISCO,,0,                    ,                                                  ,                    ,0,SS26,26-May,TOPS,Style,CT1034,BLACK,Closed,XS,S,M,L,XL,          ,          ,          ,          ,          ,          ,          ,          ,          ,          ,16,32,32,16,0,0,0,0,0,0,0,0,0,0,0,96,8,768,                    ,STANFORD,5/20/2026,,,8,768,86,10,                    ,XS / 16,S / 32,M / 32,L / 16,XL / 0,,,,,,,,,,
170,4/22/2026,5/20/2026,STENUE,5/6/2026,Closed,PO,P1454,,,,,,4/22/2026,5/20/2026,4/22/2026,ELEVATOR DISCO,,0,                    ,                                                  ,                    ,0,SS26,26-May,PANTS,Style,CP1018,WHITE,Closed,XS,S,M,L,XL,          ,          ,          ,          ,          ,          ,          ,          ,          ,          ,8,16,16,8,0,0,0,0,0,0,0,0,0,0,0,48,14,672,                    ,STANFORD,5/20/2026,,,14,672,37,11,                    ,XS / 8,S / 16,M / 16,L / 8,XL / 0,,,,,,,,,,
171,4/22/2026,4/22/2026,STENUE,5/5/2026,Closed,PO,P1345,,,,,,,5/20/2026,,ELEVATOR DISCO,,0,                    ,                                                  ,                    ,0,SS26,26-Jun,DRESSES,Style,CD1031A,BLACK WHITE,Closed,XS,S,M,L,XL,          ,          ,          ,          ,          ,          ,          ,          ,          ,          ,16,32,32,16,0,0,0,0,0,0,0,0,0,0,0,96,13,1248,                    ,STANFORD,4/22/2026,,,13,1248,96,0,                    ,XS / 16,S / 32,M / 32,L / 16,XL / 0,,,,,,,,,,
172,4/22/2026,5/20/2026,STENUE,5/6/2026,Closed,PO,P1448,,,,,,4/22/2026,5/20/2026,4/22/2026,ELEVATOR DISCO,,0,                    ,                                                  ,                    ,0,SS26,26-May,SHORTS,Style,CP1012,PINK BROWN,Closed,XS,S,M,L,XL,          ,          ,          ,          ,          ,          ,          ,          ,          ,          ,8,16,16,8,0,0,0,0,0,0,0,0,0,0,0,48,7.2,345.6,                    ,STANFORD,5/20/2026,,,7.2,345.6,42,6,                    ,XS / 8,S / 16,M / 16,L / 8,XL / 0,,,,,,,,,,
174,4/22/2026,5/20/2026,STENUE,5/7/2026,Closed,PO,,,,,,,4/22/2026,5/20/2026,4/22/2026,ELEVATOR DISCO,,0,                    ,                                                  ,                    ,0,SS26,26-May,TOPS,Style,CT1023,BLUE,Closed,XS,S,M,L,XL,          ,          ,          ,          ,          ,          ,          ,          ,          ,          ,26,52,52,26,0,0,0,0,0,0,0,0,0,0,0,156,14.6,2277.6,                    ,STANFORD,5/20/2026,,,14.6,2277.6,227,-71,                    ,XS / 26,S / 52,M / 52,L / 26,XL / 0,,,,,,,,,,
175,4/22/2026,5/20/2026,STENUE,5/6/2026,Closed,PO,P1476,,,,,,4/22/2026,5/20/2026,4/22/2026,ELEVATOR DISCO,,0,                    ,                                                  ,                    ,0,SS26,26-May,TOPS,Style,CT1056,BLUE,Closed,XS,S,M,L,XL,          ,          ,          ,          ,          ,          ,          ,          ,          ,          ,7,14,14,7,0,0,0,0,0,0,0,0,0,0,0,42,8,336,                    ,STANFORD,5/20/2026,,,8,336,57,-15,                    ,XS / 7,S / 14,M / 14,L / 7,XL / 0,,,,,,,,,,
176,4/22/2026,5/20/2026,STENUE,5/6/2026,Closed,PO,P1450,,,,,,4/22/2026,5/20/2026,4/22/2026,ELEVATOR DISCO,,0,                    ,                                                  ,                    ,0,SS26,26-May,SHORTS,Style,CP1016,BLUE,Closed,XS,S,M,L,XL,          ,          ,          ,          ,          ,          ,          ,          ,          ,          ,24,48,48,24,0,0,0,0,0,0,0,0,0,0,0,144,9.9,1425.6,                    ,STANFORD,5/20/2026,,,9.9,1425.6,227,-83,                    ,XS / 24,S / 48,M / 48,L / 24,XL / 0,,,,,,,,,,
177,4/22/2026,5/20/2026,STENUE,5/6/2026,Closed,PO,P1459,,,,,,4/22/2026,5/20/2026,4/22/2026,ELEVATOR DISCO,,0,                    ,                                                  ,                    ,0,SS26,26-May,SKIRTS,Style,CS1010,WHITE MULTI,Closed,XS,S,M,L,XL,          ,          ,          ,          ,          ,          ,          ,          ,          ,          ,15,30,30,15,0,0,0,0,0,0,0,0,0,0,0,90,11.5,1035,                    ,STANFORD,5/20/2026,,,11.5,1035,56,34,                    ,XS / 15,S / 30,M / 30,L / 15,XL / 0,,,,,,,,,,
179,4/22/2026,5/20/2026,STENUE,5/6/2026,Closed,PO,P1475,,,,,,4/22/2026,5/20/2026,4/22/2026,ELEVATOR DISCO,,0,                    ,                                                  ,                    ,0,SS26,26-May,TOPS,Style,CT1048,WHITE,Closed,XS,S,M,L,XL,          ,          ,          ,          ,          ,          ,          ,          ,          ,          ,27,54,54,27,0,0,0,0,0,0,0,0,0,0,0,162,11.6,1879.2,                    ,STANFORD,5/20/2026,,,11.6,1879.2,167,-5,                    ,XS / 27,S / 54,M / 54,L / 27,XL / 0,,,,,,,,,,
180,4/22/2026,5/20/2026,STENUE,5/6/2026,Closed,PO,P1455,,,,,,4/22/2026,5/20/2026,4/22/2026,ELEVATOR DISCO,,0,                    ,                                                  ,                    ,0,SS26,26-May,SKIRTS,Style,CP1021,MINT,Closed,XS,S,M,L,XL,          ,          ,          ,          ,          ,          ,          ,          ,          ,          ,11,22,22,11,0,0,0,0,0,0,0,0,0,0,0,66,11.2,739.2,                    ,STANFORD,5/20/2026,,,11.2,739.2,71,-5,                    ,XS / 11,S / 22,M / 22,L / 11,XL / 0,,,,,,,,,,
181,4/22/2026,5/20/2026,STENUE,5/6/2026,Closed,PO,P1470,,,,,,4/22/2026,5/20/2026,4/22/2026,ELEVATOR DISCO,,0,                    ,                                                  ,                    ,0,SS26,26-May,TOPS,Style,CT1030,MINT,Closed,XS,S,M,L,XL,          ,          ,          ,          ,          ,          ,          ,          ,          ,          ,12,24,24,12,0,0,0,0,0,0,0,0,0,0,0,72,10,720,                    ,STANFORD,5/20/2026,,,10,720,73,-1,                    ,XS / 12,S / 24,M / 24,L / 12,XL / 0,,,,,,,,,,
182,4/22/2026,5/20/2026,STENUE,5/6/2026,Closed,PO,,,,,,,4/22/2026,5/20/2026,4/22/2026,ELEVATOR DISCO,,0,                    ,                                                  ,                    ,0,SS26,26-May,TOPS,Style,CT1022,BLUE MULTI,Closed,XS,S,M,L,XL,          ,          ,          ,          ,          ,          ,          ,          ,          ,          ,10,20,20,10,0,0,0,0,0,0,0,0,0,0,0,60,9,540,                    ,STANFORD,5/20/2026,,,9,540,60,0,                    ,XS / 10,S / 20,M / 20,L / 10,XL / 0,,,,,,,,,,
183,4/22/2026,5/20/2026,STENUE,5/6/2026,Closed,PO,P1449,,,,,,4/22/2026,5/20/2026,4/22/2026,ELEVATOR DISCO,,0,                    ,                                                  ,                    ,0,SS26,26-May,SHORTS,Style,CP1014,BLUE MULTI,Closed,XS,S,M,L,XL,          ,          ,          ,          ,          ,          ,          ,          ,          ,          ,10,20,20,10,0,0,0,0,0,0,0,0,0,0,0,60,8.8,528,                    ,STANFORD,5/20/2026,,,8.8,528,63,-3,                    ,XS / 10,S / 20,M / 20,L / 10,XL / 0,,,,,,,,,,
184,4/22/2026,5/20/2026,STENUE,5/6/2026,Closed,PO,,,,,,,4/22/2026,5/20/2026,4/22/2026,ELEVATOR DISCO,,0,                    ,                                                  ,                    ,0,SS26,26-Jun,DRESSES,Style,FRD2362,YELLOW PINK,Closed,XS,S,M,L,XL,          ,          ,          ,          ,          ,          ,          ,          ,          ,          ,10,20,20,10,0,0,0,0,0,0,0,0,0,0,0,60,12.8,768,                    ,STANFORD,5/20/2026,,,12.8,768,44,16,                    ,XS / 10,S / 20,M / 20,L / 10,XL / 0,,,,,,,,,,
185,4/22/2026,5/20/2026,STENUE,5/6/2026,Closed,PO,,,,,,,4/22/2026,5/20/2026,4/22/2026,ELEVATOR DISCO,,0,                    ,                                                  ,                    ,0,SS26,26-Jun,SKIRTS,Style,CS1017,PINK MULTI,Closed,XS,S,M,L,XL,          ,          ,          ,          ,          ,          ,          ,          ,          ,          ,8,16,16,8,0,0,0,0,0,0,0,0,0,0,0,48,9.8,470.4,                    ,STANFORD,5/20/2026,,,9.8,470.4,51,-3,                    ,XS / 8,S / 16,M / 16,L / 8,XL / 0,,,,,,,,,,
186,4/22/2026,5/20/2026,STENUE,5/6/2026,Closed,PO,,,,,,,4/22/2026,5/20/2026,4/22/2026,ELEVATOR DISCO,,0,                    ,                                                  ,                    ,0,SS26,26-Jun,TOPS,Style,CT1037,PINK MULTI,Closed,XS,S,M,L,XL,          ,          ,          ,          ,          ,          ,          ,          ,          ,          ,8,16,16,8,0,0,0,0,0,0,0,0,0,0,0,48,8.5,408,                    ,STANFORD,5/20/2026,,,8.5,408,9,39,                    ,XS / 8,S / 16,M / 16,L / 8,XL / 0,,,,,,,,,,
187,4/22/2026,5/20/2026,STENUE,5/6/2026,Closed,PO,P1348,,,,,,4/22/2026,5/20/2026,4/22/2026,ELEVATOR DISCO,,0,                    ,                                                  ,                    ,0,SS26,26-May,DRESSES,Style,CD1060,PINK,Closed,XS,S,M,L,XL,          ,          ,          ,          ,          ,          ,          ,          ,          ,          ,10,20,20,10,0,0,0,0,0,0,0,0,0,0,0,60,18.5,1110,                    ,STANFORD,5/20/2026,,,18.5,1110,98,-38,                    ,XS / 10,S / 20,M / 20,L / 10,XL / 0,,,,,,,,,,
188,4/22/2026,5/20/2026,STENUE,5/6/2026,Closed,PO,P1456,,,,,,4/22/2026,5/20/2026,4/22/2026,ELEVATOR DISCO,,0,                    ,                                                  ,                    ,0,SS26,26-May,PANTS,Style,CP1028,WHITE BLUE,Closed,XS,S,M,L,XL,          ,          ,          ,          ,          ,          ,          ,          ,          ,          ,8,16,16,8,0,0,0,0,0,0,0,0,0,0,0,48,15.7,753.6,                    ,STANFORD,5/20/2026,,,15.7,753.6,16,32,                    ,XS / 8,S / 16,M / 16,L / 8,XL / 0,,,,,,,,,,
189,4/22/2026,5/20/2026,STENUE,5/6/2026,Closed,PO,P1478,,,,,,4/22/2026,5/20/2026,4/22/2026,ELEVATOR DISCO,,0,                    ,                                                  ,                    ,0,SS26,26-May,DRESSES,Style,EDX2815V,PINK,Closed,XS,S,M,L,XL,          ,          ,          ,          ,          ,          ,          ,          ,          ,          ,7,14,14,7,0,0,0,0,0,0,0,0,0,0,0,42,13.8,579.6,                    ,STANFORD,5/20/2026,,,13.8,579.6,30,12,                    ,XS / 7,S / 14,M / 14,L / 7,XL / 0,,,,,,,,,,
190,4/22/2026,5/20/2026,STENUE,5/6/2026,Closed,PO,P1346,,,,,,4/22/2026,5/20/2026,4/22/2026,ELEVATOR DISCO,,0,                    ,                                                  ,                    ,0,SS26,26-Jun,DRESSES,Style,CD1050,PINK MULTI,Closed,XS,S,M,L,XL,          ,          ,          ,          ,          ,          ,          ,          ,          ,          ,15,30,30,15,0,0,0,0,0,0,0,0,0,0,0,90,14.5,1305,                    ,STANFORD,5/20/2026,,,14.5,1305,100,-10,                    ,XS / 15,S / 30,M / 30,L / 15,XL / 0,,,,,,,,,,
191,4/22/2026,7/9/2026,STENUE,1/1/1900,Open,PO,,,,,,,6/18/2026,7/9/2026,6/18/2026,FREESIA,                    ,1625,LULUS,LULU'S FASHION LOUNGE,225571,0,                    ,LULUS,                    ,Style,FSET8043,IVORY BLUE,Open,XXS,XS,S,M,L,XL,XXL,          ,          ,          ,          ,          ,          ,          ,          ,0,38,100,100,40,22,0,0,0,0,0,0,0,0,0,300,13.3,3990,,STANFORD,7/9/2026,,,0,0,0,300,NEW,XXS / 0,XS / 38,S / 100,M / 100,L / 40,XL / 22,XXL / 0,,,,,,,,
192,4/22/2026,,STENUE,1/1/1900,Open,PO,,,,,,,6/4/2026,6/26/2026,,FREESIA,                    ,212,LULUS,LULU'S FASHION LOUNGE,225182,0,                    ,LULUS,                    ,Style,FRD1989,CREAM,Open,XXS,XS,S,M,L,XL,XXL,          ,          ,          ,          ,          ,          ,          ,          ,5,54,117,122,90,58,4,0,0,0,0,0,0,0,0,450,16.8,7560,,STANFORD,5/20/2026,,,16.8,7560,0,450,REORDER,XXS / 5,XS / 54,S / 117,M / 122,L / 90,XL / 58,XXL / 4,,,,,,,,
193,4/22/2026,,                    ,1/1/1900,Open,Cut,,,,,,,6/12/2026,7/3/2026,,FREESIA,,0,                    ,                                                  ,                    ,0,                    ,LULUS,                    ,Style,ED1649D,GREEN FLORAL,Open,XXS,XS,S,M,L,XL,XXL,          ,          ,          ,          ,          ,          ,          ,          ,9,32,98,108,33,17,2,0,0,0,0,0,0,0,0,299,11.2,3348.8,,STANFORD,,,,11.2,3348.8,0,299,                    ,XXS / 9,XS / 32,S / 98,M / 108,L / 33,XL / 17,XXL / 2,,,,,,,,
194,4/22/2026,,STENUE,1/1/1900,Open,PO,,,,,,,6/12/2026,7/3/2026,,FREESIA,                    ,211,LULUS,LULU'S FASHION LOUNGE,225180,0,                    ,LULUS,                    ,Style,ED1649D,GREEN FLORAL,Open,XXS,XS,S,M,L,XL,XXL,          ,          ,          ,          ,          ,          ,          ,          ,9,32,98,108,33,17,2,0,0,0,0,0,0,0,0,299,11.2,3348.8,,STANFORD,,,,11.2,3348.8,0,299,REORDER,XXS / 9,XS / 32,S / 98,M / 108,L / 33,XL / 17,XXL / 2,,,,,,,,
195,4/22/2026,,STENUE,1/1/1900,Open,PO,,,,,,,6/12/2026,6/26/2026,,FREESIA,                    ,210,LULUS,LULU'S FASHION LOUNGE,225177,0,                    ,LULUS,                    ,Style,FRD1226,RUST,Open,XXS,XS,S,M,L,XL,XXL,          ,          ,          ,          ,          ,          ,          ,          ,20,86,165,166,64,0,0,0,0,0,0,0,0,0,0,501,15.3,7665.3,,STANFORD,,,,15.3,7665.3,0,501,REORDER,XXS / 20,XS / 86,S / 165,M / 166,L / 64,XL / 0,XXL / 0,,,,,,,,
196,4/22/2026,,STENUE,1/1/1900,Open,PO,,,,,,,6/19/2026,7/10/2026,,FREESIA,                    ,209,LULUS,LULU'S FASHION LOUNGE,225169,0,                    ,LULUS,                    ,Style,EDD1125,PEACH,Open,XXS,XS,S,M,L,XL,XXL,          ,          ,          ,          ,          ,          ,          ,          ,12,72,126,119,33,10,3,0,0,0,0,0,0,0,0,375,13.8,5175,,STANFORD,5/20/2026,,,13.8,5175,0,375,REORDER,XXS / 12,XS / 72,S / 126,M / 119,L / 33,XL / 10,XXL / 3,,,,,,,,
197,4/22/2026,,STENUE,1/1/1900,Open,PO,,,,,,,6/5/2026,6/26/2026,,FREESIA,                    ,208,LULUS,LULU'S FASHION LOUNGE,225166,0,                    ,LULUS,                    ,Style,EDX2047,LIME GREEN,Open,XXS,XS,S,M,L,XL,XXL,          ,          ,          ,          ,          ,          ,          ,          ,8,66,122,105,27,17,5,0,0,0,0,0,0,0,0,350,10.5,3675,,STANFORD,,,,10.5,3675,0,350,REORDER,XXS / 8,XS / 66,S / 122,M / 105,L / 27,XL / 17,XXL / 5,,,,,,,,
198,4/22/2026,,STENUE,1/1/1900,Open,PO,,,,,,,6/4/2026,6/26/2026,,FREESIA,                    ,207,LULUS,LULU'S FASHION LOUNGE,225122,0,                    ,LULUS,                    ,Style,EDD1125,LT YLW/WHT/SILVER,Open,XXS,XS,S,M,L,XL,XXL,          ,          ,          ,          ,          ,          ,          ,          ,8,115,198,200,44,17,18,0,0,0,0,0,0,0,0,600,13.8,8280,,STANFORD,,,,13.8,8280,0,600,REORDER,XXS / 8,XS / 115,S / 198,M / 200,L / 44,XL / 17,XXL / 18,,,,,,,,
199,4/22/2026,,STENUE,1/1/1900,Open,PO,,,,,,,6/12/2026,7/3/2026,,FREESIA,                    ,206,LULUS,LULU'S FASHION LOUNGE,225103,0,                    ,LULUS,                    ,Style,FRD2204,NAVY,Open,XXS,XS,S,M,L,XL,XXL,          ,          ,          ,          ,          ,          ,          ,          ,5,21,108,124,91,56,0,0,0,0,0,0,0,0,0,405,13,5265,,STANFORD,,,,13.2,5346,0,405,NEW,XXS / 5,XS / 21,S / 108,M / 124,L / 91,XL / 56,XXL / 0,,,,,,,,
200,4/22/2026,,STENUE,1/1/1900,Open,PO,,,,,,,6/26/2026,7/17/2026,,FREESIA,                    ,1374,LULUS,LULU'S FASHION LOUNGE,225386,0,                    ,LULUS,                    ,Style,FSET8043M,SAGE,Open,XXS,XS,S,M,L,XL,XXL,          ,          ,          ,          ,          ,          ,          ,          ,4,20,107,100,50,17,3,0,0,0,0,0,0,0,0,301,13,3913,,STANFORD,,,,13,3913,0,301,REORDER,XXS / 4,XS / 20,S / 107,M / 100,L / 50,XL / 17,XXL / 3,,,,,,,,
201,4/22/2026,,DONGJING,1/1/1900,Open,PO,,,,,,,6/18/2026,7/10/2026,,FREESIA,MATSON,1375,LULUS,LULU'S FASHION LOUNGE,225385,0,                    ,LULUS,                    ,Style,SET8142,IVORY BLUE,Open,XXS,XS,S,M,L,XL,XXL,          ,          ,          ,          ,          ,          ,          ,          ,3,22,55,78,26,15,1,0,0,0,0,0,0,0,0,200,13,2600,,STANFORD,,,,0,0,0,200,REORDER,XXS / 3,XS / 22,S / 55,M / 78,L / 26,XL / 15,XXL / 1,,,,,,,,
202,4/23/2026,,STENUE,1/1/1900,Open,PO,,,,,,,6/26/2026,7/23/2026,6/26/2026,ELEVATOR DISCO,                    ,213,LULUS,LULU'S FASHION LOUNGE,225183,0,                    ,LULUS,DRESSES,Style,TD1051,FOREST GREEN,Open,XXS,XS,S,M,L,XL,XXL,          ,          ,          ,          ,          ,          ,          ,          ,5,24,63,68,62,51,27,0,0,0,0,0,0,0,0,300,13,3900,,STANFORD,,,,14.8,4440,0,300,REORDER,XXS / 5,XS / 24,S / 63,M / 68,L / 62,XL / 51,XXL / 27,,,,,,,,
203,4/23/2026,,GF,1/1/1900,Open,PO,,,,,,,6/25/2026,7/23/2026,,ELEVATOR DISCO,,0,                    ,                                                  ,                    ,0,FW26,26-Jul,TOPS,Style,CT1061,GRAY,Open,XS,S,M,L,XL,          ,          ,          ,          ,          ,          ,          ,          ,          ,          ,61,90,68,35,0,0,0,0,0,0,0,0,0,0,0,254,0,0,,STANFORD,,,,0,0,0,254,                    ,XS / 61,S / 90,M / 68,L / 35,XL / 0,,,,,,,,,,
204,4/23/2026,,STENUE,1/1/1900,Open,PO,,,,,,,6/25/2026,7/23/2026,,ELEVATOR DISCO,,0,                    ,                                                  ,                    ,0,FW26,26-Jul,SWEATERS,Style,EVW5017,LIGHT BLUE,Open,XS,S,M,L,XL,          ,          ,          ,          ,          ,          ,          ,          ,          ,          ,41,60,48,25,0,0,0,0,0,0,0,0,0,0,0,174,0,0,                    ,STANFORD,,,,0,0,0,174,                    ,XS / 41,S / 60,M / 48,L / 25,XL / 0,,,,,,,,,,
205,4/23/2026,,STENUE,1/1/1900,Open,PO,,,,,,,6/25/2026,7/23/2026,,ELEVATOR DISCO,,0,                    ,                                                  ,                    ,0,FW26,26-Jul,OUTERWEAR,Style,EVO7011,BEIGE,Open,XS,S,M,L,XL,          ,          ,          ,          ,          ,          ,          ,          ,          ,          ,12,20,18,10,0,0,0,0,0,0,0,0,0,0,0,60,0,0,,STANFORD,,,,26,1560,0,60,                    ,XS / 12,S / 20,M / 18,L / 10,XL / 0,,,,,,,,,,
206,4/23/2026,,STENUE,1/1/1900,Open,PO,,,,,,,6/25/2026,7/23/2026,,ELEVATOR DISCO,,0,                    ,                                                  ,                    ,0,FW26,26-Sep,TOPS,Style,EVT2054,LIGHT BROWN,Open,XS,S,M,L,XL,          ,          ,          ,          ,          ,          ,          ,          ,          ,          ,17,34,34,17,0,0,0,0,0,0,0,0,0,0,0,102,9.7,989.4,,STANFORD,,,,0,0,0,102,                    ,XS / 17,S / 34,M / 34,L / 17,XL / 0,,,,,,,,,,
207,4/24/2026,,STENUE,1/1/1900,Open,PO,,,,,,,6/25/2026,7/23/2026,,ELEVATOR DISCO,,0,                    ,                                                  ,                    ,0,FW26,26-Jul,DRESSES,Style,EVD1008,CREAM,Open,XS,S,M,L,XL,          ,          ,          ,          ,          ,          ,          ,          ,          ,          ,17,34,34,17,0,0,0,0,0,0,0,0,0,0,0,102,25,2550,                    ,STANFORD,,,,0,0,0,102,                    ,XS / 17,S / 34,M / 34,L / 17,XL / 0,,,,,,,,,,
208,4/24/2026,,STENUE,1/1/1900,Open,PO,,,,,,,6/25/2026,7/23/2026,,ELEVATOR DISCO,,0,                    ,                                                  ,                    ,0,FW26,26-Jul,DRESSES,Style,EVD1015,CREAM,Open,XS,S,M,L,XL,          ,          ,          ,          ,          ,          ,          ,          ,          ,          ,17,34,34,17,0,0,0,0,0,0,0,0,0,0,0,102,28.9,2947.8,,STANFORD,,,,28.9,2947.8,0,102,                    ,XS / 17,S / 34,M / 34,L / 17,XL / 0,,,,,,,,,,
209,4/24/2026,,STENUE,1/1/1900,Open,PO,,,,,,,6/25/2026,7/23/2026,,ELEVATOR DISCO,,0,                    ,                                                  ,                    ,0,FW26,26-Jul,DRESSES,Style,EVD1076,PINK,Open,XS,S,M,L,XL,          ,          ,          ,          ,          ,          ,          ,          ,          ,          ,17,34,34,17,0,0,0,0,0,0,0,0,0,0,0,102,28.5,2907,,STANFORD,,,,28.5,2907,0,102,                    ,XS / 17,S / 34,M / 34,L / 17,XL / 0,,,,,,,,,,
210,4/24/2026,,STENUE,1/1/1900,Open,PO,,,,,,,6/25/2026,7/23/2026,,ELEVATOR DISCO,,0,                    ,                                                  ,                    ,0,FW26,26-Jul,TOPS,Style,EVT2022,YELLOW,Open,XS,S,M,L,XL,          ,          ,          ,          ,          ,          ,          ,          ,          ,          ,17,34,34,17,0,0,0,0,0,0,0,0,0,0,0,102,9.5,969,,STANFORD,,,,9.5,969,0,102,                    ,XS / 17,S / 34,M / 34,L / 17,XL / 0,,,,,,,,,,
211,4/24/2026,,STENUE,1/1/1900,Open,PO,,,,,,,6/25/2026,7/23/2026,,ELEVATOR DISCO,,0,                    ,                                                  ,                    ,0,FW26,26-Jul,SHORTS,Style,EVB3015,YELLOW,Open,XS,S,M,L,XL,          ,          ,          ,          ,          ,          ,          ,          ,          ,          ,17,34,34,17,0,0,0,0,0,0,0,0,0,0,0,102,9.5,969,,STANFORD,,,,9.5,969,0,102,                    ,XS / 17,S / 34,M / 34,L / 17,XL / 0,,,,,,,,,,
212,4/24/2026,,DONGJING,1/1/1900,Open,PO,,,,,,,6/25/2026,7/23/2026,,ELEVATOR DISCO,,0,                    ,                                                  ,                    ,0,FW26,26-Jul,PANTS,Style,EVB3028,BLACK,Open,XS,S,M,L,XL,          ,          ,          ,          ,          ,          ,          ,          ,          ,          ,17,34,34,17,0,0,0,0,0,0,0,0,0,0,0,102,15,1530,,STANFORD,,,,15,1530,0,102,                    ,XS / 17,S / 34,M / 34,L / 17,XL / 0,,,,,,,,,,
213,4/24/2026,,KJ,1/1/1900,Open,PO,,,,,,,6/25/2026,7/23/2026,,ELEVATOR DISCO,,0,                    ,                                                  ,                    ,0,FW26,26-Jul,PANTS,Style,EVB3003,BLACK,Open,XS,S,M,L,XL,          ,          ,          ,          ,          ,          ,          ,          ,          ,          ,12,24,24,12,0,0,0,0,0,0,0,0,0,0,0,72,14.4,1036.8,,STANFORD,,,,0,0,0,72,                    ,XS / 12,S / 24,M / 24,L / 12,XL / 0,,,,,,,,,,
214,4/24/2026,,STENUE,1/1/1900,Open,PO,,,,,,,6/25/2026,7/23/2026,,ELEVATOR DISCO,,0,                    ,                                                  ,                    ,0,FW26,26-Jul,SWEATERS,Style,EVW5014,YELLOW,Open,XS,S,M,L,XL,          ,          ,          ,          ,          ,          ,          ,          ,          ,          ,17,34,34,17,0,0,0,0,0,0,0,0,0,0,0,102,15.2,1550.4,,STANFORD,,,,0,0,0,102,                    ,XS / 17,S / 34,M / 34,L / 17,XL / 0,,,,,,,,,,
215,4/24/2026,,STENUE,1/1/1900,Open,PO,,,,,,,6/25/2026,7/23/2026,,ELEVATOR DISCO,,0,                    ,                                                  ,                    ,0,FW26,26-Jul,TOPS,Style,EVT2015,NAVY,Open,XS,S,M,L,XL,          ,          ,          ,          ,          ,          ,          ,          ,          ,          ,17,34,34,17,0,0,0,0,0,0,0,0,0,0,0,102,12.4,1264.8,,STANFORD,,,,0,0,0,102,                    ,XS / 17,S / 34,M / 34,L / 17,XL / 0,,,,,,,,,,
216,4/24/2026,,STENUE,1/1/1900,Open,PO,,,,,,,6/25/2026,7/23/2026,,ELEVATOR DISCO,,0,                    ,                                                  ,                    ,0,FW26,26-Jul,SKIRTS,Style,EVB3020,NAVY,Open,XS,S,M,L,XL,          ,          ,          ,          ,          ,          ,          ,          ,          ,          ,17,34,34,17,0,0,0,0,0,0,0,0,0,0,0,102,15.2,1550.4,,STANFORD,,,,0,0,0,102,                    ,XS / 17,S / 34,M / 34,L / 17,XL / 0,,,,,,,,,,
217,4/24/2026,,STENUE,1/1/1900,Open,PO,,,,,,,6/25/2026,7/23/2026,,ELEVATOR DISCO,MATSON,0,                    ,                                                  ,                    ,0,FW26,26-Jul,OUTERWEAR,Style,EVO7011,BEIGE,Open,XS,S,M,L,XL,          ,          ,          ,          ,          ,          ,          ,          ,          ,          ,21,42,42,21,0,0,0,0,0,0,0,0,0,0,0,126,26,3276,,STANFORD,,,,26,3276,0,126,                    ,XS / 21,S / 42,M / 42,L / 21,XL / 0,,,,,,,,,,
218,4/24/2026,,STENUE,1/1/1900,Open,PO,,,,,,,6/25/2026,7/23/2026,,ELEVATOR DISCO,,0,                    ,                                                  ,                    ,0,FW26,26-Jul,OUTERWEAR,Style,EVO7003,BEIGE,Open,XS,S,M,L,XL,          ,          ,          ,          ,          ,          ,          ,          ,          ,          ,17,34,34,17,0,0,0,0,0,0,0,0,0,0,0,102,19.5,1989,,STANFORD,,,,0,0,0,102,                    ,XS / 17,S / 34,M / 34,L / 17,XL / 0,,,,,,,,,,
219,4/24/2026,,INLOOK,1/1/1900,Open,PO,,,,,,,5/29/2026,6/18/2026,,ELEVATOR DISCO,                    ,1659,LULUS,LULU'S FASHION LOUNGE,225761,0,                    ,LULUS,                    ,Style,ED1377,NAVY BLUE,Open,XXS,XS,S,M,L,XL,XXL,          ,          ,          ,          ,          ,          ,          ,          ,5,60,132,128,39,30,6,0,0,0,0,0,0,0,0,400,12,4800,,STANFORD,,,,12,4800,0,400,NEW,XXS / 5,XS / 60,S / 132,M / 128,L / 39,XL / 30,XXL / 6,,,,,,,,
220,4/24/2026,,STENUE,1/1/1900,Open,PO,,,,,,,7/2/2026,7/16/2026,,ELEVATOR DISCO,                    ,0,                    ,                                                  ,                    ,0,SS26,LULUS,TOPS,Style,ET2699,BRW ROSE GREEN,Open,XS,S,M,L,XL,          ,          ,          ,          ,          ,          ,          ,          ,          ,          ,44,118,123,54,21,0,0,0,0,0,0,0,0,0,0,360,10.2,3672,,STANFORD,,,,7.8,2808,0,360,                    ,XS / 44,S / 118,M / 123,L / 54,XL / 21,,,,,,,,,,
221,4/24/2026,,INLOOK,1/1/1900,Open,PO,,,,,,,6/11/2026,6/25/2026,,ELEVATOR DISCO,MATSON,0,                    ,                                                  ,                    ,0,                    ,LULUS,DRESSES,Style,FRD1226,YELLOW,Open,XXS,XS,S,M,L,XL,XXL,          ,          ,          ,          ,          ,          ,          ,          ,10,48,129,106,39,18,0,0,0,0,0,0,0,0,0,350,14,4900,,STANFORD,,,,14,4900,0,350,                    ,XXS / 10,XS / 48,S / 129,M / 106,L / 39,XL / 18,XXL / 0,,,,,,,,
222,4/24/2026,,STENUE,1/1/1900,Open,PO,,,,,,,7/9/2026,7/31/2026,,ELEVATOR DISCO,                    ,0,                    ,                                                  ,                    ,0,                    ,LULUS,                    ,Style,FRD1806,IVORY,Open,XXS,XS,S,M,L,XL,XXL,          ,          ,          ,          ,          ,          ,          ,          ,0,0,48,232,157,63,0,0,0,0,0,0,0,0,0,500,15.8,7900,,STANFORD,,,,15.8,7900,0,500,                    ,XXS / 0,XS / 0,S / 48,M / 232,L / 157,XL / 63,XXL / 0,,,,,,,,
223,4/24/2026,,GF,1/1/1900,Open,PO,,,,,,,5/29/2026,6/18/2026,,ELEVATOR DISCO,                    ,1660,SHORT STORY,SHORT STORY,VRJHPR,0,                    ,                    ,                    ,Style,FSW5063,BEIGE,Open,XXSP,XSP,SP,MP,LP,XLP,XXLP,          ,          ,          ,          ,          ,          ,          ,          ,0,55,100,65,20,10,0,0,0,0,0,0,0,0,0,250,6.3,1575,,STANFORD,,,,0,0,0,250,NEW,XXSP / 0,XSP / 55,SP / 100,MP / 65,LP / 20,XLP / 10,XXLP / 0,,,,,,,,
224,4/24/2026,,STENUE,1/1/1900,Open,PO,,,,,,,6/25/2026,7/23/2026,,ELEVATOR DISCO,,0,                    ,                                                  ,                    ,0,FW26,26-Jul,SWEATERS,Style,EVW5017,GRAY,Open,XS,S,M,L,XL,          ,          ,          ,          ,          ,          ,          ,          ,          ,          ,17,34,34,17,0,0,0,0,0,0,0,0,0,0,0,102,12.6,1285.2,,STANFORD,,,,12.6,1285.2,0,102,                    ,XS / 17,S / 34,M / 34,L / 17,XL / 0,,,,,,,,,,
225,4/24/2026,,STENUE,1/1/1900,Open,PO,,,,,,,6/25/2026,7/23/2026,,ELEVATOR DISCO,,0,                    ,                                                  ,                    ,0,FW26,26-Jul,DRESSES,Style,EVD1011,CREAM,Open,XS,S,M,L,XL,          ,          ,          ,          ,          ,          ,          ,          ,          ,          ,17,34,34,17,0,0,0,0,0,0,0,0,0,0,0,102,27.8,2835.6,,STANFORD,,,,0,0,0,102,                    ,XS / 17,S / 34,M / 34,L / 17,XL / 0,,,,,,,,,,
226,4/24/2026,,STENUE,1/1/1900,Open,PO,,,,,,,6/25/2026,7/23/2026,,ELEVATOR DISCO,,0,                    ,                                                  ,                    ,0,FW26,26-Jul,SKIRTS,Style,EVB3004,CREAM,Open,XS,S,M,L,XL,          ,          ,          ,          ,          ,          ,          ,          ,          ,          ,17,34,34,17,0,0,0,0,0,0,0,0,0,0,0,102,17,1734,,STANFORD,,,,0,0,0,102,                    ,XS / 17,S / 34,M / 34,L / 17,XL / 0,,,,,,,,,,
227,4/24/2026,,STENUE,1/1/1900,Open,PO,,,,,,,6/25/2026,7/23/2026,,ELEVATOR DISCO,,0,                    ,                                                  ,                    ,0,FW26,26-Jul,OUTERWEAR,Style,EVO7006,OLIVE,Open,XS,S,M,L,XL,          ,          ,          ,          ,          ,          ,          ,          ,          ,          ,17,34,34,17,0,0,0,0,0,0,0,0,0,0,0,102,0,0,,STANFORD,,,,0,0,0,102,                    ,XS / 17,S / 34,M / 34,L / 17,XL / 0,,,,,,,,,,
228,4/24/2026,,LOSON,1/1/1900,Open,PO,,,,,,,6/25/2026,7/23/2026,,ELEVATOR DISCO,,0,                    ,                                                  ,                    ,0,FW26,26-Jul,DRESSES,Style,EVD1023,LIGHT RED,Open,XS,S,M,L,XL,          ,          ,          ,          ,          ,          ,          ,          ,          ,          ,17,34,34,17,0,0,0,0,0,0,0,0,0,0,0,102,0,0,,STANFORD,,,,0,0,0,102,                    ,XS / 17,S / 34,M / 34,L / 17,XL / 0,,,,,,,,,,
229,4/24/2026,,STENUE,1/1/1900,Open,PO,,,,,,,6/25/2026,7/23/2026,,ELEVATOR DISCO,,0,                    ,                                                  ,                    ,0,FW26,26-Jul,TOPS,Style,EVT2013,CREAM,Open,XS,S,M,L,XL,          ,          ,          ,          ,          ,          ,          ,          ,          ,          ,17,34,34,17,0,0,0,0,0,0,0,0,0,0,0,102,14,1428,,STANFORD,,,,0,0,0,102,                    ,XS / 17,S / 34,M / 34,L / 17,XL / 0,,,,,,,,,,
230,4/24/2026,,STENUE,1/1/1900,Open,PO,,,,,,,6/25/2026,7/23/2026,,ELEVATOR DISCO,,0,                    ,                                                  ,                    ,0,FW26,26-Jul,SKIRTS,Style,EVB3021,CREAM,Open,XS,S,M,L,XL,          ,          ,          ,          ,          ,          ,          ,          ,          ,          ,17,34,34,17,0,0,0,0,0,0,0,0,0,0,0,102,17.5,1785,,STANFORD,,,,0,0,0,102,                    ,XS / 17,S / 34,M / 34,L / 17,XL / 0,,,,,,,,,,
231,4/24/2026,,INLOOK,1/1/1900,Open,PO,,,,,,,6/25/2026,7/23/2026,,ELEVATOR DISCO,,0,                    ,                                                  ,                    ,0,FW26,26-Jul,SKIRTS,Style,FRS3051,BROWN,Open,XS,S,M,L,XL,          ,          ,          ,          ,          ,          ,          ,          ,          ,          ,9,18,18,9,0,0,0,0,0,0,0,0,0,0,0,54,13.5,729,,STANFORD,,,,0,0,0,54,                    ,XS / 9,S / 18,M / 18,L / 9,XL / 0,,,,,,,,,,
232,4/24/2026,,STENUE,1/1/1900,Open,PO,,,,,,,6/25/2026,7/23/2026,,ELEVATOR DISCO,,0,                    ,                                                  ,                    ,0,FW26,26-Jul,TOPS,Style,EVT2002,CREAM,Open,XS,S,M,L,XL,          ,          ,          ,          ,          ,          ,          ,          ,          ,          ,10,20,20,10,0,0,0,0,0,0,0,0,0,0,0,60,11,660,,STANFORD,,,,0,0,0,60,                    ,XS / 10,S / 20,M / 20,L / 10,XL / 0,,,,,,,,,,
233,4/24/2026,,STENUE,1/1/1900,Open,PO,,,,,,,6/25/2026,7/23/2026,,ELEVATOR DISCO,,0,                    ,                                                  ,                    ,0,FW26,26-Jul,SKIRTS,Style,EVB3005,CREAM,Open,XS,S,M,L,XL,          ,          ,          ,          ,          ,          ,          ,          ,          ,          ,10,20,20,10,0,0,0,0,0,0,0,0,0,0,0,60,9.3,558,,STANFORD,,,,10.7,642,0,60,                    ,XS / 10,S / 20,M / 20,L / 10,XL / 0,,,,,,,,,,
234,4/24/2026,,STENUE,1/1/1900,Open,PO,,,,,,,7/9/2026,7/30/2026,,ELEVATOR DISCO,                    ,0,                    ,                                                  ,                    ,0,FW26,26-Jul,TOPS,Style,EVT2002,CREAM,Open,XS,S,M,L,XL,          ,          ,          ,          ,          ,          ,          ,          ,          ,          ,7,13,12,8,0,0,0,0,0,0,0,0,0,0,0,40,11,440,,STANFORD,,,,0,0,0,40,                    ,XS / 7,S / 13,M / 12,L / 8,XL / 0,,,,,,,,,,
235,4/24/2026,,STENUE,1/1/1900,Open,PO,,,,,,,7/9/2026,7/30/2026,,ELEVATOR DISCO,                    ,1360,ANTHROPOLOGIE,ANTHROPOLOGIE,7023118,0,FW26,26-Jul,OUTERWEAR,Style,EVO7011PL,BEIGE,Open,1X,2X,3X,          ,          ,          ,          ,          ,          ,          ,          ,          ,          ,          ,          ,28,32,20,0,0,0,0,0,0,0,0,0,0,0,0,80,0,0,,STANFORD,,,,0,0,0,80,NEW,1X / 28,2X / 32,3X / 20,,,,,,,,,,,,
236,4/24/2026,,STENUE,1/1/1900,Open,PO,,,,,,,7/9/2026,7/30/2026,,ELEVATOR DISCO,                    ,1360,ANTHROPOLOGIE,ANTHROPOLOGIE,7023118,0,FW26,26-Jul,OUTERWEAR,Style,EVO7011PT,BEIGE,Open,XS PT,S PT,M PT,L PT,XL PT,          ,          ,          ,          ,          ,          ,          ,          ,          ,          ,16,16,12,6,0,0,0,0,0,0,0,0,0,0,0,50,0,0,,STANFORD,,,,0,0,0,50,NEW,XS PT / 16,S PT / 16,M PT / 12,L PT / 6,XL PT / 0,,,,,,,,,,
237,4/27/2026,,KJ,1/1/1900,Open,PO,,,,,,,9/3/2026,9/30/2026,,ELEVATOR DISCO,                    ,1361,ANTHROPOLOGIE,ANTHROPOLOGIE,7027062,0,FW26,26-Sep,DRESSES,Style,EVD1072PL,DARK BROWN,Open,1X,2X,3X,          ,          ,          ,          ,          ,          ,          ,          ,          ,          ,          ,          ,26,22,12,0,0,0,0,0,0,0,0,0,0,0,0,60,21.5,1290,,STANFORD,,,,0,0,0,60,NEW,1X / 26,2X / 22,3X / 12,,,,,,,,,,,,
238,4/27/2026,,KJ,1/1/1900,Open,PO,P1598,,,,,,9/3/2026,9/30/2026,9/4/2026,ELEVATOR DISCO,                    ,0,                    ,                                                  ,                    ,0,FW26,26-Sep,DRESSES,Style,EVD1072PT,DARK BROWN,Open,XS PT,S PT,M PT,L PT,XL PT,          ,          ,          ,          ,          ,          ,          ,          ,          ,          ,14,17,13,8,0,0,0,0,0,0,0,0,0,0,0,52,21.5,1118,,STANFORD,,,,0,0,0,52,                    ,XS PT / 14,S PT / 17,M PT / 13,L PT / 8,XL PT / 0,,,,,,,,,,
239,4/27/2026,,KJ,1/1/1900,Open,PO,,,,,,,8/27/2026,9/23/2026,,ELEVATOR DISCO,,0,                    ,                                                  ,                    ,0,FW26,26-Sep,DRESSES,Style,EVD1072,DARK BROWN,Open,XS,S,M,L,XL,          ,          ,          ,          ,          ,          ,          ,          ,          ,          ,7,14,14,7,0,0,0,0,0,0,0,0,0,0,0,42,21.5,903,,STANFORD,,,,0,0,0,42,                    ,XS / 7,S / 14,M / 14,L / 7,XL / 0,,,,,,,,,,
240,4/28/2026,,STENUE,1/1/1900,Open,PO,P1538,,,,,,9/25/2026,,,ELEVATOR DISCO,BOAT,1365,NUULY,NUULY,6990507,0,FW26,26-Sep,PANTS,Style,EVB3017,DARK GREEN,Open,XS,S,M,L,XL,          ,          ,          ,          ,          ,          ,          ,          ,          ,          ,26,64,68,37,0,0,0,0,0,0,0,0,0,0,0,195,14.5,2827.5,                    ,STANFORD,,,,16,3120,0,195,NEW,XS / 26,S / 64,M / 68,L / 37,XL / 0,,,,,,,,,,
241,4/28/2026,,STENUE,1/1/1900,Open,PO,P1564,,,,,,9/25/2026,,,ELEVATOR DISCO,BOAT,1366,NUULY,NUULY,6990508,0,FW26,26-Sep,PANTS,Style,EVB3017,DARK GREEN,Open,XS,S,M,L,XL,          ,          ,          ,          ,          ,          ,          ,          ,          ,          ,51,123,132,72,0,0,0,0,0,0,0,0,0,0,0,378,14.5,5481,,STANFORD,5/26/2026,,,16,6048,0,378,NEW,XS / 51,S / 123,M / 132,L / 72,XL / 0,,,,,,,,,,
245,4/29/2026,5/27/2026,STENUE,1/1/1900,Closed,PO,P1371,,,,,,4/29/2026,5/27/2026,4/29/2026,ELEVATOR DISCO,                    ,1391,BLOOMINGDALES,BLOOMINGDALES,6077858,0,SS26,26-May,DRESSES,Style,CD1061,WHITE,Closed,XS,S,M,L,XL,          ,          ,          ,          ,          ,          ,          ,          ,          ,          ,14,23,19,10,6,0,0,0,0,0,0,0,0,0,0,72,22,1584,,STANFORD,5/27/2026,,,22,1584,0,72,MAJOR,XS / 14,S / 23,M / 19,L / 10,XL / 6,,,,,,,,,,
253,4/29/2026,5/27/2026,STENUE,1/1/1900,Closed,PO,,,,,,,4/29/2026,5/27/2026,4/29/2026,ELEVATOR DISCO,                    ,1391,BLOOMINGDALES,BLOOMINGDALES,6077858,0,SS26,26-May,SKIRTS,Style,CS1002,PINK,Closed,XS,S,M,L,XL,          ,          ,          ,          ,          ,          ,          ,          ,          ,          ,7,13,11,6,3,0,0,0,0,0,0,0,0,0,0,40,14.8,592,,STANFORD,5/27/2026,,,14.8,592,0,40,MAJOR,XS / 7,S / 13,M / 11,L / 6,XL / 3,,,,,,,,,,
268,4/30/2026,,STENUE,1/1/1900,Open,PO,,,,,,,6/4/2026,7/3/2026,,ELEVATOR DISCO,                    ,0,                    ,                                                  ,                    ,0,SS26,LULUS,DRESSES,Style,EDX2742,LT TAUPE BROWN BLACK,Open,XXS,XS,S,M,L,XL,XXL,          ,          ,          ,          ,          ,          ,          ,          ,8,40,90,80,40,22,0,0,0,0,0,0,0,0,0,280,15.6,4368,,STANFORD,5/28/2026,,,15.6,4368,0,280,                    ,XXS / 8,XS / 40,S / 90,M / 80,L / 40,XL / 22,XXL / 0,,,,,,,,
269,4/30/2026,5/28/2026,INLOOK,1/1/1900,Open,PO,,,,,,,4/30/2026,5/28/2026,4/30/2026,ELEVATOR DISCO,                    ,164,LULUS,LULU'S FASHION LOUNGE,222114,0,                    ,LULUS,                    ,Style,ED1377,SAND,Open,XXS,XS,S,M,L,XL,XXL,          ,          ,          ,          ,          ,          ,          ,          ,8,57,119,108,34,25,0,0,0,0,0,0,0,0,0,351,12,4212,,STANFORD,5/28/2026,,,12,4212,0,351,NEW,XXS / 8,XS / 57,S / 119,M / 108,L / 34,XL / 25,XXL / 0,,,,,,,,
270,4/30/2026,5/28/2026,STENUE,1/1/1900,Open,PO,,,,,,,4/30/2026,5/28/2026,4/30/2026,ELEVATOR DISCO,                    ,167,LULUS,LULU'S FASHION LOUNGE,222375,0,                    ,LULUS,                    ,Style,GRD001,IVORY,Open,XS,S,M,L,XL,          ,          ,          ,          ,          ,          ,          ,          ,          ,          ,44,95,87,33,16,0,0,0,0,0,0,0,0,0,0,275,8.5,2337.5,,STANFORD,5/28/2026,,,8.5,2337.5,0,275,NEW,XS / 44,S / 95,M / 87,L / 33,XL / 16,,,,,,,,,,
271,4/30/2026,5/28/2026,STENUE,1/1/1900,Open,PO,,,,,,,4/30/2026,5/28/2026,4/30/2026,ELEVATOR DISCO,                    ,168,LULUS,LULU'S FASHION LOUNGE,222378,0,                    ,LULUS,                    ,Style,EDD1124,BLACK,Open,XXS,XS,S,M,L,XL,XXL,          ,          ,          ,          ,          ,          ,          ,          ,2,53,142,191,0,1,11,0,0,0,0,0,0,0,0,400,12.2,4880,,STANFORD,5/28/2026,,,12.2,4880,0,400,NEW,XXS / 2,XS / 53,S / 142,M / 191,L / 0,XL / 1,XXL / 11,,,,,,,,
272,4/30/2026,5/28/2026,STENUE,5/21/2026,Closed,PO,,,,,,,4/30/2026,5/28/2026,4/30/2026,ELEVATOR DISCO,                    ,169,LULUS,LULU'S FASHION LOUNGE,222379,0,                    ,LULUS,                    ,Style,FRD2215,SAGE,Closed,XXS,XS,S,M,L,XL,XXL,          ,          ,          ,          ,          ,          ,          ,          ,5,16,117,146,78,43,0,0,0,0,0,0,0,0,0,405,22,8910,,STANFORD,5/28/2026,,,22,8910,367,38,NEW,XXS / 5,XS / 16,S / 117,M / 146,L / 78,XL / 43,XXL / 0,,,,,,,,
273,4/30/2026,5/28/2026,STENUE,5/21/2026,Closed,PO,,,,,,,4/30/2026,5/28/2026,4/30/2026,ELEVATOR DISCO,                    ,169,LULUS,LULU'S FASHION LOUNGE,222379,0,                    ,LULUS,                    ,Style,FRD2215P,SAGE,Closed,1X,2X,3X,          ,          ,          ,          ,          ,          ,          ,          ,          ,          ,          ,          ,5,5,5,0,0,0,0,0,0,0,0,0,0,0,0,15,23.5,352.5,,STANFORD,5/28/2026,,,23.5,352.5,13,2,NEW,1X / 5,2X / 5,3X / 5,,,,,,,,,,,,
274,4/30/2026,5/28/2026,STENUE,1/1/1900,Open,PO,,,,,,,4/30/2026,5/28/2026,4/30/2026,ELEVATOR DISCO,                    ,171,LULUS,LULU'S FASHION LOUNGE,222592,0,                    ,LULUS,                    ,Style,FRD1989,CREAM,Open,XXS,XS,S,M,L,XL,XXL,          ,          ,          ,          ,          ,          ,          ,          ,6,55,126,124,81,58,5,0,0,0,0,0,0,0,0,455,16.8,7644,,STANFORD,5/28/2026,,,16.8,7644,0,455,NEW,XXS / 6,XS / 55,S / 126,M / 124,L / 81,XL / 58,XXL / 5,,,,,,,,
275,4/30/2026,5/28/2026,STENUE,5/21/2026,Closed,PO,,,,,,,4/30/2026,5/28/2026,4/30/2026,ELEVATOR DISCO,                    ,172,LULUS,LULU'S FASHION LOUNGE,222675,0,                    ,LULUS,                    ,Style,SET8367VB,CREAM SHINY CLEAR,Closed,XS,S,M,L,XL,          ,          ,          ,          ,          ,          ,          ,          ,          ,          ,65,112,74,38,11,0,0,0,0,0,0,0,0,0,0,300,10.2,3060,,STANFORD,5/28/2026,,,10.2,3060,314,-14,NEW,XS / 65,S / 112,M / 74,L / 38,XL / 11,,,,,,,,,,
276,4/30/2026,5/28/2026,STENUE,5/21/2026,Closed,PO,,,,,,,4/30/2026,5/28/2026,4/30/2026,ELEVATOR DISCO,                    ,172,LULUS,LULU'S FASHION LOUNGE,222675,0,                    ,LULUS,                    ,Style,SET8367VT,CREAM SHINY CLEAR,Closed,XS,S,M,L,XL,          ,          ,          ,          ,          ,          ,          ,          ,          ,          ,67,122,67,41,2,0,0,0,0,0,0,0,0,0,0,299,6.8,2033.2,,STANFORD,5/28/2026,,,6.8,2033.2,307,-8,NEW,XS / 67,S / 122,M / 67,L / 41,XL / 2,,,,,,,,,,
277,4/30/2026,,STENUE,1/1/1900,Open,PO,,,,,,,4/30/2026,6/19/2026,,ELEVATOR DISCO,                    ,173,LULUS,LULU'S FASHION LOUNGE,222854,0,                    ,LULUS,                    ,Style,FRD2215,BLACK,Open,XXS,XS,S,M,L,XL,XXL,          ,          ,          ,          ,          ,          ,          ,          ,5,71,161,100,54,14,0,0,0,0,0,0,0,0,0,405,22,8910,,STANFORD,5/28/2026,,,22,8910,0,405,NEW,XXS / 5,XS / 71,S / 161,M / 100,L / 54,XL / 14,XXL / 0,,,,,,,,
278,4/30/2026,,STENUE,1/1/1900,Open,PO,,,,,,,4/30/2026,,,ELEVATOR DISCO,                    ,173,LULUS,LULU'S FASHION LOUNGE,222854,0,                    ,LULUS,                    ,Style,FRD2215P,BLACK,Open,1X,2X,3X,          ,          ,          ,          ,          ,          ,          ,          ,          ,          ,          ,          ,5,0,0,0,0,0,0,0,0,0,0,0,0,0,0,5,23.5,117.5,,STANFORD,5/28/2026,,,23.5,117.5,0,5,NEW,1X / 5,2X / 0,3X / 0,,,,,,,,,,,,
278,4/30/2026,,STENUE,1/1/1900,Open,PO,,,,,,,4/30/2026,,,ELEVATOR DISCO,                    ,173,LULUS,LULU'S FASHION LOUNGE,222854,0,                    ,LULUS,                    ,Style,FRD2215P,BLACK,Open,1X,2X,3X,          ,          ,          ,          ,          ,          ,          ,          ,          ,          ,          ,          ,0,5,5,0,0,0,0,0,0,0,0,0,0,0,0,10,25,250,,STANFORD,5/28/2026,,,23.5,235,0,10,NEW,1X / 0,2X / 5,3X / 5,,,,,,,,,,,,
279,4/30/2026,5/28/2026,STENUE,1/1/1900,Open,PO,,,,,,,4/30/2026,5/28/2026,4/30/2026,ELEVATOR DISCO,                    ,174,LULUS,LULU'S FASHION LOUNGE,222867,0,                    ,LULUS,                    ,Style,FRD2215,BURGUNDY,Open,XXS,XS,S,M,L,XL,XXL,          ,          ,          ,          ,          ,          ,          ,          ,5,71,161,100,54,14,0,0,0,0,0,0,0,0,0,405,22,8910,,STANFORD,5/28/2026,,,22,8910,0,405,NEW,XXS / 5,XS / 71,S / 161,M / 100,L / 54,XL / 14,XXL / 0,,,,,,,,
280,4/30/2026,5/28/2026,STENUE,1/1/1900,Open,PO,,,,,,,4/30/2026,5/28/2026,4/30/2026,ELEVATOR DISCO,                    ,174,LULUS,LULU'S FASHION LOUNGE,222867,0,                    ,LULUS,                    ,Style,FRD2215P,BURGUNDY,Open,1X,2X,3X,          ,          ,          ,          ,          ,          ,          ,          ,          ,          ,          ,          ,5,5,5,0,0,0,0,0,0,0,0,0,0,0,0,15,23.5,352.5,,STANFORD,5/28/2026,,,23.5,352.5,0,15,NEW,1X / 5,2X / 5,3X / 5,,,,,,,,,,,,
281,4/30/2026,,STENUE,1/1/1900,Open,PO,,,,,,,5/28/2026,6/12/2026,,ELEVATOR DISCO,MATSON,175,LULUS,LULU'S FASHION LOUNGE,222858,0,                    ,LULUS,                    ,Style,SET8314BP,NAVY IVORY,Open,XXS,XS,S,M,L,XL,XXL,          ,          ,          ,          ,          ,          ,          ,          ,0,57,118,118,58,29,0,0,0,0,0,0,0,0,0,380,7.8,2964,,STANFORD,5/28/2026,,,6.4,2432,0,380,NEW,XXS / 0,XS / 57,S / 118,M / 118,L / 58,XL / 29,XXL / 0,,,,,,,,
282,4/30/2026,,STENUE,1/1/1900,Open,PO,,,,,,,5/28/2026,6/12/2026,,ELEVATOR DISCO,MATSON,175,LULUS,LULU'S FASHION LOUNGE,222858,0,                    ,LULUS,                    ,Style,SET8314BT,NAVY IVORY,Open,XXS,XS,S,M,L,XL,XXL,          ,          ,          ,          ,          ,          ,          ,          ,0,58,111,123,58,30,0,0,0,0,0,0,0,0,0,380,5,1900,,STANFORD,5/28/2026,,,9.3,3534,0,380,NEW,XXS / 0,XS / 58,S / 111,M / 123,L / 58,XL / 30,XXL / 0,,,,,,,,
283,4/30/2026,5/28/2026,STENUE,1/1/1900,Open,PO,,,,,,,4/30/2026,5/28/2026,4/30/2026,ELEVATOR DISCO,                    ,176,LULUS,LULU'S FASHION LOUNGE,223048,0,                    ,LULUS,                    ,Style,EDD1326,BEIGE SHINY GOLD,Open,XXS,XS,S,M,L,XL,XXL,          ,          ,          ,          ,          ,          ,          ,          ,9,49,68,93,37,44,0,0,0,0,0,0,0,0,0,300,15.8,4740,,STANFORD,5/28/2026,,,15.8,4740,0,300,                    ,XXS / 9,XS / 49,S / 68,M / 93,L / 37,XL / 44,XXL / 0,,,,,,,,
284,4/30/2026,5/28/2026,GF,1/1/1900,Open,PO,,,,,,,4/30/2026,5/28/2026,4/30/2026,ELEVATOR DISCO,                    ,177,LULUS,LULU'S FASHION LOUNGE,223057,0,                    ,LULUS,                    ,Style,FRD1947,OLIVE,Open,XXS,XS,S,M,L,XL,XXL,          ,          ,          ,          ,          ,          ,          ,          ,5,68,147,129,62,34,5,0,0,0,0,0,0,0,0,450,12.5,5625,,STANFORD,5/28/2026,,,12.5,5625,0,450,NEW,XXS / 5,XS / 68,S / 147,M / 129,L / 62,XL / 34,XXL / 5,,,,,,,,
285,4/30/2026,5/28/2026,STENUE,1/1/1900,Open,PO,,,,,,,4/30/2026,5/28/2026,4/30/2026,ELEVATOR DISCO,                    ,178,LULUS,LULU'S FASHION LOUNGE,223344,0,                    ,LULUS,                    ,Style,SET8375VDS,DENIM BLUE,Open,XXS,XS,S,M,L,XL,XXL,          ,          ,          ,          ,          ,          ,          ,          ,0,51,94,91,42,22,0,0,0,0,0,0,0,0,0,300,9,2700,,STANFORD,5/28/2026,,,9,2700,0,300,NEW,XXS / 0,XS / 51,S / 94,M / 91,L / 42,XL / 22,XXL / 0,,,,,,,,
286,4/30/2026,5/28/2026,STENUE,1/1/1900,Open,PO,,,,,,,4/30/2026,5/28/2026,4/30/2026,ELEVATOR DISCO,                    ,178,LULUS,LULU'S FASHION LOUNGE,223344,0,                    ,LULUS,                    ,Style,SET8375VDT,DENIM BLUE,Open,XXS,XS,S,M,L,XL,XXL,          ,          ,          ,          ,          ,          ,          ,          ,0,45,93,93,46,23,0,0,0,0,0,0,0,0,0,300,6.2,1860,,STANFORD,5/28/2026,,,6.2,1860,0,300,NEW,XXS / 0,XS / 45,S / 93,M / 93,L / 46,XL / 23,XXL / 0,,,,,,,,
287,4/30/2026,5/28/2026,STENUE,5/19/2026,Closed,PO,,,,,,,4/30/2026,5/28/2026,4/30/2026,ELEVATOR DISCO,                    ,179,LULUS,LULU'S FASHION LOUNGE,223381,0,                    ,LULUS,                    ,Style,FSET8043M,SAGE,Closed,XXS,XS,S,M,L,XL,XXL,          ,          ,          ,          ,          ,          ,          ,          ,6,8,91,134,85,20,6,0,0,0,0,0,0,0,0,350,13,4550,,STANFORD,5/28/2026,,,13,4550,302,48,NEW,XXS / 6,XS / 8,S / 91,M / 134,L / 85,XL / 20,XXL / 6,,,,,,,,
288,4/30/2026,5/28/2026,STENUE,1/1/1900,Open,PO,,,,,,,4/30/2026,5/28/2026,4/30/2026,ELEVATOR DISCO,                    ,180,LULUS,LULU'S FASHION LOUNGE,223571,0,                    ,LULUS,                    ,Style,ES3537V,NAVY WHITE,Open,XXS,XS,S,M,L,XL,XXL,          ,          ,          ,          ,          ,          ,          ,          ,0,51,94,91,42,22,0,0,0,0,0,0,0,0,0,300,7.9,2370,,STANFORD,5/28/2026,,,7.9,2370,0,300,NEW,XXS / 0,XS / 51,S / 94,M / 91,L / 42,XL / 22,XXL / 0,,,,,,,,
289,4/30/2026,,STENUE,1/1/1900,Open,PO,,,,,,,6/5/2026,6/19/2026,,ELEVATOR DISCO,                    ,181,LULUS,LULU'S FASHION LOUNGE,223572,0,                    ,LULUS,SKIRTS,Style,ES3537AV,LVNDR/IVO/ORANGE,Open,XXS,XS,S,M,L,XL,XXL,          ,          ,          ,          ,          ,          ,          ,          ,0,51,94,91,42,22,0,0,0,0,0,0,0,0,0,300,15,4500,,STANFORD,5/28/2026,,,15,4500,0,300,NEW,XXS / 0,XS / 51,S / 94,M / 91,L / 42,XL / 22,XXL / 0,,,,,,,,
290,4/30/2026,5/28/2026,STENUE,1/1/1900,Open,PO,,,,,,,4/30/2026,5/28/2026,4/30/2026,ELEVATOR DISCO,                    ,182,LULUS,LULU'S FASHION LOUNGE,223590,0,                    ,LULUS,                    ,Style,SETD1072,IVORY,Open,XXS,XS,S,M,L,XL,XXL,          ,          ,          ,          ,          ,          ,          ,          ,6,50,98,99,36,11,0,0,0,0,0,0,0,0,0,300,10.2,3060,,STANFORD,5/28/2026,,,10.2,3060,0,300,NEW,XXS / 6,XS / 50,S / 98,M / 99,L / 36,XL / 11,XXL / 0,,,,,,,,
291,4/30/2026,5/28/2026,STENUE,1/1/1900,Open,PO,,,,,,,4/30/2026,5/28/2026,4/30/2026,ELEVATOR DISCO,                    ,183,LULUS,LULU'S FASHION LOUNGE,223632,0,                    ,LULUS,                    ,Style,FRD1806,IVORY,Open,XXS,XS,S,M,L,XL,XXL,          ,          ,          ,          ,          ,          ,          ,          ,20,143,236,155,95,50,0,0,0,0,0,0,0,0,0,699,15.8,11044.2,,STANFORD,5/28/2026,,,15.8,11044.2,0,699,NEW,XXS / 20,XS / 143,S / 236,M / 155,L / 95,XL / 50,XXL / 0,,,,,,,,
292,4/30/2026,5/28/2026,STENUE,1/1/1900,Closed,PO,,,,,,,4/30/2026,5/28/2026,4/30/2026,ELEVATOR DISCO,                    ,184,LULUS,LULU'S FASHION LOUNGE,223659,0,                    ,LULUS,                    ,Style,FRD2204,PALE YELLOW,Closed,XXS,XS,S,M,L,XL,XXL,          ,          ,          ,          ,          ,          ,          ,          ,5,43,140,114,41,8,0,0,0,0,0,0,0,0,0,351,13.2,4633.2,,STANFORD,5/28/2026,NO FABRIC,5/7/2026,13.2,4633.2,0,351,NEW,XXS / 5,XS / 43,S / 140,M / 114,L / 41,XL / 8,XXL / 0,,,,,,,,
293,4/30/2026,,STENUE,1/1/1900,Open,PO,,,,,,,6/25/2026,7/17/2026,,ELEVATOR DISCO,MATSON,185,LULUS,LULU'S FASHION LOUNGE,223760,0,                    ,LULUS,SKIRTS,Style,ES3307A,DK OLIVE PINK,Open,XXS,XS,S,M,L,XL,XXL,          ,          ,          ,          ,          ,          ,          ,          ,0,51,94,91,42,22,0,0,0,0,0,0,0,0,0,300,9.8,2940,,STANFORD,,,,0,0,0,300,NEW,XXS / 0,XS / 51,S / 94,M / 91,L / 42,XL / 22,XXL / 0,,,,,,,,
294,4/30/2026,5/28/2026,STENUE,1/1/1900,Open,PO,,,,,,,4/30/2026,5/28/2026,4/30/2026,ELEVATOR DISCO,                    ,186,LULUS,LULU'S FASHION LOUNGE,223810,0,                    ,LULUS,                    ,Style,ED1435,MUSTARD WHITE,Open,XXS,XS,S,M,L,XL,XXL,          ,          ,          ,          ,          ,          ,          ,          ,5,40,97,83,47,25,4,0,0,0,0,0,0,0,0,301,10,3010,,STANFORD,5/28/2026,,,10,3010,0,301,NEW,XXS / 5,XS / 40,S / 97,M / 83,L / 47,XL / 25,XXL / 4,,,,,,,,
295,4/30/2026,5/28/2026,STENUE,1/1/1900,Open,PO,,,,,,,4/30/2026,5/28/2026,4/30/2026,ELEVATOR DISCO,                    ,187,LULUS,LULU'S FASHION LOUNGE,223960,0,                    ,LULUS,                    ,Style,EDD1326,BLACK,Open,XXS,XS,S,M,L,XL,XXL,          ,          ,          ,          ,          ,          ,          ,          ,5,37,76,90,51,46,5,0,0,0,0,0,0,0,0,310,15.8,4898,,STANFORD,5/28/2026,,,15.8,4898,0,310,NEW,XXS / 5,XS / 37,S / 76,M / 90,L / 51,XL / 46,XXL / 5,,,,,,,,
296,4/30/2026,5/28/2026,STENUE,1/1/1900,Closed,PO,,,,,,,4/30/2026,5/28/2026,4/30/2026,ELEVATOR DISCO,                    ,188,LULUS,LULU'S FASHION LOUNGE,223961,0,                    ,LULUS,                    ,Style,FRD1989,NAVY,Closed,XXS,XS,S,M,L,XL,XXL,          ,          ,          ,          ,          ,          ,          ,          ,0,27,46,89,134,50,5,0,0,0,0,0,0,0,0,351,17.5,6142.5,,STANFORD,5/28/2026,,,16.8,5896.8,0,351,NEW,XXS / 0,XS / 27,S / 46,M / 89,L / 134,XL / 50,XXL / 5,,,,,,,,
297,4/30/2026,5/28/2026,STENUE,1/1/1900,Open,PO,,,,,,,4/30/2026,5/28/2026,4/30/2026,ELEVATOR DISCO,                    ,189,LULUS,LULU'S FASHION LOUNGE,223976,0,                    ,LULUS,                    ,Style,SETD1072GP,GREEN PRINT,Open,XXS,XS,S,M,L,XL,XXL,          ,          ,          ,          ,          ,          ,          ,          ,0,31,84,83,33,18,0,0,0,0,0,0,0,0,0,249,10.2,2539.8,,STANFORD,5/28/2026,,,10.2,2539.8,0,249,NEW,XXS / 0,XS / 31,S / 84,M / 83,L / 33,XL / 18,XXL / 0,,,,,,,,
298,4/30/2026,5/28/2026,STENUE,1/1/1900,Open,PO,,,,,,,4/30/2026,5/28/2026,4/30/2026,ELEVATOR DISCO,                    ,190,LULUS,LULU'S FASHION LOUNGE,223995,0,                    ,LULUS,                    ,Style,EDD1125,ROYAL BLUE,Open,XXS,XS,S,M,L,XL,XXL,          ,          ,          ,          ,          ,          ,          ,          ,5,72,125,117,44,27,10,0,0,0,0,0,0,0,0,400,13.8,5520,,STANFORD,5/28/2026,,,13.8,5520,0,400,NEW,XXS / 5,XS / 72,S / 125,M / 117,L / 44,XL / 27,XXL / 10,,,,,,,,
299,4/30/2026,5/28/2026,STENUE,1/1/1900,Open,PO,,,,,,,4/30/2026,5/28/2026,4/30/2026,ELEVATOR DISCO,                    ,191,LULUS,LULU'S FASHION LOUNGE,224094,0,                    ,LULUS,                    ,Style,FRD2066,IVORY IVORY,Open,XXS,XS,S,M,L,XL,XXL,          ,          ,          ,          ,          ,          ,          ,          ,0,41,89,91,77,52,0,0,0,0,0,0,0,0,0,350,16.9,5915,,STANFORD,5/28/2026,,,16.9,5915,0,350,NEW,XXS / 0,XS / 41,S / 89,M / 91,L / 77,XL / 52,XXL / 0,,,,,,,,
300,4/30/2026,5/28/2026,STENUE,1/1/1900,Open,PO,,,,,,,4/30/2026,5/28/2026,4/30/2026,ELEVATOR DISCO,                    ,192,LULUS,LULU'S FASHION LOUNGE,224120,0,                    ,LULUS,                    ,Style,FRD2249,OLIVE SHINY OLIVE,Open,XXS,XS,S,M,L,XL,XXL,          ,          ,          ,          ,          ,          ,          ,          ,0,47,101,104,88,60,0,0,0,0,0,0,0,0,0,400,14.7,5880,,STANFORD,5/28/2026,,,14.7,5880,0,400,NEW,XXS / 0,XS / 47,S / 101,M / 104,L / 88,XL / 60,XXL / 0,,,,,,,,
301,4/30/2026,5/28/2026,STENUE,1/1/1900,Open,PO,,,,,,,4/30/2026,5/28/2026,4/30/2026,ELEVATOR DISCO,                    ,193,LULUS,LULU'S FASHION LOUNGE,224209,0,                    ,LULUS,TOPS,Style,SETD1066T,RED WHITE,Open,XXS,XS,S,M,L,XL,XXL,          ,          ,          ,          ,          ,          ,          ,          ,0,35,83,79,36,17,0,0,0,0,0,0,0,0,0,250,7.7,1925,,STANFORD,5/28/2026,,,7.7,1925,0,250,NEW,XXS / 0,XS / 35,S / 83,M / 79,L / 36,XL / 17,XXL / 0,,,,,,,,
302,4/30/2026,5/28/2026,STENUE,1/1/1900,Open,PO,,,,,,,4/30/2026,5/28/2026,4/30/2026,ELEVATOR DISCO,                    ,194,LULUS,LULU'S FASHION LOUNGE,224226,0,                    ,LULUS,                    ,Style,ED1649D,GREEN FLORAL,Open,XXS,XS,S,M,L,XL,XXL,          ,          ,          ,          ,          ,          ,          ,          ,13,50,147,162,50,26,4,0,0,0,0,0,0,0,0,452,11.2,5062.4,,STANFORD,5/28/2026,,,11.2,5062.4,0,452,NEW,XXS / 13,XS / 50,S / 147,M / 162,L / 50,XL / 26,XXL / 4,,,,,,,,
303,4/30/2026,,GF,1/1/1900,Open,PO,,,,,,,6/25/2026,7/16/2026,,ELEVATOR DISCO,                    ,195,LULUS,LULU'S FASHION LOUNGE,224233,0,                    ,LULUS,                    ,Style,FRD1947,BLACK,Open,XXS,XS,S,M,L,XL,XXL,          ,          ,          ,          ,          ,          ,          ,          ,5,43,94,85,44,25,4,0,0,0,0,0,0,0,0,300,12.5,3750,,STANFORD,,,,12.5,3750,0,300,NEW,XXS / 5,XS / 43,S / 94,M / 85,L / 44,XL / 25,XXL / 4,,,,,,,,
304,4/30/2026,5/28/2026,INLOOK,1/1/1900,Open,PO,,,,,,,4/30/2026,5/28/2026,4/30/2026,ELEVATOR DISCO,                    ,196,LULUS,LULU'S FASHION LOUNGE,224266,0,                    ,LULUS,                    ,Style,FRD1226,IVORY,Open,XXS,XS,S,M,L,XL,XXL,          ,          ,          ,          ,          ,          ,          ,          ,8,55,97,136,70,32,3,0,0,0,0,0,0,0,0,401,14,5614,,STANFORD,5/28/2026,,,14,5614,0,401,NEW,XXS / 8,XS / 55,S / 97,M / 136,L / 70,XL / 32,XXL / 3,,,,,,,,
305,4/30/2026,5/28/2026,STENUE,1/1/1900,Open,PO,,,,,,,4/30/2026,5/28/2026,4/30/2026,ELEVATOR DISCO,                    ,197,LULUS,LULU'S FASHION LOUNGE,224267,0,                    ,LULUS,                    ,Style,EDX2047,LIME GREEN,Open,XXS,XS,S,M,L,XL,XXL,          ,          ,          ,          ,          ,          ,          ,          ,5,56,99,95,58,29,8,0,0,0,0,0,0,0,0,350,10.5,3675,,STANFORD,5/28/2026,,,10.5,3675,0,350,NEW,XXS / 5,XS / 56,S / 99,M / 95,L / 58,XL / 29,XXL / 8,,,,,,,,
306,4/30/2026,5/28/2026,STENUE,1/1/1900,Open,PO,,,,,,,4/30/2026,5/28/2026,4/30/2026,ELEVATOR DISCO,                    ,198,LULUS,LULU'S FASHION LOUNGE,224297,0,                    ,LULUS,                    ,Style,FRD2204,NAVY,Open,XXS,XS,S,M,L,XL,XXL,          ,          ,          ,          ,          ,          ,          ,          ,5,0,79,115,64,42,0,0,0,0,0,0,0,0,0,305,13.2,4026,,STANFORD,5/28/2026,,,13.2,4026,0,305,NEW,XXS / 5,XS / 0,S / 79,M / 115,L / 64,XL / 42,XXL / 0,,,,,,,,
307,4/30/2026,5/28/2026,STENUE,1/1/1900,Open,PO,,,,,,,4/30/2026,5/28/2026,4/30/2026,ELEVATOR DISCO,                    ,199,LULUS,LULU'S FASHION LOUNGE,224363,0,                    ,LULUS,                    ,Style,FSET8043A,CHAMPAGNE,Open,XXS,XS,S,M,L,XL,XXL,          ,          ,          ,          ,          ,          ,          ,          ,3,27,60,65,29,12,3,0,0,0,0,0,0,0,0,199,13.2,2626.8,,STANFORD,5/28/2026,,,13.2,2626.8,0,199,NEW,XXS / 3,XS / 27,S / 60,M / 65,L / 29,XL / 12,XXL / 3,,,,,,,,
308,4/30/2026,5/28/2026,STENUE,1/1/1900,Open,PO,,,,,,,4/30/2026,5/28/2026,4/30/2026,ELEVATOR DISCO,                    ,200,LULUS,LULU'S FASHION LOUNGE,224428,0,                    ,LULUS,                    ,Style,FRD2204,DEEP PLUM,Open,XXS,XS,S,M,L,XL,XXL,          ,          ,          ,          ,          ,          ,          ,          ,5,49,94,97,70,40,0,0,0,0,0,0,0,0,0,355,13.2,4686,,STANFORD,5/28/2026,,,13.2,4686,0,355,NEW,XXS / 5,XS / 49,S / 94,M / 97,L / 70,XL / 40,XXL / 0,,,,,,,,
309,4/30/2026,5/28/2026,STENUE,1/1/1900,Open,PO,,,,,,,4/30/2026,5/28/2026,4/30/2026,ELEVATOR DISCO,                    ,201,LULUS,LULU'S FASHION LOUNGE,224431,0,                    ,LULUS,                    ,Style,FSET8043C,CRM/PNK/BUR STRIPE,Open,XXS,XS,S,M,L,XL,XXL,          ,          ,          ,          ,          ,          ,          ,          ,5,37,99,96,38,20,5,0,0,0,0,0,0,0,0,300,12.8,3840,,STANFORD,5/28/2026,,,12.8,3840,0,300,NEW,XXS / 5,XS / 37,S / 99,M / 96,L / 38,XL / 20,XXL / 5,,,,,,,,
310,4/30/2026,5/28/2026,STENUE,1/1/1900,Open,PO,,,,,,,4/30/2026,5/28/2026,4/30/2026,ELEVATOR DISCO,                    ,202,LULUS,LULU'S FASHION LOUNGE,224433,0,                    ,LULUS,                    ,Style,SETD1072,BURGUNDY,Open,XXS,XS,S,M,L,XL,XXL,          ,          ,          ,          ,          ,          ,          ,          ,0,38,101,100,40,22,0,0,0,0,0,0,0,0,0,301,10.2,3070.2,,STANFORD,5/28/2026,,,10.2,3070.2,0,301,NEW,XXS / 0,XS / 38,S / 101,M / 100,L / 40,XL / 22,XXL / 0,,,,,,,,
311,4/30/2026,5/28/2026,STENUE,1/1/1900,Open,PO,,,,,,,4/30/2026,5/28/2026,4/30/2026,ELEVATOR DISCO,                    ,203,LULUS,LULU'S FASHION LOUNGE,224434,0,                    ,LULUS,                    ,Style,FSET8043M,SAGE,Open,XXS,XS,S,M,L,XL,XXL,          ,          ,          ,          ,          ,          ,          ,          ,5,36,100,98,39,18,5,0,0,0,0,0,0,0,0,301,13,3913,,STANFORD,5/28/2026,,,13,3913,0,301,NEW,XXS / 5,XS / 36,S / 100,M / 98,L / 39,XL / 18,XXL / 5,,,,,,,,
312,4/30/2026,5/28/2026,STENUE,1/1/1900,Open,PO,,,,,,,4/30/2026,5/28/2026,4/30/2026,ELEVATOR DISCO,                    ,204,LULUS,LULU'S FASHION LOUNGE,224854,0,                    ,LULUS,                    ,Style,FSET8043BRD,IVORY,Open,XXS,XS,S,M,L,XL,XXL,          ,          ,          ,          ,          ,          ,          ,          ,7,28,114,120,59,18,5,0,0,0,0,0,0,0,0,351,13.2,4633.2,,STANFORD,5/28/2026,,,13.2,4633.2,0,351,NEW,XXS / 7,XS / 28,S / 114,M / 120,L / 59,XL / 18,XXL / 5,,,,,,,,
313,4/30/2026,5/28/2026,STENUE,1/1/1900,Open,PO,,,,,,,4/30/2026,5/28/2026,4/30/2026,ELEVATOR DISCO,MATSON,205,LULUS,LULU'S FASHION LOUNGE,224855,0,                    ,LULUS,                    ,Style,FRJ6044S,CHAMPAGNE,Open,XXS,XS,S,M,L,XL,XXL,          ,          ,          ,          ,          ,          ,          ,          ,0,71,121,67,25,16,0,0,0,0,0,0,0,0,0,300,6.8,2040,,STANFORD,5/28/2026,,,6.8,2040,0,300,NEW,XXS / 0,XS / 71,S / 121,M / 67,L / 25,XL / 16,XXL / 0,,,,,,,,
314,4/30/2026,5/28/2026,STENUE,1/1/1900,Open,PO,,,,,,,4/30/2026,5/28/2026,4/30/2026,ELEVATOR DISCO,                    ,1357,ANTHROPOLOGIE,ANTHROPOLOGIE,6954479,0,FW26,26-Jul,SKIRTS,Style,EVB3005,CREAM,Open,XS,S,M,L,XL,          ,          ,          ,          ,          ,          ,          ,          ,          ,          ,8,13,12,7,0,0,0,0,0,0,0,0,0,0,0,40,10.7,428,,STANFORD,5/28/2026,,,10.7,428,0,40,NEW,XS / 8,S / 13,M / 12,L / 7,XL / 0,,,,,,,,,,
315,4/30/2026,,INLOOK,1/1/1900,Open,PO,,,,,,,9/3/2026,9/23/2026,4/30/2026,ELEVATOR DISCO,MATSON,1358,ANTHROPOLOGIE,ANTHROPOLOGIE,6954480,0,FW26,26-Sep,SKIRTS,Style,EVB3053,BLACK,Open,XS,S,M,L,XL,          ,          ,          ,          ,          ,          ,          ,          ,          ,          ,13,19,18,10,0,0,0,0,0,0,0,0,0,0,0,60,16.75,1005,                    ,STANFORD,5/28/2026,,,15,900,0,60,NEW,XS / 13,S / 19,M / 18,L / 10,XL / 0,,,,,,,,,,
316,4/30/2026,,STENUE,1/1/1900,Open,PO,,,,,,,9/3/2026,9/30/2026,,ELEVATOR DISCO,                    ,1359,ANTHROPOLOGIE,ANTHROPOLOGIE,6954481,0,FW26,26-Sep,SKIRTS,Style,EVB3038,BLACK,Open,XS,S,M,L,XL,          ,          ,          ,          ,          ,          ,          ,          ,          ,          ,13,19,18,10,0,0,0,0,0,0,0,0,0,0,0,60,0,0,,STANFORD,5/28/2026,,,19.5,1170,0,60,NEW,XS / 13,S / 19,M / 18,L / 10,XL / 0,,,,,,,,,,
317,4/30/2026,,INLOOK,1/1/1900,Open,PO,,,,,,,9/3/2026,9/30/2026,,ELEVATOR DISCO,MATSON,0,                    ,                                                  ,                    ,0,FW26,26-Sep,TOPS,Style,EVT2029,BLACK,Open,XS,S,M,L,XL,          ,          ,          ,          ,          ,          ,          ,          ,          ,          ,5,9,10,6,0,0,0,0,0,0,0,0,0,0,0,30,12.25,367.5,                    ,STANFORD,5/28/2026,,,0,0,0,30,                    ,XS / 5,S / 9,M / 10,L / 6,XL / 0,,,,,,,,,,
318,4/30/2026,,STENUE,1/1/1900,Open,PO,P1536,,,,,,9/17/2026,10/7/2026,,ELEVATOR DISCO,                    ,1368,NUULY,NUULY,6990555,0,FW26,26-Sep,SKIRTS,Style,EVB3025,BROWN,Open,XS,S,M,L,XL,          ,          ,          ,          ,          ,          ,          ,          ,          ,          ,23,52,48,25,0,0,0,0,0,0,0,0,0,0,0,148,13.3,1968.4,,STANFORD,5/28/2026,,,13.3,1968.4,0,148,NEW,XS / 23,S / 52,M / 48,L / 25,XL / 0,,,,,,,,,,
319,4/30/2026,,STENUE,1/1/1900,Open,PO,P1537,,,,,,9/17/2026,10/7/2026,,ELEVATOR DISCO,                    ,1369,NUULY,NUULY,6990556,0,FW26,26-Sep,SKIRTS,Style,EVB3025,BROWN,Open,XS,S,M,L,XL,          ,          ,          ,          ,          ,          ,          ,          ,          ,          ,39,88,81,42,0,0,0,0,0,0,0,0,0,0,0,250,13.3,3325,,STANFORD,5/28/2026,,,13.3,3325,0,250,NEW,XS / 39,S / 88,M / 81,L / 42,XL / 0,,,,,,,,,,
320,4/30/2026,5/28/2026,STENUE,1/1/1900,Open,PO,,,,,,,4/30/2026,5/28/2026,4/30/2026,ELEVATOR DISCO,                    ,1376,LULUS,LULU'S FASHION LOUNGE,225386,0,                    ,LULUS,                    ,Style,FSET8043M,SAGE,Open,XXS,XS,S,M,L,XL,XXL,          ,          ,          ,          ,          ,          ,          ,          ,4,20,107,100,50,17,3,0,0,0,0,0,0,0,0,301,13,3913,,STANFORD,5/28/2026,,,13,3913,0,301,REORDER,XXS / 4,XS / 20,S / 107,M / 100,L / 50,XL / 17,XXL / 3,,,,,,,,
321,4/30/2026,5/28/2026,STENUE,1/1/1900,Open,PO,,,,,,,4/30/2026,5/28/2026,4/30/2026,ELEVATOR DISCO,                    ,1377,LULUS,LULU'S FASHION LOUNGE,225386,0,                    ,LULUS,                    ,Style,SET8142,IVORY BLUE,Open,XXS,XS,S,M,L,XL,XXL,          ,          ,          ,          ,          ,          ,          ,          ,3,22,55,78,26,15,1,0,0,0,0,0,0,0,0,200,0,0,,STANFORD,5/28/2026,,,0,0,0,200,REORDER,XXS / 3,XS / 22,S / 55,M / 78,L / 26,XL / 15,XXL / 1,,,,,,,,
323,4/30/2026,5/28/2026,STENUE,1/1/1900,Open,PO,P1511,,,,,,4/30/2026,5/28/2026,4/30/2026,ELEVATOR DISCO,                    ,1390,BLOOMINGDALES,BLOOMINGDALES,6077847,0,SS26,26-May,DRESSES,Style,CD1061,WHITE,Open,XS,S,M,L,XL,          ,          ,          ,          ,          ,          ,          ,          ,          ,          ,9,18,15,6,2,0,0,0,0,0,0,0,0,0,0,50,22,1100,,STANFORD,5/28/2026,,,22,1100,0,50,MAJOR,XS / 9,S / 18,M / 15,L / 6,XL / 2,,,,,,,,,,
325,4/30/2026,5/28/2026,STENUE,5/20/2026,Closed,PO,P1513,,,,,,4/30/2026,5/28/2026,4/30/2026,ELEVATOR DISCO,                    ,1390,BLOOMINGDALES,BLOOMINGDALES,6077847,0,SS26,26-May,SKIRTS,Style,CS1002,PINK,Closed,XS,S,M,L,XL,          ,          ,          ,          ,          ,          ,          ,          ,          ,          ,13,21,18,11,7,0,0,0,0,0,0,0,0,0,0,70,14.8,1036,,STANFORD,5/28/2026,,,14.8,1036,70,0,MAJOR,XS / 13,S / 21,M / 18,L / 11,XL / 7,,,,,,,,,,
328,3/12/2026,,INLOOK,5/14/2026,Closed,PO,P1571,,,,,,4/23/2026,5/28/2026,,ELEVATOR DISCO,,0,                    ,                                                  ,                    ,0,SS26,26-May,SWEATERS,Style,FSW5044A,PINK,Closed,XS,S,M,L,XL,          ,          ,          ,          ,          ,          ,          ,          ,          ,          ,17,34,34,17,0,0,0,0,0,0,0,0,0,0,0,102,11.75,1198.5,                    ,STANFORD,,,,11.75,1198.5,108,-6,                    ,XS / 17,S / 34,M / 34,L / 17,XL / 0,,,,,,,,,,
329,3/13/2026,,STENUE,5/20/2026,Closed,PO,P1467,,,,,,4/30/2026,5/28/2026,,ELEVATOR DISCO,,0,                    ,                                                  ,                    ,0,SS26,26-May,TOPS,Style,CT1020,PINK BROWN,Closed,XS,S,M,L,XL,          ,          ,          ,          ,          ,          ,          ,          ,          ,          ,7,14,14,7,0,0,0,0,0,0,0,0,0,0,0,42,8.9,373.8,                    ,STANFORD,,,,8.9,373.8,34,8,                    ,XS / 7,S / 14,M / 14,L / 7,XL / 0,,,,,,,,,,
331,3/13/2026,,STENUE,5/27/2026,Closed,PO,P1353,,,,,,4/30/2026,5/23/2026,,ELEVATOR DISCO,,0,                    ,                                                  ,                    ,0,SS26,26-May,SHORTS,Style,FSET8080B,BLUE,Closed,XS,S,M,L,XL,          ,          ,          ,          ,          ,          ,          ,          ,          ,          ,5,10,10,5,0,0,0,0,0,0,0,0,0,0,0,30,9,270,                    ,STANFORD,,,,9,270,78,-48,                    ,XS / 5,S / 10,M / 10,L / 5,XL / 0,,,,,,,,,,
332,3/13/2026,,STENUE,5/6/2026,Closed,PO,"P1423, P1531",,,,,,4/3/2026,5/23/2026,,ELEVATOR DISCO,,0,                    ,                                                  ,                    ,0,SS26,26-May,DRESSES,Style,CD1004,PINK,Closed,XS,S,M,L,XL,          ,          ,          ,          ,          ,          ,          ,          ,          ,          ,8,16,16,8,0,0,0,0,0,0,0,0,0,0,0,48,20.1,964.8,                    ,STANFORD,,,,20.1,964.8,48,0,                    ,XS / 8,S / 16,M / 16,L / 8,XL / 0,,,,,,,,,,
333,1/6/2026,,STENUE,5/20/2026,Closed,PO,P1343,,,,,,4/30/2026,5/23/2026,,ELEVATOR DISCO,,0,                    ,                                                  ,                    ,0,SS26,26-May,DRESSES,Style,CD1013,LIGHT BLUE,Closed,XS,S,M,L,XL,          ,          ,          ,          ,          ,          ,          ,          ,          ,          ,12,24,24,12,0,0,0,0,0,0,0,0,0,0,0,72,18.9,1360.8,                    ,STANFORD,,,,18.9,1360.8,66,6,                    ,XS / 12,S / 24,M / 24,L / 12,XL / 0,,,,,,,,,,
334,3/13/2026,,STENUE,5/20/2026,Closed,PO,P1482,,,,,,4/30/2026,5/23/2026,,ELEVATOR DISCO,,0,                    ,                                                  ,                    ,0,SS26,26-May,DRESSES,Style,CD1032,BLACK WHITE,Closed,XS,S,M,L,XL,          ,          ,          ,          ,          ,          ,          ,          ,          ,          ,8,16,16,8,0,0,0,0,0,0,0,0,0,0,0,48,19,912,                    ,STANFORD,,,,19,912,48,0,                    ,XS / 8,S / 16,M / 16,L / 8,XL / 0,,,,,,,,,,
336,1/8/2026,,STENUE,5/20/2026,Closed,PO,P1446,,,,,,4/30/2026,5/23/2026,,ELEVATOR DISCO,,0,                    ,                                                  ,                    ,0,SS26,26-May,PANTS,Style,CP1007,BLUE,Closed,XS,S,M,L,XL,          ,          ,          ,          ,          ,          ,          ,          ,          ,          ,6,12,12,6,0,0,0,0,0,0,0,0,0,0,0,36,14.5,522,                    ,STANFORD,,,,14.5,522,72,-36,                    ,XS / 6,S / 12,M / 12,L / 6,XL / 0,,,,,,,,,,
336,1/8/2026,,STENUE,5/20/2026,Closed,PO,P1446,,,,,,4/30/2026,5/23/2026,,ELEVATOR DISCO,,0,                    ,                                                  ,                    ,0,SS26,26-May,PANTS,Style,CP1007,BLUE,Closed,XS,S,M,L,XL,          ,          ,          ,          ,          ,          ,          ,          ,          ,          ,6,12,12,6,0,0,0,0,0,0,0,0,0,0,0,36,14.5,522,,STANFORD,,,,14.5,522,72,-36,                    ,XS / 6,S / 12,M / 12,L / 6,XL / 0,,,,,,,,,,
343,1/9/2026,,STENUE,5/27/2026,Closed,PO,P1458,,,,,,4/30/2026,5/28/2026,,ELEVATOR DISCO,,0,                    ,                                                  ,                    ,0,SS26,26-May,SKIRTS,Style,CS1002,PINK,Closed,XS,S,M,L,XL,          ,          ,          ,          ,          ,          ,          ,          ,          ,          ,16,32,32,16,0,0,0,0,0,0,0,0,0,0,0,96,14.8,1420.8,                    ,STANFORD,,,,14.8,1420.8,108,-12,                    ,XS / 16,S / 32,M / 32,L / 16,XL / 0,,,,,,,,,,
344,1/9/2026,5/28/2026,STENUE,5/27/2026,Closed,PO,P1471,,,,,,4/30/2026,5/28/2026,4/30/2026,ELEVATOR DISCO,,0,                    ,                                                  ,                    ,0,SS26,26-May,SKIRTS,Style,CS1008,LIGHT BLUE,Closed,XS,S,M,L,XL,          ,          ,          ,          ,          ,          ,          ,          ,          ,          ,17,34,34,17,0,0,0,0,0,0,0,0,0,0,0,102,11.5,1173,                    ,STANFORD,,,,11.5,1173,102,0,                    ,XS / 17,S / 34,M / 34,L / 17,XL / 0,,,,,,,,,,
348,4/30/2026,5/28/2026,STENUE,4/30/2026,Closed,PO,,,,,,,4/30/2026,5/28/2026,4/30/2026,ELEVATOR DISCO,                    ,1669,LULUS,LULU'S FASHION LOUNGE,225903,0,                    ,LULUS,                    ,Style,FRD1226,BLUE,Closed,XXS,XS,S,M,L,XL,XXL,          ,          ,          ,          ,          ,          ,          ,          ,2,41,41,52,17,8,0,0,0,0,0,0,0,0,0,161,14,2254,,STANFORD,5/28/2026,,,14,2254,161,0,NEW,XXS / 2,XS / 41,S / 41,M / 52,L / 17,XL / 8,XXL / 0,,,,,,,,
354,4/30/2026,,STENUE,5/27/2026,Closed,PO,P1583,,,,,,4/15/2026,5/23/2026,,ELEVATOR DISCO,,0,                    ,                                                  ,                    ,0,SS26,26-May,DRESSES,Style,CD1044,PINK,Closed,XS,S,M,L,XL,          ,          ,          ,          ,          ,          ,          ,          ,          ,          ,17,34,34,17,0,0,0,0,0,0,0,0,0,0,0,102,16.8,1713.6,                    ,STANFORD,,,,16.8,1713.6,108,-6,                    ,XS / 17,S / 34,M / 34,L / 17,XL / 0,,,,,,,,,,
355,3/13/2026,,STENUE,5/27/2026,Closed,PO,P1584,,,,,,4/30/2026,5/23/2026,,ELEVATOR DISCO,,0,                    ,                                                  ,                    ,0,SS26,26-May,SHORTS,Style,CP1001,WHITE,Closed,XS,S,M,L,XL,          ,          ,          ,          ,          ,          ,          ,          ,          ,          ,17,34,34,17,0,0,0,0,0,0,0,0,0,0,0,102,8.5,867,                    ,STANFORD,,,,8.5,867,102,0,                    ,XS / 17,S / 34,M / 34,L / 17,XL / 0,,,,,,,,,,
356,4/30/2026,5/28/2026,STENUE,1/1/1900,Open,PO,,,,,,,4/30/2026,5/28/2026,4/30/2026,ELEVATOR DISCO,                    ,1670,12TH TRIBE,12TH TRIBE,10172,0,                    ,12TH TRIBE,                    ,Style,ET3228VD,NATURAL,Open,XXS,XS,S,M,L,XL,XXL,          ,          ,          ,          ,          ,          ,          ,          ,0,57,96,84,39,24,0,0,0,0,0,0,0,0,0,300,0,0,,STANFORD,5/28/2026,,,0,0,0,300,NEW,XXS / 0,XS / 57,S / 96,M / 84,L / 39,XL / 24,XXL / 0,,,,,,,,
357,3/13/2026,,STENUE,1/1/1900,Open,PO,P1582,,,,,,5/14/2026,5/23/2026,,ELEVATOR DISCO,,0,                    ,                                                  ,                    ,0,SS26,26-May,SKIRTS,Style,CP1017,WHITE,Open,XS,S,M,L,XL,          ,          ,          ,          ,          ,          ,          ,          ,          ,          ,17,34,34,17,0,0,0,0,0,0,0,0,0,0,0,102,15.5,1581,                    ,STANFORD,,,,15.5,1581,0,102,                    ,XS / 17,S / 34,M / 34,L / 17,XL / 0,,,,,,,,,,
358,3/13/2026,,STENUE,1/1/1900,Open,PO,P1576,,,,,,6/5/2026,6/23/2026,,ELEVATOR DISCO,MATSON,0,                    ,                                                  ,                    ,0,SS26,26-May,TOPS,Style,FSET8080A,BLUE,Open,XS,S,M,L,XL,          ,          ,          ,          ,          ,          ,          ,          ,          ,          ,17,34,34,17,0,0,0,0,0,0,0,0,0,0,0,102,10.7,1091.4,                    ,STANFORD,,,,10.7,1091.4,0,102,                    ,XS / 17,S / 34,M / 34,L / 17,XL / 0,,,,,,,,,,
359,3/13/2026,,STENUE,5/20/2026,Closed,PO,P1587,,,,,,4/30/2026,5/23/2026,,ELEVATOR DISCO,,0,                    ,                                                  ,                    ,0,SS26,26-May,TOPS,Style,SETD1058A,PINK,Closed,XS,S,M,L,XL,          ,          ,          ,          ,          ,          ,          ,          ,          ,          ,17,34,34,17,0,0,0,0,0,0,0,0,0,0,0,102,12,1224,                    ,STANFORD,,,,12,1224,102,0,                    ,XS / 17,S / 34,M / 34,L / 17,XL / 0,,,,,,,,,,
360,3/13/2026,,STENUE,5/20/2026,Closed,PO,P1588,,,,,,4/30/2026,5/23/2026,,ELEVATOR DISCO,,0,                    ,                                                  ,                    ,0,SS26,26-May,SHORTS,Style,SETD1058B,PINK,Closed,XS,S,M,L,XL,          ,          ,          ,          ,          ,          ,          ,          ,          ,          ,17,34,34,17,0,0,0,0,0,0,0,0,0,0,0,102,7.8,795.6,                    ,STANFORD,,,,7.8,795.6,102,0,                    ,XS / 17,S / 34,M / 34,L / 17,XL / 0,,,,,,,,,,
361,4/30/2026,,STENUE,1/1/1900,Open,PO,P1260,,,,,,5/7/2026,5/23/2026,,ELEVATOR DISCO,,0,                    ,                                                  ,                    ,0,SS26,26-May,DRESSES,Style,CD1009,CREAM,Open,XS,S,M,L,XL,          ,          ,          ,          ,          ,          ,          ,          ,          ,          ,8,16,16,8,0,0,0,0,0,0,0,0,0,0,0,48,21.9,1051.2,                    ,STANFORD,,,,21.9,1051.2,0,48,                    ,XS / 8,S / 16,M / 16,L / 8,XL / 0,,,,,,,,,,
362,4/30/2026,,STENUE,5/27/2026,Closed,PO,P1416,,,,,,4/30/2026,5/23/2026,,ELEVATOR DISCO,,0,                    ,                                                  ,                    ,0,SS26,26-May,DRESSES,Style,CD1023,BLUE MULTI,Closed,XS,S,M,L,XL,          ,          ,          ,          ,          ,          ,          ,          ,          ,          ,11,22,22,11,0,0,0,0,0,0,0,0,0,0,0,66,12.1,798.6,                    ,STANFORD,,,,12.1,798.6,114,-48,                    ,XS / 11,S / 22,M / 22,L / 11,XL / 0,,,,,,,,,,
363,1/6/2026,,STENUE,1/1/1900,Open,PO,P1424,,,,,,5/21/2026,5/26/2026,,ELEVATOR DISCO,,0,                    ,                                                  ,                    ,0,SS26,26-May,DRESSES,Style,CD1055,WHITE,Open,XS,S,M,L,XL,          ,          ,          ,          ,          ,          ,          ,          ,          ,          ,12,24,24,12,0,0,0,0,0,0,0,0,0,0,0,72,27,1944,                    ,STANFORD,,,,27,1944,0,72,                    ,XS / 12,S / 24,M / 24,L / 12,XL / 0,,,,,,,,,,
364,1/9/2026,,STENUE,5/27/2026,Closed,PO,P1465,,,,,,4/30/2026,5/23/2026,,ELEVATOR DISCO,,0,                    ,                                                  ,                    ,0,SS26,26-May,TOPS,Style,CT1002,WHITE,Closed,XS,S,M,L,XL,          ,          ,          ,          ,          ,          ,          ,          ,          ,          ,10,20,20,10,0,0,0,0,0,0,0,0,0,0,0,60,8.3,498,                    ,STANFORD,,,,8.3,498,60,0,                    ,XS / 10,S / 20,M / 20,L / 10,XL / 0,,,,,,,,,,
365,3/13/2026,,STENUE,1/1/1900,Open,PO,P1479,,,,,,4/30/2026,5/23/2026,,ELEVATOR DISCO,,0,                    ,                                                  ,                    ,0,SS26,26-May,DRESSES,Style,ESWD5332,PINK,Open,XS,S,M,L,XL,          ,          ,          ,          ,          ,          ,          ,          ,          ,          ,6,12,12,6,0,0,0,0,0,0,0,0,0,0,0,36,28,1008,                    ,STANFORD,,,,0,0,0,36,                    ,XS / 6,S / 12,M / 12,L / 6,XL / 0,,,,,,,,,,
366,3/12/2026,,STENUE,1/1/1900,Open,PO,P1333,,,,,,4/30/2026,5/23/2026,,ELEVATOR DISCO,,0,                    ,                                                  ,                    ,0,SS26,26-May,DRESSES,Style,CD1017,LIGHT BLUE,Open,XS,S,M,L,XL,          ,          ,          ,          ,          ,          ,          ,          ,          ,          ,17,34,34,17,0,0,0,0,0,0,0,0,0,0,0,102,18,1836,                    ,STANFORD,,,,18,1836,0,102,                    ,XS / 17,S / 34,M / 34,L / 17,XL / 0,,,,,,,,,,
367,3/13/2026,,STENUE,5/20/2026,Closed,PO,P1344,,,,,,4/30/2026,5/23/2026,,ELEVATOR DISCO,,0,                    ,                                                  ,                    ,0,SS26,26-May,DRESSES,Style,CD1028,WHITE,Closed,XS,S,M,L,XL,          ,          ,          ,          ,          ,          ,          ,          ,          ,          ,4,8,8,4,0,0,0,0,0,0,0,0,0,0,0,24,14.5,348,                    ,STANFORD,,,,14.5,348,24,0,                    ,XS / 4,S / 8,M / 8,L / 4,XL / 0,,,,,,,,,,
368,3/13/2026,,STENUE,5/28/2026,Closed,PO,P1575,,,,,,5/2/2026,5/23/2026,,ELEVATOR DISCO,,0,                    ,                                                  ,                    ,0,SS26,26-May,TOPS,Style,CT1028,BLACK WHITE,Closed,XS,S,M,L,XL,          ,          ,          ,          ,          ,          ,          ,          ,          ,          ,17,34,34,17,0,0,0,0,0,0,0,0,0,0,0,102,12.2,1244.4,                    ,STANFORD,,,,12.2,1244.4,102,0,                    ,XS / 17,S / 34,M / 34,L / 17,XL / 0,,,,,,,,,,
369,3/13/2026,,STENUE,1/1/1900,Closed,PO,P1577,,,,,,5/7/2026,5/23/2026,,ELEVATOR DISCO,,0,                    ,                                                  ,                    ,0,SS26,26-May,DRESSES,Style,CD1012,LIGHT BLUE,Closed,XS,S,M,L,XL,          ,          ,          ,          ,          ,          ,          ,          ,          ,          ,17,34,34,17,0,0,0,0,0,0,0,0,0,0,0,102,0,0,                    ,STANFORD,,NO PRODUCTION,5/8/2026,0,0,0,102,                    ,XS / 17,S / 34,M / 34,L / 17,XL / 0,,,,,,,,,,
370,4/30/2026,,STENUE,5/28/2026,Open,PO,P1578,,,,,,5/14/2026,5/23/2026,,ELEVATOR DISCO,,0,                    ,                                                  ,                    ,0,SS26,26-May,DRESSES,Style,CD1027,BLUE,Open,XS,S,M,L,XL,          ,          ,          ,          ,          ,          ,          ,          ,          ,          ,17,34,34,17,0,0,0,0,0,0,0,0,0,0,0,102,13.3,1356.6,                    ,STANFORD,,,,13.3,1356.6,30,72,                    ,XS / 17,S / 34,M / 34,L / 17,XL / 0,,,,,,,,,,
371,3/13/2026,,STENUE,1/1/1900,Open,PO,P1579,,,,,,5/14/2026,5/23/2026,,ELEVATOR DISCO,MATSON,0,                    ,                                                  ,                    ,0,SS26,26-May,DRESSES,Style,CD1029,WHITE,Open,XS,S,M,L,XL,          ,          ,          ,          ,          ,          ,          ,          ,          ,          ,20,40,40,20,0,0,0,0,0,0,0,0,0,0,0,120,15.2,1824,                    ,STANFORD,,,,0,0,0,120,                    ,XS / 20,S / 40,M / 40,L / 20,XL / 0,,,,,,,,,,
372,3/13/2026,,STENUE,5/28/2026,Open,PO,P1586,,,,,,5/14/2026,5/23/2026,,ELEVATOR DISCO,,0,                    ,                                                  ,                    ,0,SS26,26-May,DRESSES,Style,CD1031,WHITE,Open,XS,S,M,L,XL,          ,          ,          ,          ,          ,          ,          ,          ,          ,          ,17,34,34,17,0,0,0,0,0,0,0,0,0,0,0,102,14.7,1499.4,                    ,STANFORD,,,,14.7,1499.4,30,72,                    ,XS / 17,S / 34,M / 34,L / 17,XL / 0,,,,,,,,,,
373,3/13/2026,,STENUE,1/1/1900,Closed,PO,P1580,,,,,,4/15/2026,5/23/2026,,ELEVATOR DISCO,,0,                    ,                                                  ,                    ,0,SS26,26-May,DRESSES,Style,CD1033,WHITE BLACK,Closed,XS,S,M,L,XL,          ,          ,          ,          ,          ,          ,          ,          ,          ,          ,17,34,34,17,0,0,0,0,0,0,0,0,0,0,0,102,0,0,                    ,STANFORD,,DUE TO EXTENSION,4/30/2026,0,0,0,102,                    ,XS / 17,S / 34,M / 34,L / 17,XL / 0,,,,,,,,,,
374,4/30/2026,,STENUE,1/1/1900,Open,PO,P1420,,,,,,5/7/2026,5/23/2026,,ELEVATOR DISCO,,0,                    ,                                                  ,                    ,0,SS26,26-May,DRESSES,Style,CD1042,PINK,Open,XS,S,M,L,XL,          ,          ,          ,          ,          ,          ,          ,          ,          ,          ,11,22,22,11,0,0,0,0,0,0,0,0,0,0,0,66,15.2,1003.2,                    ,STANFORD,,,,15.2,1003.2,0,66,                    ,XS / 11,S / 22,M / 22,L / 11,XL / 0,,,,,,,,,,
375,3/13/2026,,STENUE,5/28/2026,Open,PO,P1438,,,,,,5/14/2026,5/23/2026,,ELEVATOR DISCO,,0,                    ,                                                  ,                    ,0,SS26,26-May,PANTS,Style,CP1030,BLUE,Open,XS,S,M,L,XL,          ,          ,          ,          ,          ,          ,          ,          ,          ,          ,17,34,34,17,0,0,0,0,0,0,0,0,0,0,0,102,0,0,                    ,STANFORD,,,,0,0,42,60,                    ,XS / 17,S / 34,M / 34,L / 17,XL / 0,,,,,,,,,,
376,3/13/2026,,STENUE,1/1/1900,Open,PO,P1585,,,,,,5/15/2026,5/23/2026,,ELEVATOR DISCO,,0,                    ,                                                  ,                    ,0,SS26,26-May,TOPS,Style,CT1016,WHITE,Open,XS,S,M,L,XL,          ,          ,          ,          ,          ,          ,          ,          ,          ,          ,17,34,34,17,0,0,0,0,0,0,0,0,0,0,0,102,13.5,1377,                    ,STANFORD,,,,13.5,1377,0,102,                    ,XS / 17,S / 34,M / 34,L / 17,XL / 0,,,,,,,,,,
377,3/13/2026,,STENUE,1/1/1900,Open,PO,P1581,,,,,,5/15/2026,5/23/2026,,ELEVATOR DISCO,,0,                    ,                                                  ,                    ,0,SS26,26-May,TOPS,Style,CT1025,WHITE LIGHT BLUE,Open,XS,S,M,L,XL,          ,          ,          ,          ,          ,          ,          ,          ,          ,          ,17,34,34,17,0,0,0,0,0,0,0,0,0,0,0,102,12,1224,                    ,STANFORD,,,,0,0,0,102,                    ,XS / 17,S / 34,M / 34,L / 17,XL / 0,,,,,,,,,,
378,1/7/2026,,STENUE,5/28/2026,Open,PO,P1425,,,,,,5/9/2026,5/23/2026,,ELEVATOR DISCO,,0,                    ,                                                  ,                    ,0,SS26,26-May,SWEATERS,Style,CD1056,PINK,Open,XS,S,M,L,XL,          ,          ,          ,          ,          ,          ,          ,          ,          ,          ,37,74,74,37,0,0,0,0,0,0,0,0,0,0,0,222,13.5,2997,                    ,STANFORD,,,,13.5,2997,6,216,                    ,XS / 37,S / 74,M / 74,L / 37,XL / 0,,,,,,,,,,
379,3/13/2026,,STENUE,5/28/2026,Open,PO,P1444,,,,,,5/7/2026,5/28/2026,,ELEVATOR DISCO,,0,                    ,                                                  ,                    ,0,SS26,26-May,TOPS,Style,CT1026,WHITE,Open,XS,S,M,L,XL,          ,          ,          ,          ,          ,          ,          ,          ,          ,          ,17,34,34,17,0,0,0,0,0,0,0,0,0,0,0,102,11.5,1173,                    ,STANFORD,,,,10.7,1091.4,48,54,                    ,XS / 17,S / 34,M / 34,L / 17,XL / 0,,,,,,,,,,
380,1/8/2026,,STENUE,5/20/2026,Closed,PO,P1445,,,,,,4/30/2026,5/23/2026,,ELEVATOR DISCO,,0,                    ,                                                  ,                    ,0,SS26,26-May,DRESSES,Style,CD1061,WHITE,Closed,XS,S,M,L,XL,          ,          ,          ,          ,          ,          ,          ,          ,          ,          ,16,32,32,16,0,0,0,0,0,0,0,0,0,0,0,96,22,2112,                    ,STANFORD,,,,22,2112,90,6,                    ,XS / 16,S / 32,M / 32,L / 16,XL / 0,,,,,,,,,,
381,1/13/2026,,STENUE,1/1/1900,Closed,PO,P1483,,,,,,5/7/2026,6/23/2026,,ELEVATOR DISCO,,0,                    ,                                                  ,                    ,0,SS26,26-Jun,DRESSES,Style,CD1048,YELLOW PINK,Closed,XS,S,M,L,XL,          ,          ,          ,          ,          ,          ,          ,          ,          ,          ,2,30,6,7,0,0,0,0,0,0,0,0,0,0,0,45,13.8,621,                    ,STANFORD,,,,13.8,621,0,45,                    ,XS / 2,S / 30,M / 6,L / 7,XL / 0,,,,,,,,,,
383,1/7/2026,,STENUE,1/1/1900,Open,PO,P1435,,,,,,5/9/2026,6/23/2026,,ELEVATOR DISCO,,0,                    ,                                                  ,                    ,0,SS26,26-Jun,DRESSES,Style,CD1041A,BLACK WHITE,Open,XS,S,M,L,XL,          ,          ,          ,          ,          ,          ,          ,          ,          ,          ,13,26,26,13,0,0,0,0,0,0,0,0,0,0,0,78,20,1560,                    ,STANFORD,,,,20,1560,0,78,                    ,XS / 13,S / 26,M / 26,L / 13,XL / 0,,,,,,,,,,
384,1/7/2026,,INLOOK,1/1/1900,Open,PO,P1574,,,,,,5/28/2026,6/23/2026,,ELEVATOR DISCO,,0,                    ,                                                  ,                    ,0,SS26,26-Jun,TOPS,Style,CT1051,CREAM,Open,XS,S,M,L,XL,          ,          ,          ,          ,          ,          ,          ,          ,          ,          ,17,34,34,17,0,0,0,0,0,0,0,0,0,0,0,102,11.35,1157.7,                    ,STANFORD,,,,10.5,1071,0,102,                    ,XS / 17,S / 34,M / 34,L / 17,XL / 0,,,,,,,,,,
385,1/2/2026,,INLOOK,1/1/1900,Open,PO,P1409,,,,,,6/2/2026,6/23/2026,,ELEVATOR DISCO,,0,                    ,                                                  ,                    ,0,SS26,26-Jun,TOPS,Style,FRT2291,WHITE,Open,XS,S,M,L,XL,          ,          ,          ,          ,          ,          ,          ,          ,          ,          ,12,24,24,12,0,0,0,0,0,0,0,0,0,0,0,72,13.95,1004.4,                    ,STANFORD,,,,13.95,1004.4,0,72,                    ,XS / 12,S / 24,M / 24,L / 12,XL / 0,,,,,,,,,,
387,1/13/2026,,STENUE,5/6/2026,Closed,PO,P1486,,,,,,3/28/2026,6/23/2026,,ELEVATOR DISCO,,0,                    ,                                                  ,                    ,0,SS26,26-Jun,SHORTS,Style,CP1006,CREAM,Closed,XS,S,M,L,XL,          ,          ,          ,          ,          ,          ,          ,          ,          ,          ,4,8,8,4,0,0,0,0,0,0,0,0,0,0,0,24,8.9,213.6,                    ,STANFORD,,,,8.9,213.6,30,-6,                    ,XS / 4,S / 8,M / 8,L / 4,XL / 0,,,,,,,,,,
388,1/13/2026,,STENUE,5/1/2026,Closed,PO,P1351,,,,,,4/3/2026,6/23/2026,,ELEVATOR DISCO,,0,                    ,                                                  ,                    ,0,SS26,26-Jun,SHORTS,Style,CP1034,PINK,Closed,XS,S,M,L,XL,          ,          ,          ,          ,          ,          ,          ,          ,          ,          ,12,24,24,12,0,0,0,0,0,0,0,0,0,0,0,72,10.6,763.2,                    ,STANFORD,,,,10.6,763.2,138,-66,                    ,XS / 12,S / 24,M / 24,L / 12,XL / 0,,,,,,,,,,
389,1/13/2026,,STENUE,1/1/1900,Open,PO,P1462,,,,,,4/7/2026,6/23/2026,,ELEVATOR DISCO,,0,                    ,                                                  ,                    ,0,SS26,26-Jun,SKIRTS,Style,CS1023,CREAM,Open,XS,S,M,L,XL,          ,          ,          ,          ,          ,          ,          ,          ,          ,          ,12,24,24,12,0,0,0,0,0,0,0,0,0,0,0,72,10.8,777.6,                    ,STANFORD,,,,10.8,777.6,0,72,                    ,XS / 12,S / 24,M / 24,L / 12,XL / 0,,,,,,,,,,
393,1/13/2026,,STENUE,1/1/1900,Open,PO,P1347,,,,,,4/30/2026,6/23/2026,,ELEVATOR DISCO,,0,                    ,                                                  ,                    ,0,SS26,26-Jun,DRESSES,Style,CD1051,BROWN,Open,XS,S,M,L,XL,          ,          ,          ,          ,          ,          ,          ,          ,          ,          ,15,28,28,15,0,0,0,0,0,0,0,0,0,0,0,86,17.9,1539.4,                    ,STANFORD,,,,17.9,1539.4,0,86,                    ,XS / 15,S / 28,M / 28,L / 15,XL / 0,,,,,,,,,,
394,1/8/2026,,STENUE,5/6/2026,Closed,PO,P1447,,,,,,4/24/2026,6/23/2026,,ELEVATOR DISCO,,0,                    ,                                                  ,                    ,0,SS26,26-Jun,SHORTS,Style,CP1010,PINK CREAM,Closed,XS,S,M,L,XL,          ,          ,          ,          ,          ,          ,          ,          ,          ,          ,7,14,14,7,0,0,0,0,0,0,0,0,0,0,0,42,11,462,                    ,STANFORD,,,,11,462,42,0,                    ,XS / 7,S / 14,M / 14,L / 7,XL / 0,,,,,,,,,,
396,1/9/2026,4/26/2026,STENUE,5/6/2026,Closed,PO,P1466,,,,,,4/24/2026,6/23/2026,,ELEVATOR DISCO,,0,                    ,                                                  ,                    ,0,SS26,26-Jun,TOPS,Style,CT1015,PINK CREAM,Closed,XS,S,M,L,XL,          ,          ,          ,          ,          ,          ,          ,          ,          ,          ,8,16,16,8,0,0,0,0,0,0,0,0,0,0,0,48,12.3,590.4,                    ,STANFORD,4/26/2026,,,12.3,590.4,48,0,                    ,XS / 8,S / 16,M / 16,L / 8,XL / 0,,,,,,,,,,
397,1/9/2026,,STENUE,5/20/2026,Closed,PO,P1350,,,,,,4/30/2026,6/23/2026,,ELEVATOR DISCO,,0,                    ,                                                  ,                    ,0,SS26,26-Jun,SHORTS,Style,CP1029,LIGHT BLUE,Closed,XS,S,M,L,XL,          ,          ,          ,          ,          ,          ,          ,          ,          ,          ,5,10,10,5,0,0,0,0,0,0,0,0,0,0,0,30,0,0,                    ,STANFORD,,,,0,0,90,-60,                    ,XS / 5,S / 10,M / 10,L / 5,XL / 0,,,,,,,,,,
398,5/1/2026,5/29/2026,STENUE,5/1/2026,Closed,PO,,,,,,,5/1/2026,5/29/2026,5/1/2026,ELEVATOR DISCO,                    ,1671,12TH TRIBE,12TH TRIBE,10172,0,                    ,12TH TRIBE,                    ,Style,ET3228VD,NATURAL,Closed,XXS,XS,S,M,L,XL,XXL,          ,          ,          ,          ,          ,          ,          ,          ,0,57,96,84,39,24,0,0,0,0,0,0,0,0,0,300,0,0,,STANFORD,5/29/2026,,,0,0,299,1,NEW,XXS / 0,XS / 57,S / 96,M / 84,L / 39,XL / 24,XXL / 0,,,,,,,,
400,1/9/2026,,STENUE,1/1/1900,Open,PO,P1335,,,,,,5/2/2026,6/23/2026,,ELEVATOR DISCO,,0,                    ,                                                  ,                    ,0,SS26,26-Jun,SHORTS,Style,CP1019,LIME GREEN,Open,XS,S,M,L,XL,          ,          ,          ,          ,          ,          ,          ,          ,          ,          ,17,34,34,17,0,0,0,0,0,0,0,0,0,0,0,102,0,0,                    ,STANFORD,,,,0,0,0,102,                    ,XS / 17,S / 34,M / 34,L / 17,XL / 0,,,,,,,,,,
401,1/6/2026,,STENUE,1/1/1900,Open,PO,P1415,,,,,,4/30/2026,6/23/2026,,ELEVATOR DISCO,,0,                    ,                                                  ,                    ,0,SS26,26-Jun,DRESSES,Style,CD1021,PINK MULTI,Open,XS,S,M,L,XL,          ,          ,          ,          ,          ,          ,          ,          ,          ,          ,10,20,20,10,0,0,0,0,0,0,0,0,0,0,0,60,11,660,                    ,STANFORD,,,,11,660,0,60,                    ,XS / 10,S / 20,M / 20,L / 10,XL / 0,,,,,,,,,,
402,1/6/2026,,STENUE,1/1/1900,Open,PO,P1421,,,,,,4/30/2026,6/23/2026,,ELEVATOR DISCO,,0,                    ,                                                  ,                    ,0,SS26,26-Jun,DRESSES,Style,CD1043,BLACK,Open,XS,S,M,L,XL,          ,          ,          ,          ,          ,          ,          ,          ,          ,          ,6,12,12,6,0,0,0,0,0,0,0,0,0,0,0,36,13.8,496.8,                    ,STANFORD,,,,13.8,496.8,0,36,                    ,XS / 6,S / 12,M / 12,L / 6,XL / 0,,,,,,,,,,
403,5/1/2026,5/29/2026,STENUE,5/1/2026,Closed,PO,,,,,,,5/1/2026,5/29/2026,5/1/2026,ELEVATOR DISCO,                    ,0,                    ,                                                  ,                    ,0,                    ,12TH TRIBE,                    ,Style,SET8356T,NATURAL,Closed,XXS,XS,S,M,L,XL,XXL,          ,          ,          ,          ,          ,          ,          ,          ,0,40,60,56,32,10,2,0,0,0,0,0,0,0,0,200,6.6,1320,,STANFORD,5/29/2026,,,6.6,1320,204,-4,                    ,XXS / 0,XS / 40,S / 60,M / 56,L / 32,XL / 10,XXL / 2,,,,,,,,
404,1/13/2026,,STENUE,1/1/1900,Open,PO,P1422,,,,,,5/7/2026,6/23/2026,,ELEVATOR DISCO,,0,                    ,                                                  ,                    ,0,SS26,26-Jun,DRESSES,Style,CD1046,BLACK,Open,XS,S,M,L,XL,          ,          ,          ,          ,          ,          ,          ,          ,          ,          ,5,10,10,5,0,0,0,0,0,0,0,0,0,0,0,30,10,300,                    ,STANFORD,,,,10,300,0,30,                    ,XS / 5,S / 10,M / 10,L / 5,XL / 0,,,,,,,,,,
405,1/13/2026,,STENUE,1/1/1900,Open,PO,P1419,,,,,,6/5/2026,6/23/2026,,ELEVATOR DISCO,MATSON,0,                    ,                                                  ,                    ,0,SS26,26-Jun,DRESSES,Style,CD1040,FUCHSIA,Open,XS,S,M,L,XL,          ,          ,          ,          ,          ,          ,          ,          ,          ,          ,12,24,24,12,0,0,0,0,0,0,0,0,0,0,0,72,12.8,921.6,                    ,STANFORD,,,,0,0,0,72,                    ,XS / 12,S / 24,M / 24,L / 12,XL / 0,,,,,,,,,,
406,5/1/2026,5/29/2026,STENUE,5/1/2026,Closed,PO,,,,,,,5/1/2026,5/29/2026,5/1/2026,ELEVATOR DISCO,                    ,1673,12TH TRIBE,12TH TRIBE,10190,0,                    ,12TH TRIBE,                    ,Style,SET8356B1,NATURAL,Closed,XXS,XS,S,M,L,XL,XXL,          ,          ,          ,          ,          ,          ,          ,          ,0,106,111,119,64,12,13,0,0,0,0,0,0,0,0,425,0,0,,STANFORD,5/29/2026,,,0,0,433,-8,NEW,XXS / 0,XS / 106,S / 111,M / 119,L / 64,XL / 12,XXL / 13,,,,,,,,
407,5/1/2026,5/29/2026,STENUE,5/1/2026,Closed,PO,,,,,,,5/1/2026,5/29/2026,5/1/2026,ELEVATOR DISCO,                    ,1674,12TH TRIBE,12TH TRIBE,10123,0,                    ,12TH TRIBE,                    ,Style,SET8376C,WHITE,Closed,XXS,XS,S,M,L,XL,XXL,          ,          ,          ,          ,          ,          ,          ,          ,0,80,155,145,75,45,0,0,0,0,0,0,0,0,0,500,0,0,,STANFORD,5/29/2026,,,0,0,511,-11,NEW,XXS / 0,XS / 80,S / 155,M / 145,L / 75,XL / 45,XXL / 0,,,,,,,,
408,1/9/2026,,STENUE,1/1/1900,Open,PO,P1336,,,,,,5/2/2026,6/23/2026,,ELEVATOR DISCO,,0,                    ,                                                  ,                    ,0,SS26,26-Jun,DRESSES,Style,CD1049,PINK MULTI,Open,XS,S,M,L,XL,          ,          ,          ,          ,          ,          ,          ,          ,          ,          ,17,34,34,17,0,0,0,0,0,0,0,0,0,0,0,102,12.8,1305.6,                    ,STANFORD,,,,0,0,0,102,                    ,XS / 17,S / 34,M / 34,L / 17,XL / 0,,,,,,,,,,
409,1/15/2026,,STENUE,1/1/1900,Open,PO,P1427,,,,,,5/28/2026,6/23/2026,,ELEVATOR DISCO,,0,                    ,                                                  ,                    ,0,SS26,26-Jun,DRESSES,Style,CD1002,PINK MULTI,Open,XS,S,M,L,XL,          ,          ,          ,          ,          ,          ,          ,          ,          ,          ,17,34,34,17,0,0,0,0,0,0,0,0,0,0,0,102,18.5,1887,                    ,STANFORD,,,,0,0,0,102,                    ,XS / 17,S / 34,M / 34,L / 17,XL / 0,,,,,,,,,,
410,1/15/2026,,STENUE,1/1/1900,Closed,PO,P1442,,,,,,5/28/2026,6/23/2026,,ELEVATOR DISCO,,0,                    ,                                                  ,                    ,0,SS26,26-Jun,DRESSES,Style,CD1038,WHITE,Closed,XS,S,M,L,XL,          ,          ,          ,          ,          ,          ,          ,          ,          ,          ,17,34,34,17,0,0,0,0,0,0,0,0,0,0,0,102,20.2,2060.4,                    ,STANFORD,,NO PRODUCTION,5/1/2026,20.2,2060.4,0,102,                    ,XS / 17,S / 34,M / 34,L / 17,XL / 0,,,,,,,,,,
411,1/15/2026,,STENUE,1/1/1900,Open,PO,P1441,,,,,,6/2/2026,6/23/2026,,ELEVATOR DISCO,,0,                    ,                                                  ,                    ,0,SS26,26-Jun,DRESSES,Style,CD1053A,NAVY,Open,XS,S,M,L,XL,          ,          ,          ,          ,          ,          ,          ,          ,          ,          ,17,34,34,17,0,0,0,0,0,0,0,0,0,0,0,102,25.6,2611.2,                    ,STANFORD,,,,25.6,2611.2,0,102,                    ,XS / 17,S / 34,M / 34,L / 17,XL / 0,,,,,,,,,,
412,3/23/2026,,STENUE,1/1/1900,Closed,PO,P1604,,,,,,5/28/2026,6/23/2026,,ELEVATOR DISCO,,0,                    ,                                                  ,                    ,0,SS26,26-Jun,PANTS,Style,CP1020,WHITE,Closed,XS,S,M,L,XL,          ,          ,          ,          ,          ,          ,          ,          ,          ,          ,17,34,34,17,0,0,0,0,0,0,0,0,0,0,0,102,18.5,1887,                    ,STANFORD,,NO PRODUCTION,5/1/2026,18.5,1887,0,102,                    ,XS / 17,S / 34,M / 34,L / 17,XL / 0,,,,,,,,,,
413,3/23/2026,,STENUE,1/1/1900,Open,PO,P1610,,,,,,5/28/2026,6/23/2026,,ELEVATOR DISCO,MATSON,0,                    ,                                                  ,                    ,0,SS26,26-Jun,SHORTS,Style,CP1023,BLACK WHITE,Open,XS,S,M,L,XL,          ,          ,          ,          ,          ,          ,          ,          ,          ,          ,17,34,34,17,0,0,0,0,0,0,0,0,0,0,0,102,8.9,907.8,                    ,STANFORD,,,,8.9,907.8,0,102,                    ,XS / 17,S / 34,M / 34,L / 17,XL / 0,,,,,,,,,,
414,3/23/2026,,STENUE,1/1/1900,Open,PO,P1607,,,,,,5/28/2026,6/23/2026,,ELEVATOR DISCO,,0,                    ,                                                  ,                    ,0,SS26,26-Jun,PANTS,Style,CP1025,PINK MULTI,Open,XS,S,M,L,XL,          ,          ,          ,          ,          ,          ,          ,          ,          ,          ,17,34,34,17,0,0,0,0,0,0,0,0,0,0,0,102,13,1326,                    ,STANFORD,,,,13,1326,0,102,                    ,XS / 17,S / 34,M / 34,L / 17,XL / 0,,,,,,,,,,
415,1/7/2026,,STENUE,1/1/1900,Open,PO,P1439,,,,,,5/28/2026,6/23/2026,,ELEVATOR DISCO,MATSON,0,                    ,                                                  ,                    ,0,SS26,26-Jun,SKIRTS,Style,CS1014,MINT,Open,XS,S,M,L,XL,          ,          ,          ,          ,          ,          ,          ,          ,          ,          ,17,34,34,17,0,0,0,0,0,0,0,0,0,0,0,102,16,1632,                    ,STANFORD,5/29/2026,,,0,0,0,102,                    ,XS / 17,S / 34,M / 34,L / 17,XL / 0,,,,,,,,,,
416,1/9/2026,,STENUE,1/1/1900,Open,PO,P1461,,,,,,5/11/2026,6/23/2026,,ELEVATOR DISCO,,0,                    ,                                                  ,                    ,0,SS26,26-Jun,SKIRTS,Style,CS1021,BROWN,Open,XS,S,M,L,XL,          ,          ,          ,          ,          ,          ,          ,          ,          ,          ,9,18,18,9,0,0,0,0,0,0,0,0,0,0,0,54,11.2,604.8,                    ,STANFORD,,,,0,0,0,54,                    ,XS / 9,S / 18,M / 18,L / 9,XL / 0,,,,,,,,,,
417,3/23/2026,,STENUE,1/1/1900,Open,PO,P1608,,,,,,5/28/2026,6/23/2026,,ELEVATOR DISCO,,0,                    ,                                                  ,                    ,0,SS26,26-Jun,SKIRTS,Style,CS1031,PINK MULTI,Open,XS,S,M,L,XL,          ,          ,          ,          ,          ,          ,          ,          ,          ,          ,17,34,34,17,0,0,0,0,0,0,0,0,0,0,0,102,10.5,1071,                    ,STANFORD,,,,10.5,1071,0,102,                    ,XS / 17,S / 34,M / 34,L / 17,XL / 0,,,,,,,,,,
418,3/23/2026,,STENUE,1/1/1900,Closed,PO,P1606,,,,,,5/28/2026,6/23/2026,,ELEVATOR DISCO,,0,                    ,                                                  ,                    ,0,SS26,26-Jun,TOPS,Style,CT1009,CREAM,Closed,XS,S,M,L,XL,          ,          ,          ,          ,          ,          ,          ,          ,          ,          ,17,34,34,17,0,0,0,0,0,0,0,0,0,0,0,102,8,816,                    ,STANFORD,5/29/2026,NO PRODUCTION,5/1/2026,8,816,0,102,                    ,XS / 17,S / 34,M / 34,L / 17,XL / 0,,,,,,,,,,
419,3/23/2026,,STENUE,1/1/1900,Closed,PO,P1605,,,,,,5/28/2026,6/23/2026,,ELEVATOR DISCO,,0,                    ,                                                  ,                    ,0,SS26,26-Jun,TOPS,Style,CT1017,PINK,Closed,XS,S,M,L,XL,          ,          ,          ,          ,          ,          ,          ,          ,          ,          ,17,34,34,17,0,0,0,0,0,0,0,0,0,0,0,102,0,0,                    ,STANFORD,,NO PRODUCTION,5/1/2026,0,0,0,102,                    ,XS / 17,S / 34,M / 34,L / 17,XL / 0,,,,,,,,,,
420,3/23/2026,,STENUE,1/1/1900,Open,PO,P1611,,,,,,5/28/2026,6/23/2026,,ELEVATOR DISCO,,0,                    ,                                                  ,                    ,0,SS26,26-Jun,TOPS,Style,CT1043,BLACK WHITE,Open,XS,S,M,L,XL,          ,          ,          ,          ,          ,          ,          ,          ,          ,          ,17,34,34,17,0,0,0,0,0,0,0,0,0,0,0,102,7.3,744.6,                    ,STANFORD,,,,9.8,999.6,0,102,                    ,XS / 17,S / 34,M / 34,L / 17,XL / 0,,,,,,,,,,
422,1/9/2026,,STENUE,1/1/1900,Open,PO,P1474,,,,,,5/1/2026,6/23/2026,,ELEVATOR DISCO,,0,                    ,                                                  ,                    ,0,SS26,26-Jun,TOPS,Style,CT1045,BROWN,Open,XS,S,M,L,XL,          ,          ,          ,          ,          ,          ,          ,          ,          ,          ,9,18,18,9,0,0,0,0,0,0,0,0,0,0,0,54,11.8,637.2,                    ,STANFORD,,,,11.8,637.2,0,54,                    ,XS / 9,S / 18,M / 18,L / 9,XL / 0,,,,,,,,,,
423,1/2/2026,,STENUE,1/1/1900,Open,PO,P1410,,,,,,5/28/2026,6/23/2026,,ELEVATOR DISCO,,0,                    ,                                                  ,                    ,0,SS26,26-Jun,TOPS,Style,CT1050,LIGHT BLUE,Open,XS,S,M,L,XL,          ,          ,          ,          ,          ,          ,          ,          ,          ,          ,17,34,34,17,0,0,0,0,0,0,0,0,0,0,0,102,0,0,                    ,STANFORD,,,,0,0,0,102,                    ,XS / 17,S / 34,M / 34,L / 17,XL / 0,,,,,,,,,,
424,3/23/2026,,STENUE,1/1/1900,Open,PO,P1609,,,,,,5/28/2026,6/23/2026,,ELEVATOR DISCO,,0,                    ,                                                  ,                    ,0,SS26,26-Jun,TOPS,Style,CT1059,PINK MULTI,Open,XS,S,M,L,XL,          ,          ,          ,          ,          ,          ,          ,          ,          ,          ,17,34,34,17,0,0,0,0,0,0,0,0,0,0,0,102,15.6,1591.2,                    ,STANFORD,,,,15.6,1591.2,0,102,                    ,XS / 17,S / 34,M / 34,L / 17,XL / 0,,,,,,,,,,
425,3/23/2026,,STENUE,1/1/1900,Open,PO,P1603,,,,,,5/28/2026,6/23/2026,,ELEVATOR DISCO,MATSON,0,                    ,                                                  ,                    ,0,SS26,26-Jun,TOPS,Style,ET2748,MINT,Open,XS,S,M,L,XL,          ,          ,          ,          ,          ,          ,          ,          ,          ,          ,17,34,34,17,0,0,0,0,0,0,0,0,0,0,0,102,10.8,1101.6,                    ,STANFORD,,NO PRODUCTION,5/1/2026,10.8,1101.6,0,102,                    ,XS / 17,S / 34,M / 34,L / 17,XL / 0,,,,,,,,,,
426,1/6/2026,,STENUE,1/1/1900,Open,PO,P1417,,,,,,6/2/2026,6/23/2026,,ELEVATOR DISCO,,0,                    ,                                                  ,                    ,0,SS26,26-Jun,DRESSES,Style,CD1024,BLACK,Open,XS,S,M,L,XL,          ,          ,          ,          ,          ,          ,          ,          ,          ,          ,12,24,24,12,0,0,0,0,0,0,0,0,0,0,0,72,0,0,                    ,STANFORD,,,,15.6,1123.2,0,72,                    ,XS / 12,S / 24,M / 24,L / 12,XL / 0,,,,,,,,,,
427,1/6/2026,,STENUE,5/6/2026,Closed,PO,P1413,,,,,,6/2/2026,6/23/2026,,ELEVATOR DISCO,,0,                    ,                                                  ,                    ,0,SS26,26-Jun,DRESSES,Style,CD1011,SAGE GREEN,Closed,XS,S,M,L,XL,          ,          ,          ,          ,          ,          ,          ,          ,          ,          ,18,36,36,18,0,0,0,0,0,0,0,0,0,0,0,108,15.6,1684.8,                    ,STANFORD,,,,15.6,1684.8,11,97,                    ,XS / 18,S / 36,M / 36,L / 18,XL / 0,,,,,,,,,,
428,1/6/2026,,STENUE,1/1/1900,Open,PO,P1414,,,,,,6/2/2026,6/23/2026,,ELEVATOR DISCO,,0,                    ,                                                  ,                    ,0,SS26,26-Jun,DRESSES,Style,CD1020,PINK CREAM,Open,XS,S,M,L,XL,          ,          ,          ,          ,          ,          ,          ,          ,          ,          ,10,20,20,10,0,0,0,0,0,0,0,0,0,0,0,60,14.6,876,                    ,STANFORD,,,,14.6,876,0,60,                    ,XS / 10,S / 20,M / 20,L / 10,XL / 0,,,,,,,,,,
429,1/7/2026,,STENUE,1/1/1900,Open,PO,P1418,,,,,,6/2/2026,6/23/2026,,ELEVATOR DISCO,,0,                    ,                                                  ,                    ,0,SS26,26-Jun,DRESSES,Style,CD1025,BLACK,Open,XS,S,M,L,XL,          ,          ,          ,          ,          ,          ,          ,          ,          ,          ,5,10,10,5,0,0,0,0,0,0,0,0,0,0,0,30,14.2,426,                    ,STANFORD,,,,13.7,411,0,30,                    ,XS / 5,S / 10,M / 10,L / 5,XL / 0,,,,,,,,,,
430,1/13/2026,,STENUE,1/1/1900,Open,PO,P1481,,,,,,5/8/2026,6/23/2026,,ELEVATOR DISCO,,0,                    ,                                                  ,                    ,0,SS26,26-Jun,DRESSES,Style,CD1034,CREAM,Open,XS,S,M,L,XL,          ,          ,          ,          ,          ,          ,          ,          ,          ,          ,11,22,22,11,0,0,0,0,0,0,0,0,0,0,0,66,0,0,                    ,STANFORD,5/29/2026,,,0,0,0,66,                    ,XS / 11,S / 22,M / 22,L / 11,XL / 0,,,,,,,,,,
431,1/13/2026,,STENUE,1/1/1900,Open,PO,P1261,,,,,,6/2/2026,6/23/2026,,ELEVATOR DISCO,,0,                    ,                                                  ,                    ,0,SS26,26-Jun,PANTS,Style,CP1026,BROWN,Open,XS,S,M,L,XL,          ,          ,          ,          ,          ,          ,          ,          ,          ,          ,8,16,16,8,0,0,0,0,0,0,0,0,0,0,0,48,12,576,                    ,STANFORD,,,,12,576,0,48,                    ,XS / 8,S / 16,M / 16,L / 8,XL / 0,,,,,,,,,,
432,1/13/2026,,STENUE,1/1/1900,Open,PO,P1338,,,,,,6/2/2026,6/23/2026,,ELEVATOR DISCO,,0,                    ,                                                  ,                    ,0,SS26,26-Jun,SKIRTS,Style,CS1016,SAGE GREEN,Open,XS,S,M,L,XL,          ,          ,          ,          ,          ,          ,          ,          ,          ,          ,17,34,34,17,0,0,0,0,0,0,0,0,0,0,0,102,11.2,1142.4,                    ,STANFORD,5/29/2026,,,11.2,1142.4,0,102,                    ,XS / 17,S / 34,M / 34,L / 17,XL / 0,,,,,,,,,,
433,1/9/2026,,STENUE,1/1/1900,Open,PO,P1463,,,,,,6/2/2026,6/23/2026,,ELEVATOR DISCO,MATSON,0,                    ,                                                  ,                    ,0,SS26,26-Jun,SKIRTS,Style,CS1027,SAGE GREEN,Open,XS,S,M,L,XL,          ,          ,          ,          ,          ,          ,          ,          ,          ,          ,12,24,24,12,0,0,0,0,0,0,0,0,0,0,0,72,19.5,1404,                    ,STANFORD,,,,19.5,1404,0,72,                    ,XS / 12,S / 24,M / 24,L / 12,XL / 0,,,,,,,,,,
434,5/1/2026,,STENUE,1/1/1900,Open,PO,P1489,,,,,,6/2/2026,6/23/2026,,ELEVATOR DISCO,MATSON,0,                    ,                                                  ,                    ,0,SS26,26-Jun,TOPS,Style,FRT2184B12,SAGE GREEN,Open,XS,S,M,L,XL,          ,          ,          ,          ,          ,          ,          ,          ,          ,          ,11,22,22,11,0,0,0,0,0,0,0,0,0,0,0,66,13,858,                    ,STANFORD,,,,0,0,0,66,                    ,XS / 11,S / 22,M / 22,L / 11,XL / 0,,,,,,,,,,
435,1/13/2026,,STENUE,1/1/1900,Open,PO,P1487,,,,,,6/2/2026,6/23/2026,,ELEVATOR DISCO,,0,                    ,                                                  ,                    ,0,SS26,26-Jun,TOPS,Style,CT1012,SAGE GREEN,Open,XS,S,M,L,XL,          ,          ,          ,          ,          ,          ,          ,          ,          ,          ,17,34,34,17,0,0,0,0,0,0,0,0,0,0,0,102,10.6,1081.2,                    ,STANFORD,,,,10.2,1040.4,0,102,                    ,XS / 17,S / 34,M / 34,L / 17,XL / 0,,,,,,,,,,
436,1/13/2026,,STENUE,1/1/1900,Open,PO,P1488,,,,,,6/2/2026,6/23/2026,,ELEVATOR DISCO,,0,                    ,                                                  ,                    ,0,SS26,26-Jun,DRESSES,Style,FRD1787,WHITE,Open,XS,S,M,L,XL,          ,          ,          ,          ,          ,          ,          ,          ,          ,          ,11,22,22,11,0,0,0,0,0,0,0,0,0,0,0,66,0,0,                    ,STANFORD,,,,0,0,0,66,                    ,XS / 11,S / 22,M / 22,L / 11,XL / 0,,,,,,,,,,
437,1/13/2026,,STENUE,1/1/1900,Open,PO,P1491,,,,,,6/2/2026,6/23/2026,,ELEVATOR DISCO,MATSON,0,                    ,                                                  ,                    ,0,SS26,26-Jun,TOPS,Style,SET8341A,BROWN,Open,XS,S,M,L,XL,          ,          ,          ,          ,          ,          ,          ,          ,          ,          ,6,12,12,6,0,0,0,0,0,0,0,0,0,0,0,36,14,504,                    ,STANFORD,5/29/2026,,,0,0,0,36,                    ,XS / 6,S / 12,M / 12,L / 6,XL / 0,,,,,,,,,,
438,1/13/2026,,STENUE,1/1/1900,Open,PO,P1492,,,,,,5/28/2026,6/23/2026,,ELEVATOR DISCO,MATSON,0,                    ,                                                  ,                    ,0,SS26,26-Jun,PANTS,Style,SET8341B,BROWN,Open,XS,S,M,L,XL,          ,          ,          ,          ,          ,          ,          ,          ,          ,          ,10,20,20,10,0,0,0,0,0,0,0,0,0,0,0,60,13.8,828,                    ,STANFORD,,,,0,0,0,60,                    ,XS / 10,S / 20,M / 20,L / 10,XL / 0,,,,,,,,,,
439,1/8/2026,,STENUE,1/1/1900,Open,PO,P1433,,,,,,5/28/2026,6/23/2026,,ELEVATOR DISCO,,0,                    ,                                                  ,                    ,0,SS26,26-Jun,SHORTS,Style,CP1005,MINT,Open,XS,S,M,L,XL,          ,          ,          ,          ,          ,          ,          ,          ,          ,          ,17,34,34,17,0,0,0,0,0,0,0,0,0,0,0,102,10.5,1071,                    ,STANFORD,5/29/2026,NO PRODUCTION,5/1/2026,10.5,1071,0,102,                    ,XS / 17,S / 34,M / 34,L / 17,XL / 0,,,,,,,,,,
440,1/13/2026,,STENUE,1/1/1900,Open,PO,P1485,,,,,,4/30/2026,6/23/2026,,ELEVATOR DISCO,,0,                    ,                                                  ,                    ,0,SS26,26-Jun,DRESSES,Style,CD1059,BROWN,Open,XS,S,M,L,XL,          ,          ,          ,          ,          ,          ,          ,          ,          ,          ,4,8,8,4,0,0,0,0,0,0,0,0,0,0,0,24,12,288,                    ,STANFORD,,,,12,288,0,24,                    ,XS / 4,S / 8,M / 8,L / 4,XL / 0,,,,,,,,,,
441,5/4/2026,,INLOOK,1/1/1900,Open,PO,,,,,,,7/9/2026,7/30/2026,,ELEVATOR DISCO,                    ,1675,LULUS,LULU'S FASHION LOUNGE,226091,0,                    ,                    ,DRESSES,Style,EDD1227,BLACK,Open,XXS,XS,S,M,L,XL,XXL,          ,          ,          ,          ,          ,          ,          ,          ,12,48,118,108,66,37,11,0,0,0,0,0,0,0,0,400,11.95,4780,,STANFORD,7/9/2026,,,11.95,4780,0,400,NEW,XXS / 12,XS / 48,S / 118,M / 108,L / 66,XL / 37,XXL / 11,,,,,,,,
442,5/4/2026,,GF,1/1/1900,Open,PO,,,,,,,7/30/2026,8/21/2026,,ELEVATOR DISCO,                    ,1676,LULUS,LULU'S FASHION LOUNGE,226092,0,                    ,LULUS,                    ,Style,FRD1947,BLACK,Open,XXS,XS,S,M,L,XL,XXL,          ,          ,          ,          ,          ,          ,          ,          ,7,61,147,125,70,36,4,0,0,0,0,0,0,0,0,450,12.5,5625,,STANFORD,6/30/2026,,,12.5,5625,0,450,NEW,XXS / 7,XS / 61,S / 147,M / 125,L / 70,XL / 36,XXL / 4,,,,,,,,
445,5/7/2026,,STENUE,1/1/1900,Open,PO,,,,,,,7/24/2026,8/14/2026,,ELEVATOR DISCO,                    ,0,                    ,                                                  ,                    ,0,                    ,LULUS,                    ,Style,FRD2204,NAVY,Open,XXS,XS,S,M,L,XL,XXL,          ,          ,          ,          ,          ,          ,          ,          ,0,22,74,94,64,46,0,0,0,0,0,0,0,0,0,300,13.2,3960,,STANFORD,,,,13.2,3960,0,300,                    ,XXS / 0,XS / 22,S / 74,M / 94,L / 64,XL / 46,XXL / 0,,,,,,,,
446,5/8/2026,6/5/2026,STENUE,5/8/2026,Closed,PO,,,,,,,5/8/2026,6/5/2026,5/8/2026,ELEVATOR DISCO,                    ,1684,12TH TRIBE,12TH TRIBE,10453,0,                    ,12TH TRIBE,                    ,Style,EDX2787AV,MULTI,Closed,XS,S,M,L,XL,          ,          ,          ,          ,          ,          ,          ,          ,          ,          ,7,111,92,6,6,0,0,0,0,0,0,0,0,0,0,222,0,0,,STANFORD,6/5/2026,,,0,0,222,0,NEW,XS / 7,S / 111,M / 92,L / 6,XL / 6,,,,,,,,,,
447,5/8/2026,6/5/2026,STENUE,5/8/2026,Closed,PO,,,,,,,5/8/2026,6/5/2026,5/8/2026,ELEVATOR DISCO,                    ,1682,12TH TRIBE,12TH TRIBE,10404,0,                    ,12TH TRIBE,                    ,Style,ES3479A,CHAMPAGNE,Closed,XS,S,M,L,XL,          ,          ,          ,          ,          ,          ,          ,          ,          ,          ,47,83,83,5,5,0,0,0,0,0,0,0,0,0,0,223,11.5,2564.5,,STANFORD,6/5/2026,,,11.5,2564.5,223,0,NEW,XS / 47,S / 83,M / 83,L / 5,XL / 5,,,,,,,,,,
448,5/8/2026,,DONGJING,1/1/1900,Open,PO,,,,,,,7/30/2026,8/21/2026,,ELEVATOR DISCO,,0,                    ,                                                  ,                    ,0,FW26,26-Aug,SKIRTS,Style,EVB3043,LIGHT BROWN,Open,XS,S,M,L,XL,          ,          ,          ,          ,          ,          ,          ,          ,          ,          ,26,35,26,15,0,0,0,0,0,0,0,0,0,0,0,102,7.7,785.4,,STANFORD,,,,0,0,0,102,                    ,XS / 26,S / 35,M / 26,L / 15,XL / 0,,,,,,,,,,
449,5/8/2026,,INLOOK,5/27/2026,Closed,PO,P1490,,,,,,5/8/2026,5/30/2026,,ELEVATOR DISCO,,0,                    ,                                                  ,                    ,0,SS26,26-May,SHORTS,Style,FRP3047,WHITE BLACK,Closed,XS,S,M,L,XL,          ,          ,          ,          ,          ,          ,          ,          ,          ,          ,9,18,18,9,0,0,0,0,0,0,0,0,0,0,0,54,10.75,580.5,                    ,STANFORD,,,,10.75,580.5,54,0,                    ,XS / 9,S / 18,M / 18,L / 9,XL / 0,,,,,,,,,,
450,5/11/2026,,STENUE,1/1/1900,Open,PO,,,,,,,6/18/2026,7/14/2026,,ELEVATOR DISCO,                    ,0,                    ,                                                  ,                    ,0,                    ,LULUS,                    ,Style,FSET8043A,CHAMPAGNE,Open,XXS,XS,S,M,L,XL,XXL,          ,          ,          ,          ,          ,          ,          ,          ,3,27,61,65,30,13,1,0,0,0,0,0,0,0,0,200,13.2,2640,,STANFORD,,,,13.2,2640,0,200,                    ,XXS / 3,XS / 27,S / 61,M / 65,L / 30,XL / 13,XXL / 1,,,,,,,,
451,5/11/2026,,STENUE,1/1/1900,Open,PO,,,,,,,6/18/2026,7/10/2026,,ELEVATOR DISCO,                    ,0,                    ,                                                  ,                    ,0,                    ,LULUS,                    ,Style,FRD2390,IVORY GOLD,Open,XXS,XS,S,M,L,XL,XXL,          ,          ,          ,          ,          ,          ,          ,          ,20,37,89,76,58,45,20,0,0,0,0,0,0,0,0,345,16.3,5623.5,,STANFORD,,,,0,0,0,345,                    ,XXS / 20,XS / 37,S / 89,M / 76,L / 58,XL / 45,XXL / 20,,,,,,,,
452,5/13/2026,,STENUE,1/1/1900,Open,PO,,,,,,,6/18/2026,6/18/2026,,ELEVATOR DISCO,AIR,1702,12TH TRIBE,12TH TRIBE,10819,0,                    ,12TH TRIBE,                    ,Style,EDX2787AV,BROWN MULTI,Open,XS,S,M,L,XL,          ,          ,          ,          ,          ,          ,          ,          ,          ,          ,60,30,30,50,30,0,0,0,0,0,0,0,0,0,0,200,11,2200,                    ,STANFORD,6/11/2026,,,11,2200,0,200,RE-ORDER,XS / 60,S / 30,M / 30,L / 50,XL / 30,,,,,,,,,,
455,5/14/2026,,STENUE,1/1/1900,Open,PO,,,,,,,7/16/2026,8/6/2026,,ELEVATOR DISCO,MATSON,1705,LULUS,LULU'S FASHION LOUNGE,226994,0,                    ,LULUS,                    ,Style,FRP3152,SAGE,Open,XXS,XS,S,M,L,XL,XXL,          ,          ,          ,          ,          ,          ,          ,          ,0,38,100,100,40,22,0,0,0,0,0,0,0,0,0,300,6.5,1950,,FORERUNNER,,,,0,0,0,300,PRIVATE LABEL,XXS / 0,XS / 38,S / 100,M / 100,L / 40,XL / 22,XXL / 0,,,,,,,,
456,5/14/2026,,STENUE,1/1/1900,Open,PO,,,,,,,7/16/2026,8/6/2026,,ELEVATOR DISCO,MATSON,1706,LULUS,LULU'S FASHION LOUNGE,226992,0,                    ,LULUS,                    ,Style,FRP3152,MAROON,Open,XXS,XS,S,M,L,XL,XXL,          ,          ,          ,          ,          ,          ,          ,          ,0,38,100,100,40,22,0,0,0,0,0,0,0,0,0,300,6.5,1950,,FORERUNNER,6/11/2026,,,0,0,0,300,PRIVATE LABEL,XXS / 0,XS / 38,S / 100,M / 100,L / 40,XL / 22,XXL / 0,,,,,,,,
457,5/14/2026,,INLOOK,1/1/1900,Open,PO,,,,,,,8/27/2026,9/23/2026,,ELEVATOR DISCO,MATSON,0,                    ,                                                  ,                    ,0,FW26,26-Sep,TOPS,Style,EVT2029,BLACK,Open,XS,S,M,L,XL,          ,          ,          ,          ,          ,          ,          ,          ,          ,          ,6,10,9,5,0,0,0,0,0,0,0,0,0,0,0,30,12.25,367.5,,FORERUNNER,,,,0,0,0,30,                    ,XS / 6,S / 10,M / 9,L / 5,XL / 0,,,,,,,,,,
458,5/14/2026,,INLOOK,1/1/1900,Open,PO,,,,,,,8/27/2026,9/23/2020,,ELEVATOR DISCO,MATSON,0,                    ,                                                  ,                    ,0,FW26,26-Sep,TOPS,Style,EVT2029,BLACK,Open,XS,S,M,L,XL,          ,          ,          ,          ,          ,          ,          ,          ,          ,          ,7,14,14,7,0,0,0,0,0,0,0,0,0,0,0,42,12.25,514.5,,FORERUNNER,,,,0,0,0,42,                    ,XS / 7,S / 14,M / 14,L / 7,XL / 0,,,,,,,,,,
459,5/14/2026,,INLOOK,1/1/1900,Open,PO,,,,,,,8/27/2026,9/23/2026,,ELEVATOR DISCO,MATSON,0,                    ,                                                  ,                    ,0,FW26,26-Sep,SKIRTS,Style,EVB3053,BLACK,Open,XS,S,M,L,XL,          ,          ,          ,          ,          ,          ,          ,          ,          ,          ,8,14,12,6,0,0,0,0,0,0,0,0,0,0,0,40,16.75,670,,FORERUNNER,,,,15,600,0,40,                    ,XS / 8,S / 14,M / 12,L / 6,XL / 0,,,,,,,,,,
460,5/14/2026,,INLOOK,1/1/1900,Open,PO,,,,,,,8/27/2026,9/23/2026,,ELEVATOR DISCO,MATSON,0,                    ,                                                  ,                    ,0,FW26,26-Sep,SKIRTS,Style,EVB3053,BLACK,Open,XS,S,M,L,XL,          ,          ,          ,          ,          ,          ,          ,          ,          ,          ,17,34,34,17,0,0,0,0,0,0,0,0,0,0,0,102,16.75,1708.5,,FORERUNNER,,,,15,1530,0,102,                    ,XS / 17,S / 34,M / 34,L / 17,XL / 0,,,,,,,,,,
461,5/14/2026,,STENUE,1/1/1900,Open,PO,,,,,,,6/25/2026,7/23/2026,,ELEVATOR DISCO,MATSON,0,                    ,                                                  ,                    ,0,FW26,26-Jul,TOPS,Style,CT1061,GRAY,Open,XS,S,M,L,XL,          ,          ,          ,          ,          ,          ,          ,          ,          ,          ,8,16,16,8,0,0,0,0,0,0,0,0,0,0,0,48,0,0,,FORERUNNER,,,,0,0,0,48,                    ,XS / 8,S / 16,M / 16,L / 8,XL / 0,,,,,,,,,,
462,5/14/2026,,DONGJING,1/1/1900,Open,PO,,,,,,,7/30/2026,8/21/2026,,ELEVATOR DISCO,MATSON,0,                    ,                                                  ,                    ,0,FW26,26-Aug,TOPS,Style,EVT2045,LIGHT BROWN,Open,XS,S,M,L,XL,          ,          ,          ,          ,          ,          ,          ,          ,          ,          ,35,50,42,20,0,0,0,0,0,0,0,0,0,0,0,147,13.5,1984.5,,FORERUNNER,,,,0,0,0,147,                    ,XS / 35,S / 50,M / 42,L / 20,XL / 0,,,,,,,,,,
463,5/14/2026,,STENUE,1/1/1900,Open,PO,,,,,,,7/30/2026,8/21/2026,,ELEVATOR DISCO,MATSON,0,                    ,                                                  ,                    ,0,FW26,26-Aug,DRESSES,Style,EVD1078,LIGHT BROWN,Open,XS,S,M,L,XL,          ,          ,          ,          ,          ,          ,          ,          ,          ,          ,8,14,12,6,0,0,0,0,0,0,0,0,0,0,0,40,17.6,704,,FORERUNNER,,,,0,0,0,40,                    ,XS / 8,S / 14,M / 12,L / 6,XL / 0,,,,,,,,,,
464,5/14/2026,,STENUE,1/1/1900,Open,PO,,,,,,,7/30/2026,8/21/2026,,ELEVATOR DISCO,MATSON,0,                    ,                                                  ,                    ,0,FW26,26-Jul,SWEATERS,Style,EVW5017,LIGHT BLUE,Open,XS,S,M,L,XL,          ,          ,          ,          ,          ,          ,          ,          ,          ,          ,18,36,36,18,0,0,0,0,0,0,0,0,0,0,0,108,12.6,1360.8,,FORERUNNER,,,,0,0,0,108,                    ,XS / 18,S / 36,M / 36,L / 18,XL / 0,,,,,,,,,,
465,5/14/2026,,DONGJING,1/1/1900,Open,PO,,,,,,,7/30/2026,8/21/2026,,ELEVATOR DISCO,MATSON,0,                    ,                                                  ,                    ,0,FW26,26-Aug,TOPS,Style,EVT2045,LIGHT BROWN,Open,XS,S,M,L,XL,          ,          ,          ,          ,          ,          ,          ,          ,          ,          ,9,18,18,9,0,0,0,0,0,0,0,0,0,0,0,54,13.5,729,,FORERUNNER,,,,0,0,0,54,                    ,XS / 9,S / 18,M / 18,L / 9,XL / 0,,,,,,,,,,
466,5/14/2026,,STENUE,1/1/1900,Open,PO,,,,,,,7/30/2026,8/21/2026,,ELEVATOR DISCO,MATSON,0,                    ,                                                  ,                    ,0,FW26,26-Aug,DRESSES,Style,EVD1078,LIGHT BROWN,Open,XS,S,M,L,XL,          ,          ,          ,          ,          ,          ,          ,          ,          ,          ,5,10,10,5,0,0,0,0,0,0,0,0,0,0,0,30,17.6,528,,FORERUNNER,,,,0,0,0,30,                    ,XS / 5,S / 10,M / 10,L / 5,XL / 0,,,,,,,,,,
467,5/14/2026,,DONGJING,1/1/1900,Open,PO,,,,,,,7/30/2026,8/21/2026,,ELEVATOR DISCO,MATSON,0,                    ,                                                  ,                    ,0,FW26,26-Aug,SKIRTS,Style,EVB3043,LIGHT BROWN,Open,XS,S,M,L,XL,          ,          ,          ,          ,          ,          ,          ,          ,          ,          ,4,8,8,4,0,0,0,0,0,0,0,0,0,0,0,24,7.7,184.8,,FORERUNNER,,,,0,0,0,24,                    ,XS / 4,S / 8,M / 8,L / 4,XL / 0,,,,,,,,,,
468,5/15/2026,4/30/2026,STENUE,5/15/2026,Closed,PO,P1386,,,,,,5/15/2026,5/30/2026,5/15/2026,ELEVATOR DISCO,                    ,0,                    ,                                                  ,                    ,0,SS26,26-Jun,DRESSES,Style,CD1043,BLACK,Closed,XS,S,M,L,XL,          ,          ,          ,          ,          ,          ,          ,          ,          ,          ,13,18,13,6,0,0,0,0,0,0,0,0,0,0,0,50,13.8,690,,FORERUNNER,4/30/2026,,,13.8,690,64,-14,                    ,XS / 13,S / 18,M / 13,L / 6,XL / 0,,,,,,,,,,
469,5/15/2026,6/12/2026,STENUE,5/15/2026,Closed,PO,P1391,,,,,,5/15/2026,5/30/2026,5/15/2026,ELEVATOR DISCO,                    ,1626,BLOOMINGDALES,BLOOMINGDALES,6469139,0,SS26,26-Jun,DRESSES,Style,CD1043,BLACK,Closed,XS,S,M,L,XL,          ,          ,          ,          ,          ,          ,          ,          ,          ,          ,9,16,13,8,4,0,0,0,0,0,0,0,0,0,0,50,13.8,690,,STANFORD,6/12/2026,,,13.8,690,49,1,MAJOR,XS / 9,S / 16,M / 13,L / 8,XL / 4,,,,,,,,,,
471,5/15/2026,,STENUE,1/1/1900,Open,PO,,,,,,,7/30/2026,8/21/2026,,ELEVATOR DISCO,MATSON,0,                    ,                                                  ,                    ,0,FW26,26-Aug,TOPS,Style,EVT2014,PURPLE,Open,XS,S,M,L,XL,          ,          ,          ,          ,          ,          ,          ,          ,          ,          ,17,34,34,17,0,0,0,0,0,0,0,0,0,0,0,102,23.05,2351.1,,FORERUNNER,,,,23.05,2351.1,0,102,                    ,XS / 17,S / 34,M / 34,L / 17,XL / 0,,,,,,,,,,
472,5/15/2026,,STENUE,1/1/1900,Open,PO,,,,,,,7/30/2026,8/21/2026,,ELEVATOR DISCO,MATSON,0,                    ,                                                  ,                    ,0,FW26,26-Aug,PANTS,Style,EVB3027,PURPLE,Open,XS,S,M,L,XL,          ,          ,          ,          ,          ,          ,          ,          ,          ,          ,17,34,34,17,0,0,0,0,0,0,0,0,0,0,0,102,25.85,2636.7,,FORERUNNER,,,,25.85,2636.7,0,102,                    ,XS / 17,S / 34,M / 34,L / 17,XL / 0,,,,,,,,,,
473,5/15/2026,,STENUE,1/1/1900,Open,PO,,,,,,,7/23/2026,8/14/2026,,ELEVATOR DISCO,MATSON,0,                    ,                                                  ,                    ,0,FW26,26-Aug,OUTERWEAR,Style,FRJ6048V,WHITE,Open,XS,S,M,L,XL,          ,          ,          ,          ,          ,          ,          ,          ,          ,          ,17,34,34,17,0,0,0,0,0,0,0,0,0,0,0,102,0,0,,FORERUNNER,,,,0,0,0,102,                    ,XS / 17,S / 34,M / 34,L / 17,XL / 0,,,,,,,,,,
474,5/15/2026,,STENUE,1/1/1900,Open,PO,,,,,,,7/30/2026,8/21/2026,,ELEVATOR DISCO,MATSON,0,                    ,                                                  ,                    ,0,FW26,26-Aug,PANTS,Style,EVB3002,BLACK,Open,XS,S,M,L,XL,          ,          ,          ,          ,          ,          ,          ,          ,          ,          ,17,34,34,17,0,0,0,0,0,0,0,0,0,0,0,102,15,1530,,FORERUNNER,,,,0,0,0,102,                    ,XS / 17,S / 34,M / 34,L / 17,XL / 0,,,,,,,,,,
475,5/15/2026,,KJ,1/1/1900,Open,PO,,,,,,,7/30/2026,,,ELEVATOR DISCO,MATSON,0,                    ,                                                  ,                    ,0,FW26,26-Aug,TOPS,Style,EVT2033,LIGHT BLUE,Open,XS,S,M,L,XL,          ,          ,          ,          ,          ,          ,          ,          ,          ,          ,17,34,34,17,0,0,0,0,0,0,0,0,0,0,0,102,24.3,2478.6,,FORERUNNER,,,,24.3,2478.6,0,102,                    ,XS / 17,S / 34,M / 34,L / 17,XL / 0,,,,,,,,,,
476,5/15/2026,,KJ,1/1/1900,Open,PO,,,,,,,7/30/2026,8/21/2026,,ELEVATOR DISCO,MATSON,0,                    ,                                                  ,                    ,0,FW26,26-Aug,PANTS,Style,EVB3041,LIGHT BLUE,Open,XS,S,M,L,XL,          ,          ,          ,          ,          ,          ,          ,          ,          ,          ,17,34,34,17,0,0,0,0,0,0,0,0,0,0,0,102,22,2244,,FORERUNNER,6/12/2026,,,22,2244,0,102,                    ,XS / 17,S / 34,M / 34,L / 17,XL / 0,,,,,,,,,,
477,5/17/2026,,INLOOK,1/1/1900,Open,PO,,,,,,,7/30/2026,8/21/2026,,FREESIA,MATSON,1710,LULUS,LULU'S FASHION LOUNGE,227083,0,FW26,                    ,DRESSES,Style,EDX2332,WINE,Open,XXS,XS,S,M,L,XL,XXL,          ,          ,          ,          ,          ,          ,          ,          ,3,44,90,91,46,25,2,0,0,0,0,0,0,0,0,301,11,3311,,FORERUNNER,6/14/2026,,,0,0,0,301,PRIVATE LABEL,XXS / 3,XS / 44,S / 90,M / 91,L / 46,XL / 25,XXL / 2,,,,,,,,
478,5/17/2026,,INLOOK,1/1/1900,Open,PO,,,,,,,7/16/2026,8/7/2026,,FREESIA,MATSON,1711,LULUS,LULU'S FASHION LOUNGE,227108,0,FW26,                    ,DRESSES,Style,EDX2332,BLACK SHINY BLACK,Open,XXS,XS,S,M,L,XL,XXL,          ,          ,          ,          ,          ,          ,          ,          ,3,29,54,56,32,21,5,0,0,0,0,0,0,0,0,200,11,2200,,FORERUNNER,6/14/2026,,,0,0,0,200,PRIVATE LABEL,XXS / 3,XS / 29,S / 54,M / 56,L / 32,XL / 21,XXL / 5,,,,,,,,
479,5/17/2026,,INLOOK,1/1/1900,Open,PO,,,,,,,7/16/2026,8/7/2026,,FREESIA,MATSON,1712,LULUS,LULU'S FASHION LOUNGE,227109,0,                    ,LULUS,                    ,Style,FRD1226,RUST,Open,XXS,XS,S,M,L,XL,XXL,          ,          ,          ,          ,          ,          ,          ,          ,10,49,92,95,37,13,4,0,0,0,0,0,0,0,0,300,15.3,4590,,FORERUNNER,,,,15.3,4590,0,300,PRIVATE LABEL,XXS / 10,XS / 49,S / 92,M / 95,L / 37,XL / 13,XXL / 4,,,,,,,,
480,5/17/2026,,STENUE,1/1/1900,Open,PO,,,,,,,7/23/2026,8/14/2026,,FREESIA,MATSON,1713,LULUS,LULU'S FASHION LOUNGE,227111,0,                    ,                    ,DRESSES,Style,FRD2061,BLACK PINK OLIVE,Open,XXS,XS,S,M,L,XL,XXL,          ,          ,          ,          ,          ,          ,          ,          ,0,34,80,80,58,48,15,0,0,0,0,0,0,0,0,315,16.8,5292,,FORERUNNER,,,,16.8,5292,0,315,PRIVATE LABEL,XXS / 0,XS / 34,S / 80,M / 80,L / 58,XL / 48,XXL / 15,,,,,,,,
481,5/17/2026,,STENUE,1/1/1900,Open,PO,,,,,,,7/30/2026,,,FREESIA,MATSON,1714,LULUS,LULU'S FASHION LOUNGE,227113,0,                    ,LULUS,DRESSES,Style,TD1051,FOREST GREEN,Open,XXS,XS,S,M,L,XL,XXL,          ,          ,          ,          ,          ,          ,          ,          ,9,40,105,114,103,86,43,0,0,0,0,0,0,0,0,500,14.8,7400,,FORERUNNER,,,,14.8,7400,0,500,PRIVATE LABEL,XXS / 9,XS / 40,S / 105,M / 114,L / 103,XL / 86,XXL / 43,,,,,,,,
482,5/17/2026,,STENUE,1/1/1900,Open,PO,,,,,,,7/9/2026,7/30/2026,,FREESIA,MATSON,1715,LULUS,LULU'S FASHION LOUNGE,227117,0,                    ,LULUS,                    ,Style,FRD1989,CREAM,Open,XXS,XS,S,M,L,XL,XXL,          ,          ,          ,          ,          ,          ,          ,          ,10,48,108,112,60,52,10,0,0,0,0,0,0,0,0,400,16.8,6720,,FORERUNNER,6/14/2026,,,16.8,6720,0,400,PRIVATE LABEL,XXS / 10,XS / 48,S / 108,M / 112,L / 60,XL / 52,XXL / 10,,,,,,,,
483,5/18/2026,,STENUE,1/1/1900,Open,PO,,,,,,,6/25/2026,7/27/2026,,ELEVATOR DISCO,MATSON,1709,12TH TRIBE,12TH TRIBE,10862,0,                    ,12TH TRIBE,                    ,Style,ET2809-12,TAUPE,Open,XXS,XS,S,M,L,XL,XXL,          ,          ,          ,          ,          ,          ,          ,          ,0,56,122,98,49,25,0,0,0,0,0,0,0,0,0,350,7.8,2730,,FORERUNNER,6/15/2026,,,0,0,0,350,NEW,XXS / 0,XS / 56,S / 122,M / 98,L / 49,XL / 25,XXL / 0,,,,,,,,
484,5/18/2026,,STENUE,1/1/1900,Open,PO,,,,,,,6/25/3036,7/20/2026,,ELEVATOR DISCO,MATSON,1708,12TH TRIBE,12TH TRIBE,10853,0,                    ,12TH TRIBE,                    ,Style,ET2809-12,CREAM,Open,XXS,XS,S,M,L,XL,XXL,          ,          ,          ,          ,          ,          ,          ,          ,0,48,105,84,42,21,0,0,0,0,0,0,0,0,0,300,7.8,2340,,FORERUNNER,,,,0,0,0,300,NEW,XXS / 0,XS / 48,S / 105,M / 84,L / 42,XL / 21,XXL / 0,,,,,,,,
485,5/19/2026,6/16/2026,STENUE,5/19/2026,Closed,PO,,,,,,,5/19/2026,6/16/2026,5/19/2026,ELEVATOR DISCO,                    ,0,                    ,                                                  ,                    ,0,                    ,12TH TRIBE,                    ,Style,ES3539VD,RUST,Closed,XS,S,M,L,XL,          ,          ,          ,          ,          ,          ,          ,          ,          ,          ,60,111,114,15,0,0,0,0,0,0,0,0,0,0,0,300,8.2,2460,,FORERUNNER,6/16/2026,,,8.2,2460,300,0,                    ,XS / 60,S / 111,M / 114,L / 15,XL / 0,,,,,,,,,,
486,5/19/2026,6/16/2026,STENUE,5/19/2026,Closed,PO,,,,,,,5/19/2026,6/16/2026,5/19/2026,ELEVATOR DISCO,                    ,0,                    ,                                                  ,                    ,0,                    ,12TH TRIBE,                    ,Style,EP3527A,TAN,Closed,XS,S,M,L,XL,          ,          ,          ,          ,          ,          ,          ,          ,          ,          ,80,188,100,32,0,0,0,0,0,0,0,0,0,0,0,400,7.9,3160,,FORERUNNER,6/16/2026,,,7.9,3160,455,-55,                    ,XS / 80,S / 188,M / 100,L / 32,XL / 0,,,,,,,,,,
487,5/19/2026,6/16/2026,STENUE,5/19/2026,Closed,PO,,,,,,,5/19/2026,6/16/2026,5/19/2026,ELEVATOR DISCO,                    ,0,                    ,                                                  ,                    ,0,                    ,12TH TRIBE,                    ,Style,SET8370V,BLACK,Closed,XS,S,M,L,XL,          ,          ,          ,          ,          ,          ,          ,          ,          ,          ,42,85,103,15,5,0,0,0,0,0,0,0,0,0,0,250,16.5,4125,,FORERUNNER,6/16/2026,,,16.5,4125,249,1,                    ,XS / 42,S / 85,M / 103,L / 15,XL / 5,,,,,,,,,,
488,5/19/2026,6/16/2026,STENUE,5/19/2026,Closed,PO,,,,,,,5/19/2026,6/16/2026,5/19/2026,ELEVATOR DISCO,                    ,0,                    ,                                                  ,                    ,0,                    ,12TH TRIBE,                    ,Style,ET3237VD,BONE,Closed,XS,S,M,L,XL,          ,          ,          ,          ,          ,          ,          ,          ,          ,          ,95,190,145,50,20,0,0,0,0,0,0,0,0,0,0,500,6.6,3300,,FORERUNNER,6/16/2026,,,6.6,3300,521,-21,                    ,XS / 95,S / 190,M / 145,L / 50,XL / 20,,,,,,,,,,
489,3/13/2026,4/28/2026,STENUE,5/19/2026,Closed,PO,,,,,,,3/13/2026,5/1/2026,4/9/2026,FREESIA,AIR,1691,12TH TRIBE,12TH TRIBE,10520,0,                    ,12TH TRIBE,                    ,Style,ET3237VD,BLACK,Closed,XS,S,M,L,XL,          ,          ,          ,          ,          ,          ,          ,          ,          ,          ,88,197,120,36,0,0,0,0,0,0,0,0,0,0,0,441,6.6,2910.6,,FORERUNNER,4/28/2026,,,6.6,2910.6,441,0,NEW,XS / 88,S / 197,M / 120,L / 36,XL / 0,,,,,,,,,,
490,5/20/2026,6/17/2026,STENUE,5/20/2026,Closed,PO,,,,,,,5/20/2026,6/17/2026,5/20/2026,ELEVATOR DISCO,                    ,1716,12TH TRIBE,12TH TRIBE,10195,0,                    ,12TH TRIBE,                    ,Style,SET8357-P,BROWN,Closed,XS,S,M,L,XL,          ,          ,          ,          ,          ,          ,          ,          ,          ,          ,80,73,58,32,7,0,0,0,0,0,0,0,0,0,0,250,0,0,,FORERUNNER,6/17/2026,,,0,0,239,11,PRIVATE LABEL,XS / 80,S / 73,M / 58,L / 32,XL / 7,,,,,,,,,,
491,5/20/2026,6/17/2026,STENUE,5/20/2026,Closed,PO,,,,,,,5/20/2026,6/17/2026,5/20/2026,FREESIA,                    ,1716,12TH TRIBE,12TH TRIBE,10195,0,                    ,12TH TRIBE,                    ,Style,SET8357-T,BROWN,Closed,XS,S,M,L,XL,          ,          ,          ,          ,          ,          ,          ,          ,          ,          ,87,84,84,36,9,0,0,0,0,0,0,0,0,0,0,300,5.4,1620,,FORERUNNER,6/17/2026,,,5.4,1620,292,8,PRIVATE LABEL,XS / 87,S / 84,M / 84,L / 36,XL / 9,,,,,,,,,,
492,5/20/2026,6/17/2026,STENUE,5/20/2026,Closed,PO,,,,,,,5/20/2026,6/17/2026,5/20/2026,ELEVATOR DISCO,                    ,0,                    ,                                                  ,                    ,0,                    ,12TH TRIBE,                    ,Style,FRT2219,BEIGE,Closed,XXS,XS,S,M,L,XL,XXL,          ,          ,          ,          ,          ,          ,          ,          ,0,57,112,81,39,30,0,0,0,0,0,0,0,0,0,319,0,0,,FORERUNNER,6/17/2026,,,0,0,319,0,                    ,XXS / 0,XS / 57,S / 112,M / 81,L / 39,XL / 30,XXL / 0,,,,,,,,
493,5/20/2026,6/17/2026,STENUE,5/20/2026,Closed,PO,,,,,,,5/20/2026,6/17/2026,5/20/2026,ELEVATOR DISCO,                    ,0,                    ,                                                  ,                    ,0,                    ,12TH TRIBE,                    ,Style,FRT2219-B,BEIGE,Closed,XS,S,M,L,XL,          ,          ,          ,          ,          ,          ,          ,          ,          ,          ,37,78,68,43,24,0,0,0,0,0,0,0,0,0,0,250,0,0,,FORERUNNER,6/17/2026,,,0,0,256,-6,                    ,XS / 37,S / 78,M / 68,L / 43,XL / 24,,,,,,,,,,
494,5/20/2026,6/17/2026,STENUE,5/20/2026,Closed,PO,P1512,,,,,,5/20/2026,6/17/2026,5/20/2026,ELEVATOR DISCO,                    ,0,                    ,                                                  ,                    ,0,SS26,26-May,SKIRTS,Style,CP1021,MINT,Closed,XS,S,M,L,XL,          ,          ,          ,          ,          ,          ,          ,          ,          ,          ,5,10,8,5,2,0,0,0,0,0,0,0,0,0,0,30,11.2,336,,FORERUNNER,6/17/2026,,,11.2,336,30,0,                    ,XS / 5,S / 10,M / 8,L / 5,XL / 2,,,,,,,,,,
495,5/20/2026,,STENUE,1/1/1900,Open,PO,,,,,,,6/26/2026,7/24/2026,,ELEVATOR DISCO,MATSON,1721,LULUS,LULU'S FASHION LOUNGE,227432,0,                    ,LULUS,                    ,Style,SETD1072,IVORY,Open,XXS,XS,S,M,L,XL,XXL,          ,          ,          ,          ,          ,          ,          ,          ,6,47,93,103,40,12,0,0,0,0,0,0,0,0,0,301,10.2,3070.2,,FORERUNNER,6/17/2026,,,10.2,3070.2,0,301,PRIVATE LABEL,XXS / 6,XS / 47,S / 93,M / 103,L / 40,XL / 12,XXL / 0,,,,,,,,
498,5/22/2026,,DONGJING,1/1/1900,Open,PO,,,,,,,6/11/2026,7/3/2026,,ELEVATOR DISCO,MATSON,1746,12TH TRIBE,12TH TRIBE,10684,0,                    ,12TH TRIBE,                    ,Style,SET8376C,WHITE,Open,XXS,XS,S,M,L,XL,XXL,          ,          ,          ,          ,          ,          ,          ,          ,0,80,140,40,25,15,0,0,0,0,0,0,0,0,0,300,12.5,3750,,FORERUNNER,,,,0,0,0,300,PRIVATE LABEL,XXS / 0,XS / 80,S / 140,M / 40,L / 25,XL / 15,XXL / 0,,,,,,,,
499,5/27/2026,6/24/2026,STENUE,5/27/2026,Closed,PO,P1388,,,,,,5/27/2026,6/24/2026,5/27/2026,ELEVATOR DISCO,,0,                    ,                                                  ,                    ,0,SS26,26-Jun,DRESSES,Style,CD1021,PINK MULTI,Closed,XS,S,M,L,XL,          ,          ,          ,          ,          ,          ,          ,          ,          ,          ,7,13,11,6,3,0,0,0,0,0,0,0,0,0,0,40,11,440,,STANFORD,6/24/2026,,,11,440,44,-4,                    ,XS / 7,S / 13,M / 11,L / 6,XL / 3,,,,,,,,,,
500,5/27/2026,6/24/2026,STENUE,5/27/2026,Closed,PO,,,,,,,5/27/2026,6/24/2026,5/27/2026,ELEVATOR DISCO,,0,                    ,                                                  ,                    ,0,SS26,26-Jun,DRESSES,Style,CD1046,BLACK,Closed,XS,S,M,L,XL,          ,          ,          ,          ,          ,          ,          ,          ,          ,          ,9,16,13,8,4,0,0,0,0,0,0,0,0,0,0,50,10,500,                    ,STANFORD,6/24/2026,,,10,500,68,-18,                    ,XS / 9,S / 16,M / 13,L / 8,XL / 4,,,,,,,,,,
501,5/28/2026,,STENUE,1/1/1900,Open,PO,,,,,,,7/16/2026,8/13/2026,,ELEVATOR DISCO,MATSON,1750,LULUS,LULU'S FASHION LOUNGE,227726,0,                    ,                    ,DRESSES,Style,FRD2216,BLACK,Open,XXS,XS,S,M,L,XL,XXL,          ,          ,          ,          ,          ,          ,          ,          ,5,56,104,111,53,22,0,0,0,0,0,0,0,0,0,351,9.4,3299.4,,FORERUNNER,,,,9.4,3299.4,0,351,PRIVATE LABEL,XXS / 5,XS / 56,S / 104,M / 111,L / 53,XL / 22,XXL / 0,,,,,,,,
502,5/28/2026,,STENUE,1/1/1900,Open,PO,,,,,,,7/16/2026,8/13/2026,,ELEVATOR DISCO,MATSON,1749,LULUS,LULU'S FASHION LOUNGE,227727,0,                    ,                    ,DRESSES,Style,FRD2216,WINE,Open,XXS,XS,S,M,L,XL,XXL,          ,          ,          ,          ,          ,          ,          ,          ,5,56,104,111,53,22,0,0,0,0,0,0,0,0,0,351,9.4,3299.4,,FORERUNNER,,,,9.4,3299.4,0,351,PRIVATE LABEL,XXS / 5,XS / 56,S / 104,M / 111,L / 53,XL / 22,XXL / 0,,,,,,,,
503,5/28/2026,,KJ,1/1/1900,Open,PO,,,,,,,8/20/2026,,,ELEVATOR DISCO,MATSON,0,                    ,                                                  ,                    ,0,FW26,26-Sep,DRESSES,Style,FRD2118,BROWN,Open,XS,S,M,L,XL,          ,          ,          ,          ,          ,          ,          ,          ,          ,          ,10,20,19,10,0,0,0,0,0,0,0,0,0,0,0,59,0,0,,FORERUNNER,,,,0,0,0,59,                    ,XS / 10,S / 20,M / 19,L / 10,XL / 0,,,,,,,,,,
503,5/28/2026,,KJ,1/1/1900,Open,PO,,,,,,,8/20/2026,,,ELEVATOR DISCO,MATSON,0,                    ,                                                  ,                    ,0,FW26,26-Sep,DRESSES,Style,FRD2118,BROWN,Open,XS,S,M,L,XL,          ,          ,          ,          ,          ,          ,          ,          ,          ,          ,19,40,36,19,0,0,0,0,0,0,0,0,0,0,0,114,0,0,,FORERUNNER,,,,0,0,0,114,                    ,XS / 19,S / 40,M / 36,L / 19,XL / 0,,,,,,,,,,
503,5/28/2026,,KJ,1/1/1900,Open,PO,,,,,,,8/20/2026,,,ELEVATOR DISCO,MATSON,0,                    ,                                                  ,                    ,0,FW26,26-Sep,DRESSES,Style,FRD2118,BROWN,Open,XS,S,M,L,XL,          ,          ,          ,          ,          ,          ,          ,          ,          ,          ,6,12,12,6,0,0,0,0,0,0,0,0,0,0,0,36,0,0,,FORERUNNER,,,,0,0,0,36,                    ,XS / 6,S / 12,M / 12,L / 6,XL / 0,,,,,,,,,,
504,5/28/2026,,LOSON,1/1/1900,Open,PO,,,,,,,8/20/2026,,,ELEVATOR DISCO,MATSON,0,                    ,                                                  ,                    ,0,FW26,26-Sep,OUTERWEAR,Style,EVO7023,BLACK,Open,XS,S,M,L,XL,          ,          ,          ,          ,          ,          ,          ,          ,          ,          ,6,10,9,5,0,0,0,0,0,0,0,0,0,0,0,30,0,0,                    ,FORERUNNER,,,,0,0,0,30,                    ,XS / 6,S / 10,M / 9,L / 5,XL / 0,,,,,,,,,,
504,5/28/2026,,LOSON,1/1/1900,Open,PO,,,,,,,8/20/2026,,,ELEVATOR DISCO,MATSON,0,                    ,                                                  ,                    ,0,FW26,26-Sep,OUTERWEAR,Style,EVO7023,BLACK,Open,XS,S,M,L,XL,          ,          ,          ,          ,          ,          ,          ,          ,          ,          ,6,9,7,3,0,0,0,0,0,0,0,0,0,0,0,25,0,0,,FORERUNNER,,,,0,0,0,25,                    ,XS / 6,S / 9,M / 7,L / 3,XL / 0,,,,,,,,,,
504,5/28/2026,,LOSON,1/1/1900,Open,PO,,,,,,,8/20/2026,,,ELEVATOR DISCO,MATSON,0,                    ,                                                  ,                    ,0,FW26,26-Sep,OUTERWEAR,Style,EVO7023,BLACK,Open,XS,S,M,L,XL,          ,          ,          ,          ,          ,          ,          ,          ,          ,          ,14,15,11,7,0,0,0,0,0,0,0,0,0,0,0,47,0,0,,FORERUNNER,,,,0,0,0,47,                    ,XS / 14,S / 15,M / 11,L / 7,XL / 0,,,,,,,,,,
504,5/28/2026,,LOSON,1/1/1900,Open,PO,,,,,,,8/20/2026,,,ELEVATOR DISCO,MATSON,0,                    ,                                                  ,                    ,0,FW26,26-Sep,OUTERWEAR,Style,EVO7023,BLACK,Open,XS,S,M,L,XL,          ,          ,          ,          ,          ,          ,          ,          ,          ,          ,5,10,10,5,0,0,0,0,0,0,0,0,0,0,0,30,0,0,,FORERUNNER,,,,0,0,0,30,                    ,XS / 5,S / 10,M / 10,L / 5,XL / 0,,,,,,,,,,
505,5/28/2026,,STENUE,1/1/1900,Open,PO,,,,,,,8/20/2026,,,ELEVATOR DISCO,MATSON,0,                    ,                                                  ,                    ,0,FW26,26-Sep,OUTERWEAR,Style,EVO7025,LIGHT BROWN,Open,XS,S,M,L,XL,          ,          ,          ,          ,          ,          ,          ,          ,          ,          ,12,21,17,10,0,0,0,0,0,0,0,0,0,0,0,60,0,0,,FORERUNNER,,,,0,0,0,60,                    ,XS / 12,S / 21,M / 17,L / 10,XL / 0,,,,,,,,,,
505,5/28/2026,,STENUE,1/1/1900,Open,PO,,,,,,,8/20/2026,,,ELEVATOR DISCO,MATSON,0,                    ,                                                  ,                    ,0,FW26,26-Sep,OUTERWEAR,Style,EVO7025,LIGHT BROWN,Open,XS,S,M,L,XL,          ,          ,          ,          ,          ,          ,          ,          ,          ,          ,13,18,13,6,0,0,0,0,0,0,0,0,0,0,0,50,0,0,,FORERUNNER,,,,0,0,0,50,                    ,XS / 13,S / 18,M / 13,L / 6,XL / 0,,,,,,,,,,
505,5/28/2026,,STENUE,1/1/1900,Open,PO,,,,,,,8/20/2026,,,ELEVATOR DISCO,MATSON,0,                    ,                                                  ,                    ,0,FW26,26-Sep,OUTERWEAR,Style,EVO7025,LIGHT BROWN,Open,XS,S,M,L,XL,          ,          ,          ,          ,          ,          ,          ,          ,          ,          ,40,49,35,28,0,0,0,0,0,0,0,0,0,0,0,152,0,0,,FORERUNNER,,,,0,0,0,152,                    ,XS / 40,S / 49,M / 35,L / 28,XL / 0,,,,,,,,,,
505,5/28/2026,,STENUE,1/1/1900,Open,PO,,,,,,,8/20/2026,,,ELEVATOR DISCO,MATSON,0,                    ,                                                  ,                    ,0,FW26,26-Sep,OUTERWEAR,Style,EVO7025,LIGHT BROWN,Open,XS,S,M,L,XL,          ,          ,          ,          ,          ,          ,          ,          ,          ,          ,7,14,14,7,0,0,0,0,0,0,0,0,0,0,0,42,0,0,,FORERUNNER,,,,0,0,0,42,                    ,XS / 7,S / 14,M / 14,L / 7,XL / 0,,,,,,,,,,
506,5/28/2026,,GF,1/1/1900,Open,PO,,,,,,,8/20/2026,,,ELEVATOR DISCO,MATSON,0,                    ,                                                  ,                    ,0,FW26,26-Sep,DRESSES,Style,CD1067,BLACK,Open,XS,S,M,L,XL,          ,          ,          ,          ,          ,          ,          ,          ,          ,          ,6,10,9,5,0,0,0,0,0,0,0,0,0,0,0,30,12.5,375,                    ,FORERUNNER,,,,0,0,0,30,                    ,XS / 6,S / 10,M / 9,L / 5,XL / 0,,,,,,,,,,
506,5/28/2026,,GF,1/1/1900,Open,PO,,,,,,,8/20/2026,,,ELEVATOR DISCO,MATSON,0,                    ,                                                  ,                    ,0,FW26,26-Sep,DRESSES,Style,CD1067,BLACK,Open,XS,S,M,L,XL,          ,          ,          ,          ,          ,          ,          ,          ,          ,          ,4,5,4,2,0,0,0,0,0,0,0,0,0,0,0,15,12.5,187.5,,FORERUNNER,,,,0,0,0,15,                    ,XS / 4,S / 5,M / 4,L / 2,XL / 0,,,,,,,,,,
506,5/28/2026,,GF,1/1/1900,Open,PO,,,,,,,8/20/2026,,,ELEVATOR DISCO,MATSON,0,                    ,                                                  ,                    ,0,FW26,26-Sep,DRESSES,Style,CD1067,BLACK,Open,XS,S,M,L,XL,          ,          ,          ,          ,          ,          ,          ,          ,          ,          ,11,15,8,6,0,0,0,0,0,0,0,0,0,0,0,40,12.5,500,,FORERUNNER,,,,0,0,0,40,                    ,XS / 11,S / 15,M / 8,L / 6,XL / 0,,,,,,,,,,
506,5/28/2026,,GF,1/1/1900,Open,PO,,,,,,,8/20/2026,,,ELEVATOR DISCO,MATSON,0,                    ,                                                  ,                    ,0,FW26,26-Sep,DRESSES,Style,CD1067,BLACK,Open,XS,S,M,L,XL,          ,          ,          ,          ,          ,          ,          ,          ,          ,          ,2,4,4,2,0,0,0,0,0,0,0,0,0,0,0,12,12.5,150,,FORERUNNER,,,,0,0,0,12,                    ,XS / 2,S / 4,M / 4,L / 2,XL / 0,,,,,,,,,,
507,5/28/2026,,DONGJING,1/1/1900,Open,PO,,,,,,,7/2/2026,,,FREESIA,MATSON,1754,12TH TRIBE,12TH TRIBE,10936,0,                    ,12TH TRIBE,                    ,Style,SET8376C,WHITE,Open,XXS,XS,S,M,L,XL,XXL,          ,          ,          ,          ,          ,          ,          ,          ,0,55,120,110,50,15,0,0,0,0,0,0,0,0,0,350,12.5,4375,,FORERUNNER,,,,0,0,0,350,PRIVATE LABEL,XXS / 0,XS / 55,S / 120,M / 110,L / 50,XL / 15,XXL / 0,,,,,,,,
508,5/28/2026,,INLOOK,1/1/1900,Open,PO,,,,,,,7/23/2026,,,FREESIA,MATSON,1751,LULUS,LULU'S FASHION LOUNGE,228006,0,FW26,LULUS,DRESSES,Style,EDX2332,EMERALD GREEN,Open,XXS,XS,S,M,L,XL,XXL,          ,          ,          ,          ,          ,          ,          ,          ,13,75,119,80,55,0,8,0,0,0,0,0,0,0,0,350,11,3850,,FORERUNNER,,,,0,0,0,350,PRIVATE LABEL,XXS / 13,XS / 75,S / 119,M / 80,L / 55,XL / 0,XXL / 8,,,,,,,,
509,5/28/2026,,INLOOK,1/1/1900,Open,PO,,,,,,,7/30/2026,,,FREESIA,MATSON,1752,LULUS,LULU'S FASHION LOUNGE,228007,0,FW26,                    ,DRESSES,Style,EDX2332,BLACK SHINY BLACK,Open,XXS,XS,S,M,L,XL,XXL,          ,          ,          ,          ,          ,          ,          ,          ,5,47,76,87,50,28,7,0,0,0,0,0,0,0,0,300,11,3300,,FORERUNNER,,,,0,0,0,300,PRIVATE LABEL,XXS / 5,XS / 47,S / 76,M / 87,L / 50,XL / 28,XXL / 7,,,,,,,,
510,5/28/2026,,STENUE,1/1/1900,Open,PO,,,,,,,7/30/2026,,,FREESIA,MATSON,1753,LULUS,LULU'S FASHION LOUNGE,228008,0,                    ,                    ,DRESSES,Style,FRD2061,BLACK PINK OLIVE,Open,XXS,XS,S,M,L,XL,XXL,          ,          ,          ,          ,          ,          ,          ,          ,0,51,118,120,89,62,10,0,0,0,0,0,0,0,0,450,16.8,7560,,FORERUNNER,,,,16.8,7560,0,450,PRIVATE LABEL,XXS / 0,XS / 51,S / 118,M / 120,L / 89,XL / 62,XXL / 10,,,,,,,,
511,5/28/2026,,STENUE,1/1/1900,Open,PO,,,,,,,7/2/2026,,,ELEVATOR DISCO,CITY BUSINESS,1755,LULUS,LULU'S FASHION LOUNGE,227940,0,SS26,LULUS,DRESSES,Style,EDX2742,BLACK CREAM,Open,XXS,XS,S,M,L,XL,XXL,          ,          ,          ,          ,          ,          ,          ,          ,10,40,97,86,44,23,0,0,0,0,0,0,0,0,0,300,15.6,4680,,FORERUNNER,,,,15.6,4680,0,300,PRIVATE LABEL,XXS / 10,XS / 40,S / 97,M / 86,L / 44,XL / 23,XXL / 0,,,,,,,,
512,5/29/2026,,STENUE,1/1/1900,Open,PO,,,,,,,7/3/2026,,,FREESIA,AIR,0,                    ,                                                  ,                    ,0,                    ,12TH TRIBE,                    ,Style,SET8356B,WHITE,Open,XS,S,M,L,XL,          ,          ,          ,          ,          ,          ,          ,          ,          ,          ,32,56,41,17,4,0,0,0,0,0,0,0,0,0,0,150,8.2,1230,                    ,FORERUNNER,,,,8.2,1230,0,150,                    ,XS / 32,S / 56,M / 41,L / 17,XL / 4,,,,,,,,,,
513,5/29/2026,,STENUE,1/1/1900,Open,PO,,,,,,,7/10/2026,,,FREESIA,MATSON,0,                    ,                                                  ,                    ,0,                    ,12TH TRIBE,                    ,Style,SET8356B,WHITE,Open,XS,S,M,L,XL,          ,          ,          ,          ,          ,          ,          ,          ,          ,          ,32,56,41,17,4,0,0,0,0,0,0,0,0,0,0,150,8.2,1230,                    ,FORERUNNER,,,,8.2,1230,0,150,                    ,XS / 32,S / 56,M / 41,L / 17,XL / 4,,,,,,,,,,
514,5/29/2026,,STENUE,1/1/1900,Open,PO,,,,,,,8/20/2026,,,ELEVATOR DISCO,MATSON,0,                    ,                                                  ,                    ,0,FW26,26-Sep,SKIRTS,Style,EVB3025,BROWN,Open,XS,S,M,L,XL,          ,          ,          ,          ,          ,          ,          ,          ,          ,          ,2,4,4,2,0,0,0,0,0,0,0,0,0,0,0,12,13.3,159.6,,FORERUNNER,,,,13.3,159.6,0,12,                    ,XS / 2,S / 4,M / 4,L / 2,XL / 0,,,,,,,,,,
515,5/29/2026,,STENUE,1/1/1900,Open,PO,,,,,,,8/20/2026,,,ELEVATOR DISCO,MATSON,0,                    ,                                                  ,                    ,0,FW26,26-Sep,DRESSES,Style,EVD1029,DARK BROWN,Open,XS,S,M,L,XL,          ,          ,          ,          ,          ,          ,          ,          ,          ,          ,17,34,34,17,0,0,0,0,0,0,0,0,0,0,0,102,13.8,1407.6,                    ,FORERUNNER,,,,0,0,0,102,                    ,XS / 17,S / 34,M / 34,L / 17,XL / 0,,,,,,,,,,
516,5/29/2026,,STENUE,1/1/1900,Open,PO,,,,,,,8/20/2026,,,ELEVATOR DISCO,MATSON,0,                    ,                                                  ,                    ,0,FW26,26-Sep,TOPS,Style,EVT2021,DARK BROWN,Open,XS,S,M,L,XL,          ,          ,          ,          ,          ,          ,          ,          ,          ,          ,17,34,34,17,0,0,0,0,0,0,0,0,0,0,0,102,13,1326,,FORERUNNER,,,,13,1326,0,102,                    ,XS / 17,S / 34,M / 34,L / 17,XL / 0,,,,,,,,,,
517,5/29/2026,,STENUE,1/1/1900,Open,PO,,,,,,,8/20/2026,,,ELEVATOR DISCO,MATSON,0,                    ,                                                  ,                    ,0,FW26,26-Sep,PANTS,Style,EVB3023,DARK BROWN,Open,XS,S,M,L,XL,          ,          ,          ,          ,          ,          ,          ,          ,          ,          ,17,34,34,17,0,0,0,0,0,0,0,0,0,0,0,102,12,1224,,FORERUNNER,,,,12,1224,0,102,                    ,XS / 17,S / 34,M / 34,L / 17,XL / 0,,,,,,,,,,
518,5/29/2026,,STENUE,1/1/1900,Open,PO,,,,,,,8/20/2026,,,ELEVATOR DISCO,MATSON,0,                    ,                                                  ,                    ,0,FW26,26-Sep,OUTERWEAR,Style,FRJ6034,LIGHT BROWN,Open,XS,S,M,L,XL,          ,          ,          ,          ,          ,          ,          ,          ,          ,          ,17,34,34,17,0,0,0,0,0,0,0,0,0,0,0,102,17,1734,,FORERUNNER,,,,17,1734,0,102,                    ,XS / 17,S / 34,M / 34,L / 17,XL / 0,,,,,,,,,,
519,5/29/2026,,DONGJING,1/1/1900,Open,PO,,,,,,,8/20/2026,,,ELEVATOR DISCO,MATSON,0,                    ,                                                  ,                    ,0,FW26,26-Sep,TOPS,Style,EVT2034,PINK,Open,XS,S,M,L,XL,          ,          ,          ,          ,          ,          ,          ,          ,          ,          ,17,34,34,17,0,0,0,0,0,0,0,0,0,0,0,102,10.2,1040.4,,FORERUNNER,,,,10.2,1040.4,0,102,                    ,XS / 17,S / 34,M / 34,L / 17,XL / 0,,,,,,,,,,
520,5/29/2026,,STENUE,1/1/1900,Open,PO,,,,,,,8/20/2026,,,ELEVATOR DISCO,MATSON,0,                    ,                                                  ,                    ,0,FW26,26-Sep,SKIRTS,Style,EVB3038,BLACK,Open,XS,S,M,L,XL,          ,          ,          ,          ,          ,          ,          ,          ,          ,          ,7,14,14,7,0,0,0,0,0,0,0,0,0,0,0,42,0,0,,FORERUNNER,,,,19.5,819,0,42,                    ,XS / 7,S / 14,M / 14,L / 7,XL / 0,,,,,,,,,,
