count,invoiceNo,status,invoiceDate,cancelDate,customer,billTo,shipTo,shipToStore,dc,subtotal,misc,discount,freight,total,paidAmt,payDiscount,payWriteOff,cmPaidAmt,cmPayDiscount,cmPayWriteOff,term,shipVia,factor,division,bol,paymentNo,customerPoNo,taxRate1,taxRate2,paymentCode,lastPmtDate,soType,voidReason,style,color,imageURL,warehouse,unit1,unit2,unit3,unit4,unit5,unit6,unit7,unit8,unit9,unit10,unit11,unit12,unit13,unit14,unit15,totalUnit,price,extPrice,taxRate,soNo,sosNo,memo,salesRep1,salesRep2,comRate1,comRate2,sodTotalUnit,sodCancelDate,orderNo,userTime,printCount,houseMemo,createUser,createTime,cmNo,account,memoCode,voidDate,dept,user1,user2,user3,user4,userfDate,boxCount,weight,citAppCode,taxCode1,tax1,taxCode2,tax2,salesRep3,comRate3,salesRep4,comRate4,salesRep5,comRate5,factorBatchNo,rgNote,ediSend,ediSentDate,factorEdi,factorEdiDate,citRef,shipDate,trackingNo,qbBatchNo,qbBatchDate,sacPercent,termPaymentDisc,tax,orderDecision,ediFileName,stoPoNo,stoPiNo,pickNo,invdMemo,sodPrice,sodExtPrice,sodStatus,pickOpen,pickClosed,sosOpen,sosClosed,invoice,balance,line,bundle,pcsPerBundle,bundlePerBox,pcsPerBox,numbox,bun1,bun2,bun3,bun4,bun5,bun6,bun7,bun8,bun9,bun10,bun11,bun12,bun13,bun14,bun15,ratioId,footer1,footer2,footer3,footer4,footer5,footer6,footer7,footer8,fabricType,fabDiscript,fabContent,descript,hsTariffNo,sizeWholeComp,termName,shipviaName,paycodeName,citRefNo,payCreditApplied,scanPackhNumBox,store,storeName,email,noneInventory,discountRate,stylePrice,currencyRate,soldInvoiceNo,userName,lastPrintDate,custName,sz1,sz2,sz3,sz4,sz5,sz6,sz7,sz8,sz9,sz10,sz11,sz12,sz13,sz14,sz15,shipmentDate,orderDate,type,reference,dt,cmBal,writeOffAmt,barcode,chk,payAmt,applyAmt,pnRef,coo,ciMemo,sAdd1,sAdd2,sCity,sState,sZip,sName,sCountry,sPhone1,sFax1,commPaid,comPaid,comm1paid,comm2paid,customerName,soCancelDate,price1,price2,price3,qbCmBatchNo,resultMessage,newSoStyleColors,numBundle,cardNum,binLocation,id,cfederalId,cAdd1,cAdd2,cCity,cState,cZip,cName,cCountry,cPhone1,cFax1,dAdd1,dAdd2,dCity,dState,dZip,dName,dCountry,dPhone1,dFax1,invoiceBySo,void,color_price
0,342,Closed,4/2/2026 0:00,5/17/2026 0:00,LULUS,,LULUS,Y,                    ,9329,0,0,0,9329,9329,0,0,,,,NET45,CITY BUSINESS,                    ,FREESIA,,,220593,,,ACH,7/1/2026 0:00,PRIVATE LABEL,                    ,,,,STANFORD,,,,,,,,,,,,,,,,491,,,,,,,                    ,                    ,0,0,,,150,7/1/2026 21:14,3,,mike,7/1/2026 21:10,0,,,,,,,,,,,,,,0,,0,,,,,,,,,,,,,,,,,,,,,,,,,0,,,,,,,,,,0,,,,,,,,,,,,,,,,,,,,,,,,,,,,,,,,,,,,,,,,,,,,,ORDERS@LULUS.COM,,,,,,mike,7/1/2026 21:14,LULU'S FASHION LOUNGE,,,,,,,,,,,,,,,,,,,,,,,,,,,,,,,,,,,,,,,,,,,,,,,,,,,,,,,,,,,,,,,,,,,,,,,,,,,,
0,341,Open,4/9/2026 0:00,5/24/2026 0:00,LULUS,,LULUS,Y,                    ,9375,0,0,0,9375,8900,0,0,,,,NET45,CITY BUSINESS,                    ,FREESIA,,,221132,,,ACH,7/1/2026 0:00,PRIVATE LABEL,                    ,,,,STANFORD,,,,,,,,,,,,,,,,375,,,,,,,                    ,                    ,0,0,,,159,7/1/2026 21:08,2,,mike,7/1/2026 21:03,0,,,,,,,,,,,,,,0,,0,,,,,,,,,,,,,,,,,,,,,,,,,0,,,,,,,,,,475,,,,,,,,,,,,,,,,,,,,,,,,,,,,,,,,,,,,,,,,,,,,,ORDERS@LULUS.COM,,,,,,mike,7/1/2026 21:08,LULU'S FASHION LOUNGE,,,,,,,,,,,,,,,,,,,,,,,,,,,,,,,,,,,,,,,,,,,,,,,,,,,,,,,,,,,,,,,,,,,,,,,,,,,,
0,340,Closed,4/9/2026 0:00,5/24/2026 0:00,LULUS,,LULUS,Y,                    ,9800,0,0,0,9800,9800,0,0,,,,NET45,CITY BUSINESS,                    ,FREESIA,,,221059,,,ACH,5/29/2026 0:00,PRIVATE LABEL,                    ,,,,FORERUNNER,,,,,,,,,,,,,,,,400,,,,,,,                    ,                    ,0,0,,,1704,7/1/2026 21:00,2,,mike,7/1/2026 20:58,0,,,,,,,,,,,,,,0,,0,,,,,,,,,,,,,,,,,,,,,,,,,0,,,,,,,,,,0,,,,,,,,,,,,,,,,,,,,,,,,,,,,,,,,,,,,,,,,,,,,,ORDERS@LULUS.COM,,,,,,mike,7/1/2026 21:00,LULU'S FASHION LOUNGE,,,,,,,,,,,,,,,,,,,,,,,,,,,,,,,,,,,,,,,,,,,,,,,,,,,,,,,,,,,,,,,,,,,,,,,,,,,,
0,339,Closed,7/1/2026 20:49,8/15/2026 0:00,LULUS,,LULUS,Y,                    ,7163,0,0,0,7163,7163,0,0,,,,NET45,CITY BUSINESS,                    ,FREESIA,,,221149,,,ACH,7/1/2026 0:00,PRIVATE LABEL,                    ,,,,STANFORD,,,,,,,,,,,,,,,,377,,,,,,INV-L#71401,                    ,                    ,0,0,,,160,7/1/2026 20:50,2,,mike,7/1/2026 20:49,0,,,,,,,,,,,,,,0,,0,,,,,,,,,,,,,,,,,,,,,,,,,0,,,,,,,,,,0,,,,,,,,,,,,,,,,,,,,,,,,,,,,,,,,,,,,,,,,,,,,,ORDERS@LULUS.COM,,,,,,mike,7/1/2026 20:50,LULU'S FASHION LOUNGE,,,,,,,,,,,,,,,,,,,,,,,,,,,,,,,,,,,,,,,,,,,,,,,,,,,,,,,,,,,,,,,,,,,,,,,,,,,,
0,338,Closed,4/16/2026 0:00,5/31/2026 0:00,LULUS,LULU'S BILLING,LULUS,Y,                    ,8256,0,0,0,8256,8256,0,0,,,,NET45,CITY BUSINESS,                    ,FREESIA,,,219769,,,ACH,7/1/2026 0:00,PRIVATE LABEL,                    ,,,,STANFORD,,,,,,,,,,,,,,,,344,,,,,,INV-L#71400,                    ,                    ,0,0,,,143,7/1/2026 20:47,4,,mike,7/1/2026 20:41,0,,,,,,,,,,,,,,0,,0,,,,,,,,,,,,,,,,,,,,,,,,,0,,,,,,,,,,0,,,,,,,,,,,,,,,,,,,,,,,,,,,,,,,,,,,,,,,,,,,,,ORDERS@LULUS.COM,,,,,,mike,7/1/2026 20:47,LULU'S FASHION LOUNGE,,,,,,,,,,,,,,,,,,,,,,,,,,,,,,,,,,,,,,,,,,,,,,,,,,,,,,,,,,,,,,,,,,,,,,,,,,,,
0,337,Open,6/25/2026 0:00,8/9/2026 0:00,LULUS,,LULUS,Y,                    ,5771.6,0,-115.38,0,5656.22,,,,,,,NET45,CITY BUSINESS,                    ,FREESIA,,,223571,,,ACH,,PRIVATE LABEL,                    ,,,,STANFORD,,,,,,,,,,,,,,,,307,,,,,,2% Discount,                    ,                    ,0,0,,,180,7/1/2026 20:36,2,,mike,7/1/2026 20:36,0,,,,,,,,,,,,,,0,,0,,,,,,,,,,,,,,,,,,,,,,,,,0,,,,,,,,,,5656.22,,,,,,,,,,,,,,,,,,,,,,,,,,,,,,,,,,,,,,,,,,,,,ORDERS@LULUS.COM,,,,,,mike,7/1/2026 20:36,LULU'S FASHION LOUNGE,,,,,,,,,,,,,,,,,,,,,,,,,,,,,,,,,,,,,,,,,,,,,,,,,,,,,,,,,,,,,,,,,,,,,,,,,,,,
0,335,Open,7/1/2026 19:30,8/30/2026 19:30,ANTHROPOLOGIE,,ANTHRO WEST COAST,Y,                    ,1240,0,0,0,1240,,,,,,,NET60,UPSG,,ELEVATOR DISCO,,,6764627,,,WIRE,,MAJOR,                    ,,,,STANFORD,,,,,,,,,,,,,,,,40,,,,,205,"TICKET COLOR : BLACK STRIPE
6/15/26 MS) PLEASE FULFILL L-1 FROM PO# 676428 OVERAGE IN L.",                    ,                    ,0,0,,,23,7/1/2026 19:30,,,adrian,7/1/2026 19:30,0,,,,,,,,,,,,,,0,,0,,,,,,,,,,,,,,,1ZX016D80335045376,,,,,,,,,,322,,,,,,,,,,1240,,,,,,,,,,,,,,,,,,,,,,,,,,,,,,,,,,,,,,,,,,,,,,,,,,,adrian,,ANTHROPOLOGIE,,,,,,,,,,,,,,,,,,,,,,,,,,,,,,,,,,,,,,,,,,,,,,,,,,,,,,,,,,,,,,,,,,,,,,,,,,,,
0,333,Open,7/1/2026 0:00,8/30/2026 0:00,URBAN OUTFITTERS,,KANSAS,Y,                    ,896,0,0,16.28,912.28,,,,,,,NET60,UPSG,                    ,ELEVATOR DISCO,,,6778151,0,0,WIRE,,MAJOR,                    ,,,,STANFORD,,,,,,,,,,,,,,,,32,,,,,203,,                    ,                    ,0,0,,,56,7/1/2026 19:03,,,adrian,7/1/2026 19:03,0,,,,,,,,,,,,,          ,0,          ,0,,,,,,,,,,,,,,,1ZX016D80329354768,,,,,,,,,,320,,,,,,,,,,912.28,,,,,,,,,,,,,,,,,,,,,,,,,,,,,,,,,,,,,,,,,,,,,,,,,,,adrian,,URBAN OUTFITTERS,,,,,,,,,,,,,,,,,,,,,,,,,,,,,,,,,,,,,,,,,,,,,,,,,,,,,,,,,,,,,,,,,,,,,,,,,,,,
0,332,Open,7/1/2026 18:56,8/30/2026 18:56,ANTHROPOLOGIE,,ANTHRO KANSAS,Y,                    ,3255,0,0,0,3255,,,,,,,NET60,UPSG,,ELEVATOR DISCO,,,6764629,,,WIRE,,MAJOR,                    ,,,,STANFORD,,,,,,,,,,,,,,,,105,,,,,202,TICKET COLOR : BLACK STRIPE,                    ,                    ,0,0,,,25,7/1/2026 18:56,,,adrian,7/1/2026 18:56,0,,,,,,,,,,,,,,0,,0,,,,,,,,,,,,,,,1ZX016D80335704136,,,,,,,,,,319,,,,,,,,,,3255,,,,,,,,,,,,,,,,,,,,,,,,,,,,,,,,,,,,,,,,,,,,,,,,,,,adrian,,ANTHROPOLOGIE,,,,,,,,,,,,,,,,,,,,,,,,,,,,,,,,,,,,,,,,,,,,,,,,,,,,,,,,,,,,,,,,,,,,,,,,,,,,
0,331,Open,7/1/2026 0:00,8/30/2026 0:00,URBAN OUTFITTERS,,KANSAS,Y,                    ,960,0,0,0,960,,,,,,,NET60,UPSG,                    ,ELEVATOR DISCO,,,6778101,,,WIRE,,MAJOR,                    ,,,,STANFORD,,,,,,,,,,,,,,,,40,,,,,201,,                    ,                    ,0,0,,,52,7/1/2026 18:48,,,adrian,7/1/2026 18:48,0,,,,,,,,,,,,,,0,,0,,,,,,,,,,,,,,,1ZX016D80337614328,,,,,,,,,,318,,,,,,,,,,960,,,,,,,,,,,,,,,,,,,,,,,,,,,,,,,,,,,,,,,,,,,,,,,,,,,adrian,,URBAN OUTFITTERS,,,,,,,,,,,,,,,,,,,,,,,,,,,,,,,,,,,,,,,,,,,,,,,,,,,,,,,,,,,,,,,,,,,,,,,,,,,,
0,330,Open,7/1/2026 0:00,8/30/2026 0:00,URBAN OUTFITTERS,,KANSAS,Y,                    ,930,0,0,0,930,,,,,,,NET60,UPSG,                    ,ELEVATOR DISCO,,,6778102,,,WIRE,,MAJOR,                    ,,,,STANFORD,,,,,,,,,,,,,,,,30,,,,,200,,                    ,                    ,0,0,,,53,7/1/2026 18:42,,,adrian,7/1/2026 18:41,0,,,,,,,,,,,,,,0,,0,,,,,,,,,,,,,,,1ZX016D80334814715,,,,,,,,,,317,,,,,,,,,,930,,,,,,,,,,,,,,,,,,,,,,,,,,,,,,,,,,,,,,,,,,,,,,,,,,,adrian,,URBAN OUTFITTERS,,,,,,,,,,,,,,,,,,,,,,,,,,,,,,,,,,,,,,,,,,,,,,,,,,,,,,,,,,,,,,,,,,,,,,,,,,,,
0,329,Open,7/1/2026 0:00,8/30/2026 0:00,URBAN OUTFITTERS,,KANSAS,Y,                    ,936,0,0,21.22,957.22,,,,,,,NET60,UPSG,                    ,ELEVATOR DISCO,,,6778100,,,WIRE,,MAJOR,                    ,,,,STANFORD,,,,,,,,,,,,,,,,39,,,,,199,,                    ,                    ,0,0,,,51,7/1/2026 18:35,,,adrian,7/1/2026 18:35,0,,,,,,,,,,,,,,0,,0,,,,,,,,,,,,,,,1ZX016D80336021309,,,,,,,,,,316,,,,,,,,,,957.22,,,,,,,,,,,,,,,,,,,,,,,,,,,,,,,,,,,,,,,,,,,,,,,,,,,adrian,,URBAN OUTFITTERS,,,,,,,,,,,,,,,,,,,,,,,,,,,,,,,,,,,,,,,,,,,,,,,,,,,,,,,,,,,,,,,,,,,,,,,,,,,,
0,328,Open,7/1/2026 18:30,8/30/2026 18:30,ANTHROPOLOGIE,,ANTHRO KANSAS,Y,                    ,2325,0,0,0,2325,,,,,,,NET60,UPSG,,ELEVATOR DISCO,,,6764609,,,WIRE,,MAJOR,                    ,,,,STANFORD,,,,,,,,,,,,,,,,75,,,,,198,TICKET COLOR: PINK STRIPE,                    ,                    ,0,0,,,11,7/1/2026 18:30,,,adrian,7/1/2026 18:30,0,,,,,,,,,,,,,,0,,0,,,,,,,,,,,,,,,1ZX016D80305346366,,,,,,,,,,315,,,,,,,,,,2325,,,,,,,,,,,,,,,,,,,,,,,,,,,,,,,,,,,,,,,,,,,,,,,,,,,adrian,,ANTHROPOLOGIE,,,,,,,,,,,,,,,,,,,,,,,,,,,,,,,,,,,,,,,,,,,,,,,,,,,,,,,,,,,,,,,,,,,,,,,,,,,,
0,327,Open,7/1/2026 18:24,8/30/2026 18:24,ANTHROPOLOGIE,,ANTHRO KANSAS,Y,                    ,2387,0,0,0,2387,,,,,,,NET60,UPSG,,ELEVATOR DISCO,,,6764632,,,WIRE,,MAJOR,                    ,,,,STANFORD,,,,,,,,,,,,,,,,77,,,,,197,TICKET COLOR: BROWN,                    ,                    ,0,0,,,16,7/1/2026 18:24,,,adrian,7/1/2026 18:24,0,,,,,,,,,,,,,,0,,0,,,,,,,,,,,,,,,1ZX016D80314594349,,,,,,,,,,314,,,,,,,,,,2387,,,,,,,,,,,,,,,,,,,,,,,,,,,,,,,,,,,,,,,,,,,,,,,,,,,adrian,,ANTHROPOLOGIE,,,,,,,,,,,,,,,,,,,,,,,,,,,,,,,,,,,,,,,,,,,,,,,,,,,,,,,,,,,,,,,,,,,,,,,,,,,,
0,326,Open,7/1/2026 18:09,8/30/2026 18:09,ANTHROPOLOGIE,,ANTHRO WEST COAST,Y,                    ,930,0,0,0,930,,,,,,,NET60,UPSG,,ELEVATOR DISCO,,,6764607,,,WIRE,,MAJOR,                    ,,,,STANFORD,,,,,,,,,,,,,,,,30,,,,,196,TICKET COLOR: PINK STRIPE,                    ,                    ,0,0,,,9,7/1/2026 18:09,,,adrian,7/1/2026 18:09,0,,,,,,,,,,,,,,0,,0,,,,,,,,,,,,,,,1ZX016D80324117087,,,,,,,,,,313,,,,,,,,,,930,,,,,,,,,,,,,,,,,,,,,,,,,,,,,,,,,,,,,,,,,,,,,,,,,,,adrian,,ANTHROPOLOGIE,,,,,,,,,,,,,,,,,,,,,,,,,,,,,,,,,,,,,,,,,,,,,,,,,,,,,,,,,,,,,,,,,,,,,,,,,,,,
0,325,Open,7/1/2026 17:59,8/30/2026 17:59,ANTHROPOLOGIE,,ANTHRO GAP,Y,                    ,1395,0,0,0,1395,,,,,,,NET60,UPSG,,ELEVATOR DISCO,,,6764608,,,WIRE,,MAJOR,                    ,,,,STANFORD,,,,,,,,,,,,,,,,45,,,,,195,TICKET COLOR: PINK STRIPE,                    ,                    ,0,0,,,10,7/1/2026 17:59,,,adrian,7/1/2026 17:59,0,,,,,,,,,,,,,,0,,0,,,,,,,,,,,,,,,1ZX016D80343512060,,,,,,,,,,312,,,,,,,,,,1395,,,,,,,,,,,,,,,,,,,,,,,,,,,,,,,,,,,,,,,,,,,,,,,,,,,adrian,,ANTHROPOLOGIE,,,,,,,,,,,,,,,,,,,,,,,,,,,,,,,,,,,,,,,,,,,,,,,,,,,,,,,,,,,,,,,,,,,,,,,,,,,,
0,324,Open,7/1/2026 0:00,8/30/2026 0:00,URBAN OUTFITTERS,,KANSAS,Y,                    ,920,0,0,22.51,942.51,,,,,,,NET60,UPSG,                    ,ELEVATOR DISCO,,,6778022,0,0,WIRE,,MAJOR,                    ,,,,STANFORD,,,,,,,,,,,,,,,,20,,,,,194,,                    ,                    ,0,0,,,45,7/1/2026 17:49,,,adrian,7/1/2026 17:49,0,,,,,,,,,,,,,          ,0,          ,0,,,,,,,,,,,,,,,1ZX016D80306842336,,,,,,,,,,311,,,,,,,,,,942.51,,,,,,,,,,,,,,,,,,,,,,,,,,,,,,,,,,,,,,,,,,,,,,,,,,,adrian,,URBAN OUTFITTERS,,,,,,,,,,,,,,,,,,,,,,,,,,,,,,,,,,,,,,,,,,,,,,,,,,,,,,,,,,,,,,,,,,,,,,,,,,,,
0,323,Open,7/1/2026 0:00,8/30/2026 0:00,URBAN OUTFITTERS,,KANSAS,Y,                    ,990,0,0,22.51,1012.51,,,,,,,NET60,UPSG,                    ,ELEVATOR DISCO,,,6778050,0,0,WIRE,,MAJOR,                    ,,,,STANFORD,,,,,,,,,,,,,,,,22,,,,,193,,                    ,                    ,0,0,,,50,7/1/2026 17:44,,,adrian,7/1/2026 17:44,0,,,,,,,,,,,,,          ,0,          ,0,,,,,,,,,,,,,,,1ZX016D80326438272,,,,,,,,,,310,,,,,,,,,,1012.51,,,,,,,,,,,,,,,,,,,,,,,,,,,,,,,,,,,,,,,,,,,,,,,,,,,adrian,,URBAN OUTFITTERS,,,,,,,,,,,,,,,,,,,,,,,,,,,,,,,,,,,,,,,,,,,,,,,,,,,,,,,,,,,,,,,,,,,,,,,,,,,,
0,322,Open,7/1/2026 0:00,8/30/2026 0:00,URBAN OUTFITTERS,,KANSAS,Y,                    ,1058.68,0,0,0,1058.68,,,,,,,NET60,UPSG,                    ,ELEVATOR DISCO,,,6778024,,,WIRE,,MAJOR,                    ,,,,STANFORD,,,,,,,,,,,,,,,,38,,,,,192,,                    ,                    ,0,0,,,47,7/1/2026 17:39,,,adrian,7/1/2026 17:38,0,,,,,,,,,,,,,,0,,0,,,,,,,,,,,,,,,1ZX016D80324429660,,,,,,,,,,309,,,,,,,,,,1058.68,,,,,,,,,,,,,,,,,,,,,,,,,,,,,,,,,,,,,,,,,,,,,,,,,,,adrian,,URBAN OUTFITTERS,,,,,,,,,,,,,,,,,,,,,,,,,,,,,,,,,,,,,,,,,,,,,,,,,,,,,,,,,,,,,,,,,,,,,,,,,,,,
0,321,Open,7/1/2026 0:00,8/30/2026 0:00,ANTHROPOLOGIE,                    ,KC1,N,KC1,2480,0,0,0,2480,,,,,,,NET60,UPSG,                    ,ELEVATOR DISCO,8.10219E+15,,6764632,0,0,WIRE,,MAJOR,                    ,,,,STANFORD,,,,,,,,,,,,,,,,80,,,,,,,                    ,                    ,0,0,,,1867,7/1/2026 16:33,,,adrian,7/1/2026 16:33,0,,,,,,,,,,,,,          ,0,          ,0,,,,,,,,,,,,,,,,,,,,,,,,,308,,,,,,,,,,2480,,,,,,,,,,,,,,,,,,,,,,,,,,,,,,,,,,,,,,,,,,,,,,,,,,,adrian,,ANTHROPOLOGIE,,,,,,,,,,,,,,,,,,,,,,,,,,,,,,,,,,,,,,,,,,,,,,,,,,,,,,,,,,,,,,,,,,,,,,,,,,,,
0,320,Closed,7/1/2026 16:26,7/1/2026 16:26,SPLASH,SPLASH,SPLASH,Y,                    ,186,0,0,15.05,201.05,201.05,0,0,,,,PREPAY,UPSG,,ELEVATOR DISCO,,,269865040-3,,,CREDIT CARD,7/1/2026 0:00,SPECIALTY,                    ,,,,STANFORD,,,,,,,,,,,,,,,,6,,,,,181,,SALES,                    ,0.13,0,,,1445,7/1/2026 16:27,1,,esther,7/1/2026 16:26,0,,,,,,,,,,,,,,0,,0,,,,,,,,,,,,,,,1ZX016D80306882301,,,,,,,,,,301,,,,,,,,,,0,,,,,,,,,,,,,,,,,,,,,,,,,,,,,,,,,,,,,,,,,,,,,joni@splashtribe.com,,,,,,esther,7/1/2026 16:27,SPLASH,,,,,,,,,,,,,,,,,,,,,,,,,,,,,,,,,,,,,,,,,,,,,,,,,,,,,,,,,,,,,,,,,,,,,,,,,,,,
0,319,Closed,7/1/2026 16:08,7/1/2026 16:08,SASSY STYLES,SASSY STYLES,SASSY STYLES,Y,                    ,816,0,0,28.54,844.54,844.54,0,0,,,,PREPAY,UPSG,,ELEVATOR DISCO,,,263775120-2,,,CREDIT CARD,7/1/2026 0:00,SPECIALTY,                    ,,,,STANFORD,,,,,,,,,,,,,,,,24,,,,,183,,SALES,                    ,0.13,0,,,1409,7/1/2026 16:09,1,,esther,7/1/2026 16:09,0,,,,,,,,,,,,,,0,,0,,,,,,,,,,,,,,,1ZX016D80331017225,,,,,,,,,,304,,,,,,,,,,0,,,,,,,,,,,,,,,,,,,,,,,,,,,,,,,,,,,,,,,,,,,,,wanettaparag@gmail.com,,,,,,esther,7/1/2026 16:09,SASSY STYLES,,,,,,,,,,,,,,,,,,,,,,,,,,,,,,,,,,,,,,,,,,,,,,,,,,,,,,,,,,,,,,,,,,,,,,,,,,,,
0,318,Closed,7/1/2026 15:57,7/1/2026 15:57,THE COLLECTIVE,THE COLLECTIVE,THE COLLECTIVE,Y,                    ,1212,0,0,33.35,1245.35,1245.35,0,0,,,,PREPAY,UPSG,,ELEVATOR DISCO,,,278814266-2,,,CREDIT CARD,7/1/2026 0:00,SPECIALTY,                    ,,,,STANFORD,,,,,,,,,,,,,,,,54,,,,,184,,SALES,                    ,0.13,0,,,1449,7/1/2026 16:02,2,,esther,7/1/2026 15:58,0,,,,,,,,,,,,,,0,,0,,,,,,,,,,,,,,,1ZX016D80322385032,,,,,,,,,,300,,,,,,,,,,0,,,,,,,,,,,,,,,,,,,,,,,,,,,,,,,,,,,,,,,,,,,,,thecollectiveconshohocken@gmail.com,,,,,,esther,7/1/2026 16:02,THE COLLECTIVE,,,,,,,,,,,,,,,,,,,,,,,,,,,,,,,,,,,,,,,,,,,,,,,,,,,,,,,,,,,,,,,,,,,,,,,,,,,,
0,317,Closed,7/1/2026 15:47,7/1/2026 15:47,LOVE CELINE,                    ,NANTUCKET,Y,                    ,1416,0,0,0,1416,1416,0,0,,,,PREPAY,UPSG,,ELEVATOR DISCO,,,294284659-2,,,CREDIT CARD,7/1/2026 0:00,SPECIALTY,                    ,,,,STANFORD,,,,,,,,,,,,,,,,60,,,,,,,SALES,                    ,0.13,0,,,1728,7/1/2026 16:03,2,,esther,7/1/2026 15:47,0,,,,,,,,,,,,,,0,,0,,,,,,,,,,,,,,,,,,,,,,,,,0,,,,,,,,,,0,,,,,,,,,,,,,,,,,,,,,,,,,,,,,,,,,,,,,,,,,,,,,contact@shoploveceline.com,,,,,,esther,7/1/2026 16:03,LOVE CELINE,,,,,,,,,,,,,,,,,,,,,,,,,,,,,,,,,,,,,,,,,,,,,,,,,,,,,,,,,,,,,,,,,,,,,,,,,,,,
0,316,Closed,7/1/2026 15:41,7/1/2026 15:41,LOVE CELINE,LOVE CELINE,LOVE CELINE,Y,                    ,576,0,0,54.79,630.79,630.79,0,0,,,,PREPAY,UPSG,,ELEVATOR DISCO,,,271379802-2,,,CREDIT CARD,7/1/2026 0:00,SPECIALTY,                    ,,,,STANFORD,,,,,,,,,,,,,,,,24,,,,,187,,                    ,                    ,0,0,,,1435,7/1/2026 16:03,2,,esther,7/1/2026 15:41,0,,,,,,,,,,,,,,0,,0,,,,,,,,,,,,,,,1ZX016D80327207251,,,,,,,,,,296,,,,,,,,,,0,,,,,,,,,,,,,,,,,,,,,,,,,,,,,,,,,,,,,,,,,,,,,contact@shoploveceline.com,,,,,,esther,7/1/2026 16:03,LOVE CELINE,,,,,,,,,,,,,,,,,,,,,,,,,,,,,,,,,,,,,,,,,,,,,,,,,,,,,,,,,,,,,,,,,,,,,,,,,,,,
0,315,Closed,7/1/2026 15:29,7/1/2026 15:29,ElizabethSolano,ElizabethSolano,ElizabethSolano,Y,,74.84,0,0,0,74.84,74.84,0,0,,,,PREPAY,UPSG,                    ,ELEVATOR DISCO,,,6.8069E+12,,,SHOPIFY,7/1/2026 15:29,SHOPIFY,                    ,,,,STANFORD,,,,,,,,,,,,,,,,1,,,,,,,                    ,                    ,0,0,,,1865,7/1/2026 15:29,,,administrator,7/1/2026 15:29,0,,,,,,,,,,,,,,0,,0,,,,,,,,,,,,,,,,,,,,,,,,,0,,,,,,,,,,0,,,,,,,,,,,,,,,,,,,,,,,,,,,,,,,,,,,,,,,,,,,,,elizabethsolano101@gmail.com,,,,,,administrator,,Elizabeth Solano,,,,,,,,,,,,,,,,,,,,,,,,,,,,,,,,,,,,,,,,,,,,,,,,,,,,,,,,,,,,,,,,,,,,,,,,,,,,
0,314,Closed,7/1/2026 15:16,7/1/2026 15:16,STUDIO 4 THREADS,STUDIO 4 THREADS,STUDIO 4 THREADS,Y,                    ,438,0,0,18.81,456.81,456.81,0,0,,,,                    ,UPSG,,ELEVATOR DISCO,,,265388195-2,,,CREDIT CARD,7/1/2026 0:00,SPECIALTY,                    ,,,,STANFORD,,,,,,,,,,,,,,,,18,,,,,185,,SALES,                    ,0.13,0,,,1424,7/1/2026 16:04,2,,esther,7/1/2026 15:17,0,,,,,,,,,,,,,,0,,0,,,,,,,,,,,,,,,1ZX016D80316706321,,,,,,,,,,299,,,,,,,,,,0,,,,,,,,,,,,,,,,,,,,,,,,,,,,,,,,,,,,,,,,,,,,,maria@studio4threads.com,,,,,,esther,7/1/2026 16:04,STUDIO 4 THREADS,,,,,,,,,,,,,,,,,,,,,,,,,,,,,,,,,,,,,,,,,,,,,,,,,,,,,,,,,,,,,,,,,,,,,,,,,,,,
0,313,Closed,7/1/2026 15:05,7/1/2026 15:05,RUSE FASHION,RUSE FASHION,RUSE FASHION,Y,                    ,708,0,0,18.81,726.81,726.81,0,0,,,,                    ,UPSG,,ELEVATOR DISCO,,,279030296-2,,,CREDIT CARD,7/1/2026 0:00,SPECIALTY,                    ,,,,STANFORD,,,,,,,,,,,,,,,,30,,,,,186,,SALES,                    ,0.13,0,,,1447,7/1/2026 15:35,3,,adrian,7/1/2026 15:05,0,,,,,,,,,,,,,,0,,0,,,,,,,,,,,,,,,1ZX016D80323167043,,,,,,,,,,306,,,,,,,,,,0,,,,,,,,,,,,,,,,,,,,,,,,,,,,,,,,,,,,,,,,,,,,,shoprusefashion@gmail.com,,,,,,esther,7/1/2026 15:35,RUSE FASHION,,,,,,,,,,,,,,,,,,,,,,,,,,,,,,,,,,,,,,,,,,,,,,,,,,,,,,,,,,,,,,,,,,,,,,,,,,,,
0,312,Open,6/25/2026 0:00,8/9/2026 0:00,LULUS,,LULUS,Y,                    ,10613,0,0,0,10613,,,,,,,NET45,CITY BUSINESS,                    ,FREESIA,,,223344,,,ACH,,PRIVATE LABEL,                    ,,,,STANFORD,,,,,,,,,,,,,,,,685,,,,,,OVERAGE CFM W/ DISCOUNT 6/8,                    ,                    ,0,0,,,178,7/1/2026 13:55,2,,mike,7/1/2026 11:28,0,,,,,,,,,,,,,,0,,0,,,,,,,,,,,,,,,,,,,,,,,,,0,,,,,,,,,,10613,,,,,,,,,,,,,,,,,,,,,,,,,,,,,,,,,,,,,,,,,,,,,ORDERS@LULUS.COM,,,,,,mike,7/1/2026 13:55,LULU'S FASHION LOUNGE,,,,,,,,,,,,,,,,,,,,,,,,,,,,,,,,,,,,,,,,,,,,,,,,,,,,,,,,,,,,,,,,,,,,,,,,,,,,
0,311,Open,6/19/2026 0:00,7/19/2026 0:00,12TH TRIBE,,12TH TRIBE,Y,                    ,5777.1,50,0,635,6462.1,,,,,,,NET30,SOUTHWEST,                    ,FREESIA,,,10630,,,ACH,,PRIVATE LABEL,                    ,,,,STANFORD,,,,,,,,,,,,,,,,365,,,,,,$1 BOAT / UNIT    $0.50 / UNIT TARIFF   $50 LOCAL TRUCKING,                    ,                    ,0,0,,,1697,6/30/2026 17:05,3,,mike,6/30/2026 17:01,0,,,,,,,,,,,,,,0,,0,,,,,,,,,,,,,,,,,,,,,,,,,0,,,,,,,,,,6462.1,,,,,,,,,,,,,,,,,,,,,,,,,,,,,,,,,,,,,,,,,,,,,finance@12thtribe.com,,,,,,mike,6/30/2026 17:05,12TH TRIBE,,,,,,,,,,,,,,,,,,,,,,,,,,,,,,,,,,,,,,,,,,,,,,,,,,,,,,,,,,,,,,,,,,,,,,,,,,,,
0,310,Open,6/19/2026 0:00,7/19/2026 0:00,12TH TRIBE,,12TH TRIBE,Y,                    ,5064.76,50,0,254,5368.76,,,,,,,NET30,SOUTHWEST,                    ,FREESIA,,,10625,,,ACH,,PRIVATE LABEL,                    ,,,,STANFORD,,,,,,,,,,,,,,,,254,,,,,,$1 BOAT / UNIT   $0.50 / UNIT TARIFF   $50 LOCAL TRUCKING,                    ,                    ,0,0,,,1696,6/30/2026 17:07,4,,mike,6/30/2026 16:57,0,,,,,,,,,,,,,,0,,0,,,,,,,,,,,,,,,,,,,,,,,,,0,,,,,,,,,,5368.76,,,,,,,,,,,,,,,,,,,,,,,,,,,,,,,,,,,,,,,,,,,,,finance@12thtribe.com,,,,,,mike,6/30/2026 17:07,12TH TRIBE,,,,,,,,,,,,,,,,,,,,,,,,,,,,,,,,,,,,,,,,,,,,,,,,,,,,,,,,,,,,,,,,,,,,,,,,,,,,
0,308,Open,6/19/2026 0:00,7/19/2026 0:00,12TH TRIBE,,12TH TRIBE,Y,                    ,3967.22,50,0,293,4310.22,,,,,,,NET30,SOUTHWEST,                    ,FREESIA,,,10598,,,ACH,,PRIVATE LABEL,                    ,,,,STANFORD,,,,,,,,,,,,,,,,293,,,,,,$1 BOAT / UNIT     $0.50 / UNIT TARIFF      $50 LOCAL TRUCKING,                    ,                    ,0,0,,,1695,6/30/2026 17:06,4,,mike,6/30/2026 16:39,0,,,,,,,,,,,,,,0,,0,,,,,,,,,,,,,,,,,,,,,,,,,0,,,,,,,,,,4310.22,,,,,,,,,,,,,,,,,,,,,,,,,,,,,,,,,,,,,,,,,,,,,finance@12thtribe.com,,,,,,mike,6/30/2026 17:06,12TH TRIBE,,,,,,,,,,,,,,,,,,,,,,,,,,,,,,,,,,,,,,,,,,,,,,,,,,,,,,,,,,,,,,,,,,,,,,,,,,,,
0,307,Closed,6/30/2026 16:28,6/30/2026 16:28,AVE LIV,AVE LIV,AVE LIV,Y,                    ,456,0,0,24,480,480,0,0,,,,                    ,UPSG,,ELEVATOR DISCO,,,281259024-2,,,CREDIT CARD,6/30/2026 0:00,SPECIALTY,                    ,,,,STANFORD,,,,,,,,,,,,,,,,18,,,,,178,,SALES,                    ,0.13,0,,,1514,6/30/2026 16:36,1,,shipping,6/30/2026 16:28,0,,,,,,,,,,,,,,0,,0,,,,,,,,,,,,,,,1ZX016D80345466232,,,,,,,,,,288,,,,,,,,,,0,,,,,,,,,,,,,,,,,,,,,,,,,,,,,,,,,,,,,,,,,,,,,aveandlivvie@gmail.com,,,,,,shipping,6/30/2026 16:36,MELISSA TAYLOR,,,,,,,,,,,,,,,,,,,,,,,,,,,,,,,,,,,,,,,,,,,,,,,,,,,,,,,,,,,,,,,,,,,,,,,,,,,,
0,306,Closed,6/30/2026 16:20,6/30/2026 16:20,ALICE WONDER,ALICE WONDER,ALICE WONDER,Y,                    ,1008,0,0,19.43,1027.43,1027.43,0,0,,,,PREPAY,UPSG,,ELEVATOR DISCO,,,269437842,,,CREDIT CARD,6/30/2026 0:00,SPECIALTY,                    ,,,,STANFORD,,,,,,,,,,,,,,,,48,,,,,175,,SALES,                    ,0.13,0,,,1413,6/30/2026 16:24,1,,adrian,6/30/2026 16:20,0,,,,,,,,,,,,,,0,,0,,,,,,,,,,,,,,,1ZX016D80337699612,,,,,,,,,,284,,,,,,,,,,0,,,,,,,,,,,,,,,,,,,,,,,,,,,,,,,,,,,,,,,,,,,,,ali@aliceandwonder.com,,,,,,adrian,6/30/2026 16:24,ALICE WONDER,,,,,,,,,,,,,,,,,,,,,,,,,,,,,,,,,,,,,,,,,,,,,,,,,,,,,,,,,,,,,,,,,,,,,,,,,,,,
0,304,Open,6/30/2026 13:20,6/30/2026 13:20,ALIXANDRA COLLECTION,ALIXANDRA COLLECTION,ALIXANDRA COLLECTION,Y,                    ,1080,0,0,19.67,1099.67,0,0,0,,,,PREPAY,UPSG,,ELEVATOR DISCO,,,277694004-2,,,CREDIT CARD,,SPECIALTY,                    ,,,,STANFORD,,,,,,,,,,,,,,,,36,,,,,179,,SALES,                    ,0.13,0,,,1437,6/30/2026 13:38,,,mike,6/30/2026 13:20,0,,,,,,,,,,,,,,0,,0,,,,,,,,,,,,,,,1ZX016D80315994290,,,,,,,,,,286,,,,,,,,,,1099.67,,,,,,,,,,,,,,,,,,,,,,,,,,,,,,,,,,,,,,,,,,,,,alix@shopalix.com,,,,,,mike,,ALIXANDRA COLLECTIONS,,,,,,,,,,,,,,,,,,,,,,,,,,,,,,,,,,,,,,,,,,,,,,,,,,,,,,,,,,,,,,,,,,,,,,,,,,,,
0,303,Open,6/29/2026 16:15,8/28/2026 16:15,BLOOMINGDALES,,231,Y,                    ,3410.4,0,0,0,3410.4,,,,,,,NET60,                    ,,ELEVATOR DISCO,,,6884202,,,WIRE,,MAJOR,                    ,,,,STANFORD,,,,,,,,,,,,,,,,175,,,,,177,,                    ,                    ,0,0,,,1628,6/29/2026 16:25,1,,shipping,6/29/2026 16:15,0,,,,,,,,,,,,,,0,,0,,,,,,,,,,,,,,,                                                  ,,,,,,,,,,285,,,,,,,,,,3410.4,,,,,,,,,,,,,,,,,,,,,,,,,,,,,,,,,,,,,,,,,,,,,,,,,,,shipping,6/29/2026 16:25,BLOOMINGDALE'S,,,,,,,,,,,,,,,,,,,,,,,,,,,,,,,,,,,,,,,,,,,,,,,,,,,,,,,,,,,,,,,,,,,,,,,,,,,,
0,302,Closed,6/29/2026 16:14,6/29/2026 16:14,KimberlyTippin,KimberlyTippin,KimberlyTippin,Y,,88,0,0,0,88,88,0,0,,,,PREPAY,UPSG,                    ,ELEVATOR DISCO,,,6.80164E+12,,,SHOPIFY,6/29/2026 16:14,SHOPIFY,                    ,,,,STANFORD,,,,,,,,,,,,,,,,1,,,,,,,                    ,                    ,0,0,,,1853,6/29/2026 16:14,,,administrator,6/29/2026 16:14,0,,,,,,,,,,,,,,0,,0,,,,,,,,,,,,,,,,,,,,,,,,,0,,,,,,,,,,0,,,,,,,,,,,,,,,,,,,,,,,,,,,,,,,,,,,,,,,,,,,,,,,,,,,administrator,,Kimberly Tippin,,,,,,,,,,,,,,,,,,,,,,,,,,,,,,,,,,,,,,,,,,,,,,,,,,,,,,,,,,,,,,,,,,,,,,,,,,,,
0,301,Closed,6/29/2026 16:09,6/29/2026 16:09,NataliaGajecki,NataliaGajecki,NataliaGajecki01,Y,,58,0,0,0,58,58,0,0,,,,PREPAY,UPSG,                    ,ELEVATOR DISCO,,,6.79961E+12,,,SHOPIFY,6/29/2026 16:09,SHOPIFY,                    ,,,,STANFORD,,,,,,,,,,,,,,,,1,,,,,,,                    ,                    ,0,0,,,1852,6/29/2026 16:09,,,administrator,6/29/2026 16:09,0,,,,,,,,,,,,,,0,,0,,,,,,,,,,,,,,,,,,,,,,,,,0,,,,,,,,,,0,,,,,,,,,,,,,,,,,,,,,,,,,,,,,,,,,,,,,,,,,,,,,ngajecki@icloud.com,,,,,,administrator,,Natalia Gajecki,,,,,,,,,,,,,,,,,,,,,,,,,,,,,,,,,,,,,,,,,,,,,,,,,,,,,,,,,,,,,,,,,,,,,,,,,,,,
0,300,Open,6/29/2026 0:00,6/29/2026 0:00,URBAN OUT EDI TEST,                    ,188,Y,                    ,1515,0,0,0,1515,,,,,,,COD,CITY BUSINESS,                    ,ELEVATOR DISCO,8.10219E+15,,800022222,0,0,CREDIT CARD,,WEBSITE,                    ,,,,STANFORD,,,,,,,,,,,,,,,,65,,,,,,,                    ,                    ,0,0,,,1854,6/29/2026 11:10,,,hayeon,6/29/2026 11:10,0,,,,,,,,,,,,,          ,0,          ,0,,,,,,,,,,,,,,,,,,,,,,,,,281,,,,,,,,,,1515,,,,,,,,,,,,,,,,,,,,,,,,,,,,,,,,,,,,,,,,,,,,,,,,,,,hayeon,,URBAN OUT EDI TEST,,,,,,,,,,,,,,,,,,,,,,,,,,,,,,,,,,,,,,,,,,,,,,,,,,,,,,,,,,,,,,,,,,,,,,,,,,,,
0,299,Closed,6/29/2026 9:21,6/29/2026 9:21,NANI ROSE BOUTIQUE,                    ,NANI ROSE BOUTIQUE,Y,                    ,168,0,0,0,168,168,0,0,,,,PREPAY,UPSG,,ELEVATOR DISCO,,,292029697-2,,,CREDIT CARD,6/29/2026 0:00,SPECIALTY,                    ,,,,STANFORD,,,,,,,,,,,,,,,,6,,,,,169,,SALES,                    ,0.13,0,,,1388,6/29/2026 12:02,3,,mike,6/29/2026 9:22,0,,,,,,,,,,,,,,0,,0,,,,,,,,,,,,,,,1ZX016D80314266275,,,,,,,,,,276,,,,,,,,,,0,,,,,,,,,,,,,,,,,,,,,,,,,,,,,,,,,,,,,,,,,,,,,,,,,,,mike,6/29/2026 12:02,NANI ROSE BOUTIQUE,,,,,,,,,,,,,,,,,,,,,,,,,,,,,,,,,,,,,,,,,,,,,,,,,,,,,,,,,,,,,,,,,,,,,,,,,,,,
0,298,Open,6/29/2026 9:11,8/13/2026 9:11,SHORT STORY,                    ,SHORT STORY,Y,                    ,4284,0,0,0,4284,,,,,,,NET45,FEDX,                    ,FREESIA,,,VRJHPR,,,ACH,,PRIVATE LABEL,                    ,,,,STANFORD,,,,,,,,,,,,,,,,252,,,,,,"SHIP VIA FEDEX
ACCOUNT # 655046453
USE PO # AS SHIPMENT REFERENCE",                    ,                    ,0,0,,,1660,6/29/2026 14:33,3,,mike,6/29/2026 9:11,0,,,,,,,,,,,,,,0,,0,,,,,,,,,,,,,,,,,,,,,,,,,0,,,,,,,,,,4284,,,,,,,,,,,,,,,,,,,,,,,,,,,,,,,,,,,,,,,,,,,,,,,,,,,mike,6/29/2026 14:33,SHORT STORY,,,,,,,,,,,,,,,,,,,,,,,,,,,,,,,,,,,,,,,,,,,,,,,,,,,,,,,,,,,,,,,,,,,,,,,,,,,,
0,297,Closed,6/27/2026 12:07,6/27/2026 12:07,BEACH BARN,BEACH BARN,BEACH BARN,Y,                    ,1368,0,0,41.99,1409.99,1409.99,0,0,,,,PREPAY,UPSG,,ELEVATOR DISCO,,,261586891-2,,,CREDIT CARD,6/27/2026 0:00,SPECIALTY,                    ,,,,STANFORD,,,,,,,,,,,,,,,,48,,,,,170,,SALES,                    ,0.13,0,,,1395,6/29/2026 9:19,6,,mike,6/27/2026 12:07,0,,,,,,,,,,,,,,0,,0,,,,,,,,,,,,,,,1ZX016D80300322284,,,,,,,,,,278,,,,,,,,,,0,,,,,,,,,,,,,,,,,,,,,,,,,,,,,,,,,,,,,,,,,,,,,ashley@beachbarnlbi.com,,,,,,mike,6/29/2026 9:19,BEACH BARN,,,,,,,,,,,,,,,,,,,,,,,,,,,,,,,,,,,,,,,,,,,,,,,,,,,,,,,,,,,,,,,,,,,,,,,,,,,,
0,296,Closed,6/27/2026 11:58,6/27/2026 11:58,SHOP REMI B,BILLING,SHOP REMI B,  ,SHOP REMI B,252,0,0,0,252,252,0,0,,,,PREPAY,UPSG,,ELEVATOR DISCO,,,289596522-1,,,CREDIT CARD,7/1/2026 0:00,SPECIALTY,                    ,,,,STANFORD,,,,,,,,,,,,,,,,12,,,,,,,SALES,                    ,0.13,0,,,1762,7/1/2026 15:21,5,,mike,6/27/2026 11:58,0,,,,,,,,,,,,,,0,,0,,,,,,,,,,,,,,,,,,,,,,,,,0,,,,,,,,,,0,,,,,,,,,,,,,,,,,,,,,,,,,,,,,,,,,,,,,,,,,,,,,brittaney@shopremib.com,,,,,,mike,7/1/2026 15:21,SHOP REMI B,,,,,,,,,,,,,,,,,,,,,,,,,,,,,,,,,,,,,,,,,,,,,,,,,,,,,,,,,,,,,,,,,,,,,,,,,,,,
0,295,Closed,6/27/2026 0:00,6/27/2026 0:00,SHOP REMI B,BILLING,SHOP REMI B,N,SHOP REMI B,294,0,0,15.05,309.05,309.05,0,0,,,,PREPAY,UPSG,,ELEVATOR DISCO,,,289596522-2,,,CREDIT CARD,7/1/2026 0:00,SPECIALTY,                    ,,,,STANFORD,,,,,,,,,,,,,,,,12,,,,,171,,SALES,                    ,0.13,0,,,1761,7/1/2026 15:20,4,,mike,6/27/2026 11:55,0,,,,,,,,,,,,,,0,,0,,,,,,,,,,,,,,,1ZX016D80331948201,,,,,,,,,,279,,,,,,,,,,0,,,,,,,,,,,,,,,,,,,,,,,,,,,,,,,,,,,,,,,,,,,,,brittaney@shopremib.com,,,,,,mike,7/1/2026 15:20,SHOP REMI B,,,,,,,,,,,,,,,,,,,,,,,,,,,,,,,,,,,,,,,,,,,,,,,,,,,,,,,,,,,,,,,,,,,,,,,,,,,,
0,294,Closed,6/26/2026 17:03,6/26/2026 17:03,HOUSE OF D,                    ,HOUSE OF D,Y,                    ,198,0,0,0,198,198,0,0,,,,PREPAY,UPSG,,ELEVATOR DISCO,,,208088500,,,CREDIT CARD,6/26/2026 0:00,SPECIALTY,                    ,,,,STANFORD,,,,,,,,,,,,,,,,6,,,,,,,                    ,                    ,0,0,,,1825,6/26/2026 17:04,1,,shipping,6/26/2026 17:03,0,,,,,,,,,,,,,,0,,0,,,,,,,,,,,,,,,,,,,,,,,,,0,,,,,,,,,,0,,,,,,,,,,,,,,,,,,,,,,,,,,,,,,,,,,,,,,,,,,,,,houseofdboutique@outlook.com,,,,,,shipping,6/26/2026 17:04,HOUSE OF D,,,,,,,,,,,,,,,,,,,,,,,,,,,,,,,,,,,,,,,,,,,,,,,,,,,,,,,,,,,,,,,,,,,,,,,,,,,,
0,293,Closed,6/26/2026 17:02,6/26/2026 17:02,HOUSE OF D,HOUSE OF D,HOUSE OF D,Y,                    ,456,0,0,26,482,482,0,0,,,,PREPAY,UPSG,,ELEVATOR DISCO,,,262736141-2,,,CREDIT CARD,6/26/2026 0:00,SPECIALTY,                    ,,,,STANFORD,,,,,,,,,,,,,,,,18,,,,,168,,                    ,                    ,0,0,,,1401,6/26/2026 17:05,1,,shipping,6/26/2026 17:02,0,,,,,,,,,,,,,,0,,0,,,,,,,,,,,,,,,1ZX016D80345379774,,,,,,,,,,274,,,,,,,,,,0,,,,,,,,,,,,,,,,,,,,,,,,,,,,,,,,,,,,,,,,,,,,,houseofdboutique@outlook.com,,,,,,shipping,6/26/2026 17:05,HOUSE OF D,,,,,,,,,,,,,,,,,,,,,,,,,,,,,,,,,,,,,,,,,,,,,,,,,,,,,,,,,,,,,,,,,,,,,,,,,,,,
0,292,Closed,6/26/2026 16:44,6/26/2026 16:44,VOEMA,VOEMA,VOEMA,Y,                    ,210,0,0,0,210,210,0,0,,,,PREPAY,UPSG,,ELEVATOR DISCO,,,290852326-2,,,CREDIT CARD,6/26/2026 0:00,SPECIALTY,                    ,,,,STANFORD,,,,,,,,,,,,,,,,6,,,,,,,                    ,                    ,0,0,,,1624,6/26/2026 16:45,1,,shipping,6/26/2026 16:45,0,,,,,,,,,,,,,,0,,0,,,,,,,,,,,,,,,,,,,,,,,,,0,,,,,,,,,,0,,,,,,,,,,,,,,,,,,,,,,,,,,,,,,,,,,,,,,,,,,,,,raisa@voemaboutique.com,,,,,,shipping,6/26/2026 16:45,VOEMA,,,,,,,,,,,,,,,,,,,,,,,,,,,,,,,,,,,,,,,,,,,,,,,,,,,,,,,,,,,,,,,,,,,,,,,,,,,,
0,291,Closed,6/26/2026 16:42,6/26/2026 16:42,VOEMA,VOEMA,VOEMA,Y,                    ,882,0,0,48,930,930,0,0,,,,                    ,UPSG,,ELEVATOR DISCO,,,278491927-1,,,CREDIT CARD,6/26/2026 0:00,SPECIALTY,                    ,,,,STANFORD,,,,,,,,,,,,,,,,36,,,,,167,,                    ,                    ,0,0,,,1464,6/26/2026 16:43,1,,shipping,6/26/2026 16:42,0,,,,,,,,,,,,,,0,,0,,,,,,,,,,,,,,,                                                  ,,,,,,,,,,271,,,,,,,,,,0,,,,,,,,,,,,,,,,,,,,,,,,,,,,,,,,,,,,,,,,,,,,,raisa@voemaboutique.com,,,,,,shipping,6/26/2026 16:43,VOEMA,,,,,,,,,,,,,,,,,,,,,,,,,,,,,,,,,,,,,,,,,,,,,,,,,,,,,,,,,,,,,,,,,,,,,,,,,,,,
0,290,Closed,6/26/2026 16:24,6/26/2026 16:24,ClaireCallahan,ClaireCallahan,ClaireCallahan,Y,,68,0,0,0,68,68,0,0,,,,PREPAY,UPSG,                    ,ELEVATOR DISCO,,,6.79476E+12,,,SHOPIFY,6/26/2026 16:24,SHOPIFY,                    ,,,,STANFORD,,,,,,,,,,,,,,,,1,,,,,,,                    ,                    ,0,0,,,1851,6/26/2026 16:24,,,administrator,6/26/2026 16:24,0,,,,,,,,,,,,,,0,,0,,,,,,,,,,,,,,,,,,,,,,,,,0,,,,,,,,,,0,,,,,,,,,,,,,,,,,,,,,,,,,,,,,,,,,,,,,,,,,,,,,callahanclaire875@gmail.com,,,,,,administrator,,Claire Callahan,,,,,,,,,,,,,,,,,,,,,,,,,,,,,,,,,,,,,,,,,,,,,,,,,,,,,,,,,,,,,,,,,,,,,,,,,,,,
0,289,Open,6/24/2026 16:32,8/23/2026 16:32,ANTHROPOLOGIE,                    ,ANTHRO KANSAS,Y,                    ,2760,0,0,0,2760,,,,,,,NET60,                    ,                    ,ELEVATOR DISCO,,,6764718,,,WIRE,,MAJOR,                    ,,,,STANFORD,,,,,,,,,,,,,,,,60,,,,,,TICKET COLOR : CREAM,                    ,                    ,0,0,,,19,6/24/2026 16:33,1,,shipping,6/24/2026 16:32,0,,,,,,,,,,,,,,0,,0,,,,,,,,,,,,,,,,,,,,,,,,,0,,,,,,,,,,2760,,,,,,,,,,,,,,,,,,,,,,,,,,,,,,,,,,,,,,,,,,,,,,,,,,,shipping,6/24/2026 16:33,ANTHROPOLOGIE,,,,,,,,,,,,,,,,,,,,,,,,,,,,,,,,,,,,,,,,,,,,,,,,,,,,,,,,,,,,,,,,,,,,,,,,,,,,
0,288,Open,6/23/2026 11:32,7/23/2026 11:32,12TH TRIBE,                    ,12TH TRIBE,Y,                    ,2893.46,23,0,199,3115.46,,,,,,,NET30,SOUTHWEST,                    ,FREESIA,,,10372,,,ACH,,PRIVATE LABEL,                    ,,,,STANFORD,,,,,,,,,,,,,,,,199,,,,,,,                    ,                    ,0,0,,,1679,6/23/2026 11:37,3,,mike,6/23/2026 11:32,0,,,,,,,,,,,,,,0,,0,,,,,,,,,,,,,,,,,,,,,,,,,0,,,,,,,,,,3115.46,,,,,,,,,,,,,,,,,,,,,,,,,,,,,,,,,,,,,,,,,,,,,finance@12thtribe.com,,,,,,mike,6/23/2026 11:37,12TH TRIBE,,,,,,,,,,,,,,,,,,,,,,,,,,,,,,,,,,,,,,,,,,,,,,,,,,,,,,,,,,,,,,,,,,,,,,,,,,,,
0,287,Open,5/12/2026 0:00,7/14/2026 0:00,BLOOMINGDALES,                    ,,  ,CITY OF INDUSTRY,246.4,0,0,0,246.4,,,,,,,NET60,UPSG,,ELEVATOR DISCO,,,6077836,,,ACH,,MAJOR,                    ,,,,STANFORD,,,,,,,,,,,,,,,,10,,,,,,INV# 012,                    ,                    ,0,0,,,1392,6/23/2026 10:55,2,,adrian,6/23/2026 10:54,0,,,,,,,,,,,,,,0,,0,,,,,,,,,,,,,,,,,,,,,,,,,0,,,,,,,,,,246.4,,,,,,,,,,,,,,,,,,,,,,,,,,,,,,,,,,,,,,,,,,,,,,,,,,,adrian,6/23/2026 10:55,BLOOMINGDALE'S,,,,,,,,,,,,,,,,,,,,,,,,,,,,,,,,,,,,,,,,,,,,,,,,,,,,,,,,,,,,,,,,,,,,,,,,,,,,
0,286,Open,5/12/2026 0:00,7/14/2026 0:00,BLOOMINGDALES,                    ,,  ,CITY OF INDUSTRY,197.12,0,0,0,197.12,,,,,,,NET60,UPSG,,ELEVATOR DISCO,,,6077836,,,ACH,,MAJOR,                    ,,,,STANFORD,,,,,,,,,,,,,,,,8,,,,,,INV# 011,                    ,                    ,0,0,,,1392,6/23/2026 10:52,1,,adrian,6/23/2026 10:52,0,,,,,,,,,,,,,,0,,0,,,,,,,,,,,,,,,,,,,,,,,,,0,,,,,,,,,,197.12,,,,,,,,,,,,,,,,,,,,,,,,,,,,,,,,,,,,,,,,,,,,,,,,,,,adrian,6/23/2026 10:52,BLOOMINGDALE'S,,,,,,,,,,,,,,,,,,,,,,,,,,,,,,,,,,,,,,,,,,,,,,,,,,,,,,,,,,,,,,,,,,,,,,,,,,,,
0,285,Open,5/12/2026 0:00,7/14/2026 0:00,BLOOMINGDALES,                    ,,  ,CITY OF INDUSTRY,197.12,0,0,0,197.12,,,,,,,NET60,UPSG,,ELEVATOR DISCO,,,6077836,,,ACH,,MAJOR,                    ,,,,STANFORD,,,,,,,,,,,,,,,,8,,,,,,INV# 010,                    ,                    ,0,0,,,1392,6/23/2026 10:50,1,,adrian,6/23/2026 10:50,0,,,,,,,,,,,,,,0,,0,,,,,,,,,,,,,,,,,,,,,,,,,0,,,,,,,,,,197.12,,,,,,,,,,,,,,,,,,,,,,,,,,,,,,,,,,,,,,,,,,,,,,,,,,,adrian,6/23/2026 10:50,BLOOMINGDALE'S,,,,,,,,,,,,,,,,,,,,,,,,,,,,,,,,,,,,,,,,,,,,,,,,,,,,,,,,,,,,,,,,,,,,,,,,,,,,
0,284,Open,5/12/2026 0:00,7/11/2026 0:00,BLOOMINGDALES,                    ,,  ,CITY OF INDUSTRY,197.12,0,0,0,197.12,,,,,,,NET60,UPSG,,ELEVATOR DISCO,,,6077836,,,ACH,,MAJOR,                    ,,,,STANFORD,,,,,,,,,,,,,,,,8,,,,,,INV# 009,                    ,                    ,0,0,,,1392,6/23/2026 10:47,1,,adrian,6/23/2026 10:47,0,,,,,,,,,,,,,,0,,0,,,,,,,,,,,,,,,,,,,,,,,,,0,,,,,,,,,,197.12,,,,,,,,,,,,,,,,,,,,,,,,,,,,,,,,,,,,,,,,,,,,,,,,,,,adrian,6/23/2026 10:47,BLOOMINGDALE'S,,,,,,,,,,,,,,,,,,,,,,,,,,,,,,,,,,,,,,,,,,,,,,,,,,,,,,,,,,,,,,,,,,,,,,,,,,,,
0,283,Open,5/12/2026 0:00,7/11/2026 0:00,BLOOMINGDALES,                    ,,  ,CITY OF INDUSTRY,1680,0,0,0,1680,,,,,,,NET60,UPSG,,ELEVATOR DISCO,,,6077836,,,ACH,,MAJOR,                    ,,,,STANFORD,,,,,,,,,,,,,,,,88,,,,,,INV# 007,                    ,                    ,0,0,,,1392,6/23/2026 10:44,1,,adrian,6/23/2026 10:43,0,,,,,,,,,,,,,,0,,0,,,,,,,,,,,,,,,,,,,,,,,,,0,,,,,,,,,,1680,,,,,,,,,,,,,,,,,,,,,,,,,,,,,,,,,,,,,,,,,,,,,,,,,,,adrian,6/23/2026 10:44,BLOOMINGDALE'S,,,,,,,,,,,,,,,,,,,,,,,,,,,,,,,,,,,,,,,,,,,,,,,,,,,,,,,,,,,,,,,,,,,,,,,,,,,,
0,282,Open,5/12/2026 0:00,7/11/2026 0:00,BLOOMINGDALES,                    ,,  ,CITY OF INDUSTRY,1680,0,0,0,1680,,,,,,,NET60,UPSG,,ELEVATOR DISCO,,,6077836,,,ACH,,MAJOR,                    ,,,,STANFORD,,,,,,,,,,,,,,,,88,,,,,,INV# 006,                    ,                    ,0,0,,,1392,6/23/2026 10:37,1,,adrian,6/23/2026 10:37,0,,,,,,,,,,,,,,0,,0,,,,,,,,,,,,,,,,,,,,,,,,,0,,,,,,,,,,1680,,,,,,,,,,,,,,,,,,,,,,,,,,,,,,,,,,,,,,,,,,,,,,,,,,,adrian,6/23/2026 10:37,BLOOMINGDALE'S,,,,,,,,,,,,,,,,,,,,,,,,,,,,,,,,,,,,,,,,,,,,,,,,,,,,,,,,,,,,,,,,,,,,,,,,,,,,
0,281,Open,5/12/2026 0:00,7/11/2026 0:00,BLOOMINGDALES,                    ,,  ,CITY OF INDUSTRY,1680,0,0,0,1680,,,,,,,NET60,UPSG,,ELEVATOR DISCO,,,6077836,,,ACH,,MAJOR,                    ,,,,STANFORD,,,,,,,,,,,,,,,,88,,,,,,INV# 005,                    ,                    ,0,0,,,1392,6/23/2026 10:34,1,,adrian,6/23/2026 10:34,0,,,,,,,,,,,,,,0,,0,,,,,,,,,,,,,,,,,,,,,,,,,0,,,,,,,,,,1680,,,,,,,,,,,,,,,,,,,,,,,,,,,,,,,,,,,,,,,,,,,,,,,,,,,adrian,6/23/2026 10:34,BLOOMINGDALE'S,,,,,,,,,,,,,,,,,,,,,,,,,,,,,,,,,,,,,,,,,,,,,,,,,,,,,,,,,,,,,,,,,,,,,,,,,,,,
0,280,Open,5/12/2026 0:00,7/11/2026 0:00,BLOOMINGDALES,                    ,,  ,CITY OF INDUSTRY,2143.68,0,0,0,2143.68,,,,,,,NET60,UPSG,,ELEVATOR DISCO,,,6077836,,,ACH,,MAJOR,                    ,,,,STANFORD,,,,,,,,,,,,,,,,112,,,,,,INV# 004,                    ,                    ,0,0,,,1392,6/23/2026 10:04,1,,adrian,6/23/2026 10:04,0,,,,,,,,,,,,,,0,,0,,,,,,,,,,,,,,,,,,,,,,,,,0,,,,,,,,,,2143.68,,,,,,,,,,,,,,,,,,,,,,,,,,,,,,,,,,,,,,,,,,,,,,,,,,,adrian,6/23/2026 10:04,BLOOMINGDALE'S,,,,,,,,,,,,,,,,,,,,,,,,,,,,,,,,,,,,,,,,,,,,,,,,,,,,,,,,,,,,,,,,,,,,,,,,,,,,
0,279,Open,5/12/2026 0:00,7/11/2026 0:00,BLOOMINGDALES,                    ,,  ,CITY OF INDUSTRY,1680,0,0,0,1680,,,,,,,NET60,UPSG,,ELEVATOR DISCO,,,6077836,,,ACH,,MAJOR,                    ,,,,STANFORD,,,,,,,,,,,,,,,,88,,,,,,INV# 003,                    ,                    ,0,0,,,1392,6/23/2026 9:57,1,,adrian,6/23/2026 9:57,0,,,,,,,,,,,,,,0,,0,,,,,,,,,,,,,,,,,,,,,,,,,0,,,,,,,,,,1680,,,,,,,,,,,,,,,,,,,,,,,,,,,,,,,,,,,,,,,,,,,,,,,,,,,adrian,6/23/2026 9:57,BLOOMINGDALE'S,,,,,,,,,,,,,,,,,,,,,,,,,,,,,,,,,,,,,,,,,,,,,,,,,,,,,,,,,,,,,,,,,,,,,,,,,,,,
0,278,Open,5/12/2026 0:00,7/11/2026 0:00,BLOOMINGDALES,                    ,,  ,CITY OF INDUSTRY,1680,0,0,0,1680,,,,,,,NET60,UPSG,,ELEVATOR DISCO,,,6077836,,,ACH,,MAJOR,                    ,,,,STANFORD,,,,,,,,,,,,,,,,88,,,,,,INV# 002,                    ,                    ,0,0,,,1392,6/23/2026 9:54,1,,adrian,6/23/2026 9:54,0,,,,,,,,,,,,,,0,,0,,,,,,,,,,,,,,,,,,,,,,,,,0,,,,,,,,,,1680,,,,,,,,,,,,,,,,,,,,,,,,,,,,,,,,,,,,,,,,,,,,,,,,,,,adrian,6/23/2026 9:54,BLOOMINGDALE'S,,,,,,,,,,,,,,,,,,,,,,,,,,,,,,,,,,,,,,,,,,,,,,,,,,,,,,,,,,,,,,,,,,,,,,,,,,,,
0,277,Open,5/12/2026 0:00,7/12/2026 0:00,BLOOMINGDALES,                    ,,  ,CITY OF INDUSTRY,1680,0,0,0,1680,,,,,,,NET60,,,ELEVATOR DISCO,,,6077836,,,ACH,,MAJOR,                    ,,,,STANFORD,,,,,,,,,,,,,,,,88,,,,,,INV# 001,                    ,                    ,0,0,,,1392,6/23/2026 9:46,1,,adrian,6/23/2026 9:45,0,,,,,,,,,,,,,,0,,0,,,,,,,,,,,,,,,,,,,,,,,,,0,,,,,,,,,,1680,,,,,,,,,,,,,,,,,,,,,,,,,,,,,,,,,,,,,,,,,,,,,,,,,,,adrian,6/23/2026 9:46,BLOOMINGDALE'S,,,,,,,,,,,,,,,,,,,,,,,,,,,,,,,,,,,,,,,,,,,,,,,,,,,,,,,,,,,,,,,,,,,,,,,,,,,,
0,276,Closed,6/22/2026 16:47,6/22/2026 16:47,BEACH BARN,BEACH BARN,BEACH BARN,Y,                    ,1386,0,0,46.88,1432.88,1432.88,0,0,,,,PREPAY,UPSG,,ELEVATOR DISCO,,,261586891-1,,,CREDIT CARD,6/22/2026 0:00,SPECIALTY,                    ,,,,STANFORD,,,,,,,,,,,,,,,,48,,,,,137,,                    ,                    ,0,0,,,1396,6/22/2026 16:48,1,,adrian,6/22/2026 16:47,0,,,,,,,,,,,,,,0,,0,,,,,,,,,,,,,,,1ZX016D80329744159,,,,,,,,,,65,,,,,,,,,,0,,,,,,,,,,,,,,,,,,,,,,,,,,,,,,,,,,,,,,,,,,,,,ashley@beachbarnlbi.com,,,,,,adrian,6/22/2026 16:48,BEACH BARN,,,,,,,,,,,,,,,,,,,,,,,,,,,,,,,,,,,,,,,,,,,,,,,,,,,,,,,,,,,,,,,,,,,,,,,,,,,,
0,275,Open,5/12/2026 0:00,7/14/2026 0:00,BLOOMINGDALES,                    ,,  ,CITY OF INDUSTRY,197.12,0,0,0,197.12,,,,,,,NET60,UPSG,,ELEVATOR DISCO,,,6077836,,,ACH,,MAJOR,                    ,,,,STANFORD,,,,,,,,,,,,,,,,8,,,,,,,                    ,                    ,0,0,,,1392,6/22/2026 16:25,1,,adrian,6/22/2026 16:25,0,,,,,,,,,,,,,,0,,0,,,,,,,,,,,,,,,,,,,,,,,,,0,,,,,,,,,,197.12,,,,,,,,,,,,,,,,,,,,,,,,,,,,,,,,,,,,,,,,,,,,,,,,,,,adrian,6/22/2026 16:25,BLOOMINGDALE'S,,,,,,,,,,,,,,,,,,,,,,,,,,,,,,,,,,,,,,,,,,,,,,,,,,,,,,,,,,,,,,,,,,,,,,,,,,,,
0,274,Open,5/12/2026 0:00,7/14/2026 0:00,BLOOMINGDALES,                    ,,  ,CITY OF INDUSTRY,197.12,0,0,0,197.12,,,,,,,NET60,UPSG,,ELEVATOR DISCO,,,6077836,,,ACH,,MAJOR,                    ,,,,STANFORD,,,,,,,,,,,,,,,,8,,,,,,INV# INV003,                    ,                    ,0,0,,,1392,6/22/2026 16:17,1,,adrian,6/22/2026 16:16,0,,,,,,,,,,,,,,0,,0,,,,,,,,,,,,,,,,,,,,,,,,,0,,,,,,,,,,197.12,,,,,,,,,,,,,,,,,,,,,,,,,,,,,,,,,,,,,,,,,,,,,,,,,,,adrian,6/22/2026 16:17,BLOOMINGDALE'S,,,,,,,,,,,,,,,,,,,,,,,,,,,,,,,,,,,,,,,,,,,,,,,,,,,,,,,,,,,,,,,,,,,,,,,,,,,,
0,273,Open,5/12/2026 0:00,7/14/2026 0:00,BLOOMINGDALES,                    ,,  ,CITY OF INDUSTRY,197.12,0,0,0,197.12,,,,,,,NET60,UPSG,,ELEVATOR DISCO,,,6077836,,,ACH,,MAJOR,                    ,,,,STANFORD,,,,,,,,,,,,,,,,8,,,,,,INV# INV002,                    ,                    ,0,0,,,1392,6/22/2026 16:20,2,,adrian,6/22/2026 16:12,0,,,,,,,,,,,,,,0,,0,,,,,,,,,,,,,,,,,,,,,,,,,0,,,,,,,,,,197.12,,,,,,,,,,,,,,,,,,,,,,,,,,,,,,,,,,,,,,,,,,,,,,,,,,,adrian,6/22/2026 16:20,BLOOMINGDALE'S,,,,,,,,,,,,,,,,,,,,,,,,,,,,,,,,,,,,,,,,,,,,,,,,,,,,,,,,,,,,,,,,,,,,,,,,,,,,
0,272,Open,5/12/2026 0:00,7/11/2026 0:00,BLOOMINGDALES,                    ,231,Y,,985.6,0,0,0,985.6,,,,,,,NET60,                    ,,ELEVATOR DISCO,,,6077858,,,ACH,,MAJOR,                    ,,,,STANFORD,,,,,,,,,,,,,,,,40,,,,,,INV# INV001,                    ,                    ,0,0,,,1391,6/22/2026 15:01,1,,adrian,6/22/2026 15:00,0,,,,,,,,,,,,,,0,,0,,,,,,,,,,,,,,,,,,,,,,,,,0,,,,,,,,,,985.6,,,,,,,,,,,,,,,,,,,,,,,,,,,,,,,,,,,,,,,,,,,,,,,,,,,adrian,6/22/2026 15:01,BLOOMINGDALE'S,,,,,,,,,,,,,,,,,,,,,,,,,,,,,,,,,,,,,,,,,,,,,,,,,,,,,,,,,,,,,,,,,,,,,,,,,,,,
0,271,Open,5/12/2026 0:00,7/10/2026 0:00,BLOOMINGDALES,                    ,231,  ,,21704.48,0,0,0,21704.48,,,,,,,NET60,                    ,,ELEVATOR DISCO,,,6077858,,,ACH,,MAJOR,                    ,,,,STANFORD,,,,,,,,,,,,,,,,1072,,,,,,INV# 008,                    ,                    ,0,0,,,1391,6/22/2026 14:57,1,,adrian,6/22/2026 14:56,0,,,,,,,,,,,,,,0,,0,,,,,,,,,,,,,,,,,,,,,,,,,0,,,,,,,,,,21704.48,,,,,,,,,,,,,,,,,,,,,,,,,,,,,,,,,,,,,,,,,,,,,,,,,,,adrian,6/22/2026 14:57,BLOOMINGDALE'S,,,,,,,,,,,,,,,,,,,,,,,,,,,,,,,,,,,,,,,,,,,,,,,,,,,,,,,,,,,,,,,,,,,,,,,,,,,,
0,270,Open,4/30/2026 0:00,6/14/2026 0:00,LULUS,                    ,LULUS,Y,                    ,9175,0,0,0,9175,,,,,,,NET45,                    ,                    ,FREESIA,,,222301,,,WIRE,,PRIVATE LABEL,                    ,,,,STANFORD,,,,,,,,,,,,,,,,367,,,,,,INV# L-71407,                    ,                    ,0,0,,,165,6/22/2026 11:41,1,,adrian,6/22/2026 11:40,0,,,,,,,,,,,,,,0,,0,,,,,,,,,,,,,,,,,,,,,,,,,0,,,,,,,,,,9175,,,,,,,,,,,,,,,,,,,,,,,,,,,,,,,,,,,,,,,,,,,,,ORDERS@LULUS.COM,,,,,,adrian,6/22/2026 11:41,LULU'S FASHION LOUNGE,,,,,,,,,,,,,,,,,,,,,,,,,,,,,,,,,,,,,,,,,,,,,,,,,,,,,,,,,,,,,,,,,,,,,,,,,,,,
0,269,Open,4/30/2026 0:00,6/14/2026 0:00,LULUS,                    ,LULUS,Y,                    ,7560.2,0,0,0,7560.2,,,,,,,NET45,                    ,                    ,FREESIA,,,221700,,,WIRE,,PRIVATE LABEL,                    ,,,,STANFORD,,,,,,,,,,,,,,,,367,,,,,,INV# L-71406,                    ,                    ,0,0,,,163,6/22/2026 11:33,1,,adrian,6/22/2026 11:32,0,,,,,,,,,,,,,,0,,0,,,,,,,,,,,,,,,,,,,,,,,,,0,,,,,,,,,,7560.2,,,,,,,,,,,,,,,,,,,,,,,,,,,,,,,,,,,,,,,,,,,,,ORDERS@LULUS.COM,,,,,,adrian,6/22/2026 11:33,LULU'S FASHION LOUNGE,,,,,,,,,,,,,,,,,,,,,,,,,,,,,,,,,,,,,,,,,,,,,,,,,,,,,,,,,,,,,,,,,,,,,,,,,,,,
0,268,Open,4/30/2026 0:00,6/14/2026 0:00,LULUS,                    ,LULUS,Y,                    ,3780,0,0,0,3780,,,,,,,NET45,                    ,                    ,FREESIA,,,221679,,,WIRE,,PRIVATE LABEL,                    ,,,,STANFORD,,,,,,,,,,,,,,,,210,,,,,,INV# L-71405,                    ,                    ,0,0,,,162,6/22/2026 11:24,1,,adrian,6/22/2026 11:23,0,,,,,,,,,,,,,,0,,0,,,,,,,,,,,,,,,,,,,,,,,,,0,,,,,,,,,,3780,,,,,,,,,,,,,,,,,,,,,,,,,,,,,,,,,,,,,,,,,,,,,ORDERS@LULUS.COM,,,,,,adrian,6/22/2026 11:24,LULU'S FASHION LOUNGE,,,,,,,,,,,,,,,,,,,,,,,,,,,,,,,,,,,,,,,,,,,,,,,,,,,,,,,,,,,,,,,,,,,,,,,,,,,,
0,267,Open,4/23/2026 0:00,6/7/2026 0:00,LULUS,                    ,LULUS,Y,                    ,3952,0,0,0,3952,,,,,,,NET45,                    ,                    ,FREESIA,,,222403,,,WIRE,,PRIVATE LABEL,                    ,,,,STANFORD,,,,,,,,,,,,,,,,247,,,,,,INV# L-71403,                    ,                    ,0,0,,,170,6/22/2026 11:20,2,,adrian,6/22/2026 11:15,0,,,,,,,,,,,,,,0,,0,,,,,,,,,,,,,,,,,,,,,,,,,0,,,,,,,,,,3952,,,,,,,,,,,,,,,,,,,,,,,,,,,,,,,,,,,,,,,,,,,,,ORDERS@LULUS.COM,,,,,,adrian,6/22/2026 11:20,LULU'S FASHION LOUNGE,,,,,,,,,,,,,,,,,,,,,,,,,,,,,,,,,,,,,,,,,,,,,,,,,,,,,,,,,,,,,,,,,,,,,,,,,,,,
0,266,Open,6/22/2026 10:50,8/6/2026 10:50,LULUS,LULU'S BILLING,LULUS,N,LULUS,12521.2,0,0,0,12521.2,,,,,,,NET45,CITY BUSINESS,                    ,FREESIA,,,222854,,,ACH,,PRIVATE LABEL,                    ,,,,FORERUNNER,,,,,,,,,,,,,,,,422,,,,,,EXTENSION CFM 5/8,                    ,                    ,0,0,,,173,6/22/2026 10:56,1,,adrian,6/22/2026 10:50,0,,,,,,,,,,,,,,0,,0,,,,,,,,,,,,,,,,,,,,,,,,,0,,,,,,,,,,12521.2,,,,,,,,,,,,,,,,,,,,,,,,,,,,,,,,,,,,,,,,,,,,,ORDERS@LULUS.COM,,,,,,adrian,6/22/2026 10:56,LULU'S FASHION LOUNGE,,,,,,,,,,,,,,,,,,,,,,,,,,,,,,,,,,,,,,,,,,,,,,,,,,,,,,,,,,,,,,,,,,,,,,,,,,,,
0,264,Open,6/20/2026 18:13,8/4/2026 0:00,LULUS,LULU'S BILLING,LULUS,Y,                    ,4252.5,0,0,0,4252.5,,,,,,,NET45,CITY BUSINESS,                    ,FREESIA,,,224855,,,ACH,,PRIVATE LABEL,                    ,,,,FORERUNNER,,,,,,,,,,,,,,,,315,,,,,,,                    ,                    ,0,0,,,205,6/23/2026 10:51,5,,mike,6/20/2026 18:14,0,,,,,,,,,,,,,,0,,0,,,,,,,,,,,,,,,,,,,,,,,,,0,,,,,,,,,,4252.5,,,,,,,,,,,,,,,,,,,,,,,,,,,,,,,,,,,,,,,,,,,,,ORDERS@LULUS.COM,,,,,,mike,6/23/2026 10:51,LULU'S FASHION LOUNGE,,,,,,,,,,,,,,,,,,,,,,,,,,,,,,,,,,,,,,,,,,,,,,,,,,,,,,,,,,,,,,,,,,,,,,,,,,,,
0,263,Open,6/20/2026 18:11,8/4/2026 0:00,LULUS,LULU'S BILLING,LULUS,N,LULUS,7060,0,0,0,7060,,,,,,,NET45,CITY BUSINESS,                    ,FREESIA,,,224854,,,ACH,,PRIVATE LABEL,                    ,,,,FORERUNNER,,,,,,,,,,,,,,,,353,,,,,,,                    ,                    ,0,0,,,204,6/23/2026 10:54,6,,mike,6/20/2026 18:11,0,,,,,,,,,,,,,,0,,0,,,,,,,,,,,,,,,,,,,,,,,,,0,,,,,,,,,,7060,,,,,,,,,,,,,,,,,,,,,,,,,,,,,,,,,,,,,,,,,,,,,ORDERS@LULUS.COM,,,,,,mike,6/23/2026 10:54,LULU'S FASHION LOUNGE,,,,,,,,,,,,,,,,,,,,,,,,,,,,,,,,,,,,,,,,,,,,,,,,,,,,,,,,,,,,,,,,,,,,,,,,,,,,
0,262,Open,6/20/2026 18:06,8/4/2026 0:00,LULUS,LULU'S BILLING,LULUS,Y,                    ,7120.5,0,0,0,7120.5,,,,,,,NET45,CITY BUSINESS,                    ,FREESIA,,,224297,,,ACH,,PRIVATE LABEL,                    ,,,,FORERUNNER,,,,,,,,,,,,,,,,303,,,,,,,                    ,                    ,0,0,,,198,6/22/2026 10:35,4,,mike,6/20/2026 18:06,0,,,,,,,,,,,,,,0,,0,,,,,,,,,,,,,,,,,,,,,,,,,0,,,,,,,,,,7120.5,,,,,,,,,,,,,,,,,,,,,,,,,,,,,,,,,,,,,,,,,,,,,ORDERS@LULUS.COM,,,,,,mike,6/22/2026 10:35,LULU'S FASHION LOUNGE,,,,,,,,,,,,,,,,,,,,,,,,,,,,,,,,,,,,,,,,,,,,,,,,,,,,,,,,,,,,,,,,,,,,,,,,,,,,
0,261,Open,6/20/2026 18:03,8/4/2026 0:00,LULUS,LULU'S BILLING,LULUS,Y,                    ,5619.32,0,0,0,5619.32,,,,,,,NET45,CITY BUSINESS,                    ,FREESIA,,,224267,,,ACH,,PRIVATE LABEL,                    ,,,,FORERUNNER,,,,,,,,,,,,,,,,329,,,,,,"No need to replace units in size XL.
For sizes M and L, just shipped units order.
Overage not approved.
PO has been revised internally. Total unis 322.",                    ,                    ,0,0,,,197,6/22/2026 10:37,2,,mike,6/20/2026 18:03,0,,,,,,,,,,,,,,0,,0,,,,,,,,,,,,,,,,,,,,,,,,,0,,,,,,,,,,5619.32,,,,,,,,,,,,,,,,,,,,,,,,,,,,,,,,,,,,,,,,,,,,,ORDERS@LULUS.COM,,,,,,mike,6/22/2026 10:37,LULU'S FASHION LOUNGE,,,,,,,,,,,,,,,,,,,,,,,,,,,,,,,,,,,,,,,,,,,,,,,,,,,,,,,,,,,,,,,,,,,,,,,,,,,,
0,260,Open,6/20/2026 17:59,8/4/2026 0:00,LULUS,LULU'S BILLING,LULUS,Y,                    ,10300,0,0,0,10300,,,,,,,NET45,CITY BUSINESS,                    ,FREESIA,,,224266,,,ACH,,PRIVATE LABEL,                    ,,,,FORERUNNER,,,,,,,,,,,,,,,,412,,,,,,,                    ,                    ,0,0,,,196,6/22/2026 10:38,4,,mike,6/20/2026 17:59,0,,,,,,,,,,,,,,0,,0,,,,,,,,,,,,,,,,,,,,,,,,,0,,,,,,,,,,10300,,,,,,,,,,,,,,,,,,,,,,,,,,,,,,,,,,,,,,,,,,,,,ORDERS@LULUS.COM,,,,,,mike,6/22/2026 10:38,LULU'S FASHION LOUNGE,,,,,,,,,,,,,,,,,,,,,,,,,,,,,,,,,,,,,,,,,,,,,,,,,,,,,,,,,,,,,,,,,,,,,,,,,,,,
0,259,Open,6/20/2026 17:56,8/4/2026 0:00,LULUS,LULU'S BILLING,LULUS,Y,                    ,8911,0,0,0,8911,,,,,,,NET45,CITY BUSINESS,                    ,FREESIA,,,224226,,,ACH,,PRIVATE LABEL,                    ,,,,FORERUNNER,,,,,,,,,,,,,,,,469,,,,,,EXTENSION CFM 5/8,                    ,                    ,0,0,,,194,6/21/2026 16:51,4,,mike,6/20/2026 17:57,0,,,,,,,,,,,,,,0,,0,,,,,,,,,,,,,,,,,,,,,,,,,0,,,,,,,,,,8911,,,,,,,,,,,,,,,,,,,,,,,,,,,,,,,,,,,,,,,,,,,,,ORDERS@LULUS.COM,,,,,,mike,6/21/2026 16:51,LULU'S FASHION LOUNGE,,,,,,,,,,,,,,,,,,,,,,,,,,,,,,,,,,,,,,,,,,,,,,,,,,,,,,,,,,,,,,,,,,,,,,,,,,,,
0,258,Open,6/20/2026 17:51,8/4/2026 0:00,LULUS,LULU'S BILLING,LULUS,Y,                    ,11077,0,-664.62,0,10412.38,,,,,,,NET45,CITY BUSINESS,                    ,FREESIA,,,222858,,,ACH,,PRIVATE LABEL,                    ,,,,FORERUNNER,,,,,,,,,,,,,,,,763,,,,,,overage + extension 6% discount,                    ,                    ,0,0,,,175,6/22/2026 11:04,3,,mike,6/20/2026 17:52,0,,,,,,,,,,,,,,0,,0,,,,,,,,,,,,,,,,,,,,,,,,,0,,,,,,,,,,10412.38,,,,,,,,,,,,,,,,,,,,,,,,,,,,,,,,,,,,,,,,,,,,,ORDERS@LULUS.COM,,,,,,mike,6/22/2026 11:04,LULU'S FASHION LOUNGE,,,,,,,,,,,,,,,,,,,,,,,,,,,,,,,,,,,,,,,,,,,,,,,,,,,,,,,,,,,,,,,,,,,,,,,,,,,,
0,256,Closed,6/19/2026 13:06,6/19/2026 13:06,SILVER ACCENTS,SILVER ACCENTS,SILVER ACCENTS,Y,                    ,432,0,0,16,448,448,0,0,,,,PREPAY,UPSG,,ELEVATOR DISCO,,,280750423-1,,,CREDIT CARD,6/19/2026 0:00,SPECIALTY,                    ,,,,STANFORD,,,,,,,,,,,,,,,,12,,,,,166,,                    ,                    ,0,0,,,1538,6/22/2026 17:01,2,,adrian,6/19/2026 13:07,0,,,,,,,,,,,,,,0,,0,,,,,,,,,,,,,,,1ZX016D80344778942,,,,,,,,,,114,,,,,,,,,,0,,,,,,,,,,,,,,,,,,,,,,,,,,,,,,,,,,,,,,,,,,,,,jbene4osu@gmail.com,,,,,,adrian,6/22/2026 17:01,SILVER ACCENTS,,,,,,,,,,,,,,,,,,,,,,,,,,,,,,,,,,,,,,,,,,,,,,,,,,,,,,,,,,,,,,,,,,,,,,,,,,,,
0,255,Closed,6/17/2026 16:05,6/17/2026 16:05,INSOLITO,INSOLITO,INSOLITO,Y,                    ,930,0,0,42,972,972,0,0,,,,PREPAY,                    ,,ELEVATOR DISCO,,,268892195-1,,,CREDIT CARD,6/17/2026 0:00,SPECIALTY,                    ,,,,STANFORD,,,,,,,,,,,,,,,,30,,,,,142,,                    ,                    ,0,0,,,1429,7/1/2026 15:08,3,,adrian,6/17/2026 16:05,0,,,,,,,,,,,,,,0,,0,,,,,,,,,,,,,,,                                                  ,,,,,,,,,,204,,,,,,,,,,0,,,,,,,,,,,,,,,,,,,,,,,,,,,,,,,,,,,,,,,,,,,,,carolomasc@gmail.com,,,,,,adrian,7/1/2026 15:08,INSOLITO,,,,,,,,,,,,,,,,,,,,,,,,,,,,,,,,,,,,,,,,,,,,,,,,,,,,,,,,,,,,,,,,,,,,,,,,,,,,
0,254,Closed,6/17/2026 14:03,6/17/2026 14:03,STUDIO 4 THREADS,STUDIO 4 THREADS,STUDIO 4 THREADS,Y,                    ,636,0,0,26,662,662,0,0,,,,PREPAY,                    ,,ELEVATOR DISCO,,,265388195-1,,,CREDIT CARD,6/17/2026 0:00,SPECIALTY,                    ,,,,STANFORD,,,,,,,,,,,,,,,,24,,,,,,,                    ,                    ,0,0,,,1425,6/17/2026 14:07,2,,adrian,6/17/2026 14:04,0,,,,,,,,,,,,,,0,,0,,,,,,,,,,,,,,,,,,,,,,,,,0,,,,,,,,,,0,,,,,,,,,,,,,,,,,,,,,,,,,,,,,,,,,,,,,,,,,,,,,maria@studio4threads.com,,,,,,adrian,6/17/2026 14:07,STUDIO 4 THREADS,,,,,,,,,,,,,,,,,,,,,,,,,,,,,,,,,,,,,,,,,,,,,,,,,,,,,,,,,,,,,,,,,,,,,,,,,,,,
0,253,Closed,6/16/2026 16:13,6/16/2026 16:13,HOUSE OF D,HOUSE OF D,HOUSE OF D,Y,                    ,168,0,0,16,184,184,0,0,,,,PREPAY,UPSG,,ELEVATOR DISCO,,,262736141-1,,,CREDIT CARD,6/16/2026 0:00,SPECIALTY,                    ,,,,STANFORD,,,,,,,,,,,,,,,,6,,,,,164,,SALES,                    ,0.13,0,,,1402,6/23/2026 12:13,4,,mike,6/16/2026 16:14,0,,,,,,,,,,,,,,0,,0,,,,,,,,,,,,,,,                                                  ,,,,,,,,,,245,,,,,,,,,,0,,,,,,,,,,,,,,,,,,,,,,,,,,,,,,,,,,,,,,,,,,,,,houseofdboutique@outlook.com,,,,,,adrian,6/23/2026 12:13,HOUSE OF D,,,,,,,,,,,,,,,,,,,,,,,,,,,,,,,,,,,,,,,,,,,,,,,,,,,,,,,,,,,,,,,,,,,,,,,,,,,,
0,251,Closed,6/16/2026 15:25,6/16/2026 15:25,SASSY STYLES,SASSY STYLES,SASSY STYLES,Y,                    ,126,0,0,0,126,126,0,0,,,,PREPAY,UPSG,,ELEVATOR DISCO,,,263775120-1,,,CREDIT CARD,6/16/2026 0:00,SPECIALTY,                    ,,,,STANFORD,,,,,,,,,,,,,,,,6,,,,,162,TRACKING  1ZX016D80334558994,SALES,                    ,0.13,0,,,1410,6/16/2026 15:29,2,,shipping,6/16/2026 15:26,0,,,,,,,,,,,,,,0,,0,,,,,,,,,,,,,,,                                                  ,,,,,,,,,,244,,,,,,,,,,0,,,,,,,,,,,,,,,,,,,,,,,,,,,,,,,,,,,,,,,,,,,,,wanettaparag@gmail.com,,,,,,shipping,6/16/2026 15:29,SASSY STYLES,,,,,,,,,,,,,,,,,,,,,,,,,,,,,,,,,,,,,,,,,,,,,,,,,,,,,,,,,,,,,,,,,,,,,,,,,,,,
0,250,Closed,6/16/2026 15:01,6/16/2026 15:01,PALM SAGE,PALM SAGE,PALM SAGE,Y,                    ,342,0,0,16,358,358,0,0,,,,PREPAY,                    ,,ELEVATOR DISCO,,,272460368,,,CREDIT CARD,6/16/2026 0:00,SPECIALTY,                    ,,,,STANFORD,,,,,,,,,,,,,,,,12,,,,,157,,                    ,                    ,0,0,,,1432,6/16/2026 15:02,1,,adrian,6/16/2026 15:01,0,,,,,,,,,,,,,,0,,0,,,,,,,,,,,,,,,                                                  ,,,,,,,,,,206,,,,,,,,,,0,,,,,,,,,,,,,,,,,,,,,,,,,,,,,,,,,,,,,,,,,,,,,info@shopmalibufriday.com,,,,,,adrian,6/16/2026 15:02,PALM SAGE,,,,,,,,,,,,,,,,,,,,,,,,,,,,,,,,,,,,,,,,,,,,,,,,,,,,,,,,,,,,,,,,,,,,,,,,,,,,
0,249,Closed,6/16/2026 14:28,6/16/2026 14:28,CAPRI COLLECTIVES,CAPRI COLLECTIVES,CAPRI COLLECTIVES,Y,                    ,216,0,0,19,235,235,0,0,,,,PREPAY,                    ,,ELEVATOR DISCO,,,261542002-1,,,CREDIT CARD,6/16/2026 0:00,SPECIALTY,                    ,,,,STANFORD,,,,,,,,,,,,,,,,6,,,,,153,,                    ,                    ,0,0,,,1398,6/16/2026 14:29,1,,adrian,6/16/2026 14:28,0,,,,,,,,,,,,,,0,,0,,,,,,,,,,,,,,,1ZX016D80344620503,,,,,,,,,,203,,,,,,,,,,0,,,,,,,,,,,,,,,,,,,,,,,,,,,,,,,,,,,,,,,,,,,,,info@capricollectives.com,,,,,,adrian,6/16/2026 14:29,CAPRI COLLECTIVES,,,,,,,,,,,,,,,,,,,,,,,,,,,,,,,,,,,,,,,,,,,,,,,,,,,,,,,,,,,,,,,,,,,,,,,,,,,,
0,248,Closed,6/16/2026 14:21,6/16/2026 14:21,NANI ROSE BOUTIQUE,                    ,NANI ROSE BOUTIQUE,Y,                    ,198,0,0,17,215,215,0,0,,,,PREPAY,                    ,,ELEVATOR DISCO,,,292029697-1,,,CREDIT CARD,6/16/2026 0:00,SPECIALTY,                    ,,,,STANFORD,,,,,,,,,,,,,,,,6,,,,,154,,                    ,                    ,0,0,,,1389,6/29/2026 9:33,3,,adrian,6/16/2026 14:22,0,,,,,,,,,,,,,,0,,0,,,,,,,,,,,,,,,                                                  ,,,,,,,,,,237,,,,,,,,,,0,,,,,,,,,,,,,,,,,,,,,,,,,,,,,,,,,,,,,,,,,,,,,,,,,,,mike,6/29/2026 9:33,NANI ROSE BOUTIQUE,,,,,,,,,,,,,,,,,,,,,,,,,,,,,,,,,,,,,,,,,,,,,,,,,,,,,,,,,,,,,,,,,,,,,,,,,,,,
0,247,Closed,6/16/2026 14:13,6/16/2026 14:13,HAZEL BOUTIQUE,HAZEL BOUTIQUE,HAZEL BOUTIQUE,Y,                    ,684,0,0,30,714,714,0,0,,,,PREPAY,UPSG,,ELEVATOR DISCO,,,266487245-1,,,CREDIT CARD,6/16/2026 0:00,SPECIALTY,                    ,,,,STANFORD,,,,,,,,,,,,,,,,24,,,,,156,,                    ,                    ,0,0,,,1412,6/16/2026 14:14,1,,adrian,6/16/2026 14:13,0,,,,,,,,,,,,,,0,,0,,,,,,,,,,,,,,,                                                  ,,,,,,,,,,238,,,,,,,,,,0,,,,,,,,,,,,,,,,,,,,,,,,,,,,,,,,,,,,,,,,,,,,,jenna@hazelboutique.com,,,,,,adrian,6/16/2026 14:14,HAZEL BOUTIQUE,,,,,,,,,,,,,,,,,,,,,,,,,,,,,,,,,,,,,,,,,,,,,,,,,,,,,,,,,,,,,,,,,,,,,,,,,,,,
0,246,Closed,6/16/2026 14:02,6/16/2026 14:02,GOOD JEANS,GOOD JEANS,GOOD JEANS,Y,                    ,198,0,0,26,224,224,0,0,,,,PREPAY,                    ,,ELEVATOR DISCO,,,278816659-1,,,CREDIT CARD,6/16/2026 0:00,SPECIALTY,                    ,,,,STANFORD,,,,,,,,,,,,,,,,6,,,,,158,,                    ,                    ,0,0,,,1456,6/16/2026 14:30,2,,adrian,6/16/2026 14:02,0,,,,,,,,,,,,,,0,,0,,,,,,,,,,,,,,,                                                  ,,,,,,,,,,241,,,,,,,,,,0,,,,,,,,,,,,,,,,,,,,,,,,,,,,,,,,,,,,,,,,,,,,,goodjeanscabot@gmail.com,,,,,,adrian,6/16/2026 14:30,GOOD JEANS BY WARD AND TAYLOR,,,,,,,,,,,,,,,,,,,,,,,,,,,,,,,,,,,,,,,,,,,,,,,,,,,,,,,,,,,,,,,,,,,,,,,,,,,,
0,245,Closed,6/16/2026 13:58,6/16/2026 13:58,MAC ME,MAC ME,MAC ME,Y,                    ,198,0,0,16,214,214,0,0,,,,PREPAY,                    ,,ELEVATOR DISCO,,,278807209-1,,,CREDIT CARD,6/16/2026 0:00,SPECIALTY,                    ,,,,STANFORD,,,,,,,,,,,,,,,,6,,,,,159,,                    ,                    ,0,0,,,1462,6/16/2026 13:59,1,,adrian,6/16/2026 13:58,0,,,,,,,,,,,,,,0,,0,,,,,,,,,,,,,,,                                                  ,,,,,,,,,,242,,,,,,,,,,0,,,,,,,,,,,,,,,,,,,,,,,,,,,,,,,,,,,,,,,,,,,,,shopmacandme@gmail.com,,,,,,adrian,6/16/2026 13:59,MAC & ME COVINGTON,,,,,,,,,,,,,,,,,,,,,,,,,,,,,,,,,,,,,,,,,,,,,,,,,,,,,,,,,,,,,,,,,,,,,,,,,,,,
0,244,Closed,6/16/2026 13:49,6/16/2026 13:49,SPLASH,SPLASH,SPLASH,Y,                    ,198,0,0,16,214,214,0,0,,,,PREPAY,UPSG,,ELEVATOR DISCO,,,269865040-2,,,CREDIT CARD,6/16/2026 0:00,SPECIALTY,                    ,,,,STANFORD,,,,,,,,,,,,,,,,6,,,,,160,,                    ,                    ,0,0,,,1443,6/16/2026 13:55,1,,adrian,6/16/2026 13:49,0,,,,,,,,,,,,,,0,,0,,,,,,,,,,,,,,,                                                  ,,,,,,,,,,240,,,,,,,,,,0,,,,,,,,,,,,,,,,,,,,,,,,,,,,,,,,,,,,,,,,,,,,,joni@splashtribe.com,,,,,,adrian,6/16/2026 13:55,SPLASH,,,,,,,,,,,,,,,,,,,,,,,,,,,,,,,,,,,,,,,,,,,,,,,,,,,,,,,,,,,,,,,,,,,,,,,,,,,,
0,243,Closed,6/16/2026 13:40,6/16/2026 13:40,DAME,DAME,DAME,Y,                    ,126,0,0,16,142,142,0,0,,,,PREPAY,UPSG,,ELEVATOR DISCO,,,283307037-1,,,CREDIT CARD,6/16/2026 0:00,SPECIALTY,                    ,,,,STANFORD,,,,,,,,,,,,,,,,6,,,,,161,,                    ,                    ,0,0,,,1555,6/16/2026 13:41,1,,adrian,6/16/2026 13:40,0,,,,,,,,,,,,,,0,,0,,,,,,,,,,,,,,,                                                  ,,,,,,,,,,236,,,,,,,,,,0,,,,,,,,,,,,,,,,,,,,,,,,,,,,,,,,,,,,,,,,,,,,,nicole@shop-dame.com,,,,,,adrian,6/16/2026 13:41,DAME,,,,,,,,,,,,,,,,,,,,,,,,,,,,,,,,,,,,,,,,,,,,,,,,,,,,,,,,,,,,,,,,,,,,,,,,,,,,
0,242,Closed,6/16/2026 12:02,6/16/2026 12:02,ALIXANDRA COLLECTION,ALIXANDRA COLLECTION,ALIXANDRA COLLECTION,Y,                    ,336,0,0,0,336,336,0,0,,,,PREPAY,                    ,,ELEVATOR DISCO,,,277694004-1,,,CREDIT CARD,6/16/2026 0:00,SPECIALTY,                    ,,,,STANFORD,,,,,,,,,,,,,,,,12,,,,,,,                    ,                    ,0,0,,,1438,6/16/2026 12:03,1,,adrian,6/16/2026 12:02,0,,,,,,,,,,,,,,0,,0,,,,,,,,,,,,,,,,,,,,,,,,,0,,,,,,,,,,0,,,,,,,,,,,,,,,,,,,,,,,,,,,,,,,,,,,,,,,,,,,,,alix@shopalix.com,,,,,,adrian,6/16/2026 12:03,ALIXANDRA COLLECTIONS,,,,,,,,,,,,,,,,,,,,,,,,,,,,,,,,,,,,,,,,,,,,,,,,,,,,,,,,,,,,,,,,,,,,,,,,,,,,
0,241,Closed,6/16/2026 11:18,6/16/2026 11:18,RUSE FASHION,RUSE FASHION,RUSE FASHION,Y,                    ,168,0,0,15.29,183.29,183.29,0,0,,,,PREPAY,UPSG,,ELEVATOR DISCO,,,279030296-1,,,CREDIT CARD,6/16/2026 0:00,SPECIALTY,                    ,,,,STANFORD,,,,,,,,,,,,,,,,6,,,,,99,,                    ,                    ,0,0,,,1448,6/16/2026 11:19,1,,adrian,6/16/2026 11:18,0,,,,,,,,,,,,,,0,,0,,,,,,,,,,,,,,,1ZX016D80318242088,,,,,,,,,,90,,,,,,,,,,0,,,,,,,,,,,,,,,,,,,,,,,,,,,,,,,,,,,,,,,,,,,,,shoprusefashion@gmail.com,,,,,,adrian,6/16/2026 11:19,RUSE FASHION,,,,,,,,,,,,,,,,,,,,,,,,,,,,,,,,,,,,,,,,,,,,,,,,,,,,,,,,,,,,,,,,,,,,,,,,,,,,
0,240,Closed,6/15/2026 17:13,6/15/2026 17:13,LOVE CELINE,                    ,NANTUCKET,Y,                    ,1314,0,0,60,1374,1374,0,0,,,,PREPAY,UPSG,,ELEVATOR DISCO,,,294284659-1,,,CREDIT CARD,6/15/2026 0:00,SPECIALTY,                    ,,,,STANFORD,,,,,,,,,,,,,,,,54,,,,,,,                    ,                    ,0,0,,,1729,6/15/2026 17:15,1,,adrian,6/15/2026 17:13,0,,,,,,,,,,,,,,0,,0,,,,,,,,,,,,,,,,,,,,,,,,,0,,,,,,,,,,0,,,,,,,,,,,,,,,,,,,,,,,,,,,,,,,,,,,,,,,,,,,,,contact@shoploveceline.com,,,,,,adrian,6/15/2026 17:15,LOVE CELINE,,,,,,,,,,,,,,,,,,,,,,,,,,,,,,,,,,,,,,,,,,,,,,,,,,,,,,,,,,,,,,,,,,,,,,,,,,,,
0,239,Closed,6/15/2026 17:12,6/15/2026 17:12,LOVE CELINE,LOVE CELINE,LOVE CELINE,Y,                    ,1764,0,0,52,1816,1816,0,0,,,,PREPAY,UPSG,,ELEVATOR DISCO,,,271379802-1,,,CREDIT CARD,6/15/2026 0:00,SPECIALTY,                    ,,,,STANFORD,,,,,,,,,,,,,,,,48,,,,,,,                    ,                    ,0,0,,,1436,6/15/2026 17:15,1,,adrian,6/15/2026 17:12,0,,,,,,,,,,,,,,0,,0,,,,,,,,,,,,,,,,,,,,,,,,,0,,,,,,,,,,0,,,,,,,,,,,,,,,,,,,,,,,,,,,,,,,,,,,,,,,,,,,,,contact@shoploveceline.com,,,,,,adrian,6/15/2026 17:15,LOVE CELINE,,,,,,,,,,,,,,,,,,,,,,,,,,,,,,,,,,,,,,,,,,,,,,,,,,,,,,,,,,,,,,,,,,,,,,,,,,,,
0,238,Open,6/15/2026 16:04,8/14/2026 16:04,URBAN OUTFITTERS,                    ,KANSAS,Y,                    ,1368,0,0,0,1368,,,,,,,NET60,                    ,                    ,ELEVATOR DISCO,,,6777891,,,ACH,,MAJOR,                    ,,,,STANFORD,,,,,,,,,,,,,,,,38,,,,,,,                    ,                    ,0,0,,,38,6/15/2026 16:05,1,,adrian,6/15/2026 16:04,0,,,,,,,,,,,,,,0,,0,,,,,,,,,,,,,,,,,,,,,,,,,0,,,,,,,,,,1368,,,,,,,,,,,,,,,,,,,,,,,,,,,,,,,,,,,,,,,,,,,,,,,,,,,adrian,6/15/2026 16:05,URBAN OUTFITTERS,,,,,,,,,,,,,,,,,,,,,,,,,,,,,,,,,,,,,,,,,,,,,,,,,,,,,,,,,,,,,,,,,,,,,,,,,,,,
0,237,Closed,6/15/2026 15:22,6/15/2026 15:22,MADRAS SHOPS AT 5807,MADRAS SHOPS AT 5807,MADRAS SHOPS AT 5807,Y,                    ,954,0,0,28,982,982,0,0,,,,PREPAY,                    ,,ELEVATOR DISCO,,,280716926-1,,,CREDIT CARD,6/15/2026 0:00,SPECIALTY,                    ,,,,STANFORD,,,,,,,,,,,,,,,,36,,,,,,,                    ,                    ,0,0,,,1482,6/15/2026 15:26,1,,adrian,6/15/2026 15:24,0,,,,,,,,,,,,,,0,,0,,,,,,,,,,,,,,,,,,,,,,,,,0,,,,,,,,,,0,,,,,,,,,,,,,,,,,,,,,,,,,,,,,,,,,,,,,,,,,,,,,5807katethomas@gmail.com,,,,,,adrian,6/15/2026 15:26,MADRAS SHOPS AT 5807,,,,,,,,,,,,,,,,,,,,,,,,,,,,,,,,,,,,,,,,,,,,,,,,,,,,,,,,,,,,,,,,,,,,,,,,,,,,
0,236,Closed,6/15/2026 13:23,6/15/2026 13:23,ALIXANDRA COLLECTION,ALIXANDRA COLLECTION,ALIXANDRA COLLECTION,Y,                    ,600,0,0,20,620,620,0,0,,,,PREPAY,                    ,,ELEVATOR DISCO,,,277694004-1,,,CREDIT CARD,6/15/2026 0:00,SPECIALTY,                    ,,,,STANFORD,,,,,,,,,,,,,,,,24,,,,,,,                    ,                    ,0,0,,,1438,6/15/2026 13:27,1,,adrian,6/15/2026 13:26,0,,,,,,,,,,,,,,0,,0,,,,,,,,,,,,,,,,,,,,,,,,,0,,,,,,,,,,0,,,,,,,,,,,,,,,,,,,,,,,,,,,,,,,,,,,,,,,,,,,,,alix@shopalix.com,,,,,,adrian,6/15/2026 13:27,ALIXANDRA COLLECTIONS,,,,,,,,,,,,,,,,,,,,,,,,,,,,,,,,,,,,,,,,,,,,,,,,,,,,,,,,,,,,,,,,,,,,,,,,,,,,
0,235,Closed,6/15/2026 13:16,6/15/2026 13:16,THE HIP EAGLE,,THE HIP EAGLE,Y,                    ,648,0,0,38,686,686,0,0,,,,PREPAY,UPSG,,ELEVATOR DISCO,,,                    ,,,CREDIT CARD,6/15/2026 0:00,SPECIALTY,                    ,,,,STANFORD,,,,,,,,,,,,,,,,18,,,,,151,,                    ,                    ,0,0,,,1796,6/15/2026 13:17,1,,adrian,6/15/2026 13:16,0,,,,,,,,,,,,,,0,,0,,,,,,,,,,,,,,,                                                  ,,,,,,,,,,234,,,,,,,,,,0,,,,,,,,,,,,,,,,,,,,,,,,,,,,,,,,,,,,,,,,,,,,,maggie@thehipeagle.com,,,,,,adrian,6/15/2026 13:17,THE HIP EAGLE,,,,,,,,,,,,,,,,,,,,,,,,,,,,,,,,,,,,,,,,,,,,,,,,,,,,,,,,,,,,,,,,,,,,,,,,,,,,
0,234,Closed,6/15/2026 13:14,6/15/2026 13:14,HannahHannah,HannahHouston,HannahHannah01,Y,,106.61,0,0,0,106.61,106.61,0,0,,,,COD,CITY BUSINESS,                    ,ELEVATOR DISCO,,,6.76111E+12,,,SHOPIFY,6/15/2026 13:14,SHOPIFY,                    ,,,,FORERUNNER,,,,,,,,,,,,,,,,1,,,,,,,                    ,                    ,0,0,,,1795,6/15/2026 13:55,1,,administrator,6/15/2026 13:14,0,,,,,,,,,,,,,,0,,0,,,,,,,,,,,,,,,,,,,,,,,,,0,,,,,,,,,,0,,,,,,,,,,,,,,,,,,,,,,,,,,,,,,,,,,,,,,,,,,,,,hannahchouston@gmail.com,,,,,,administrator,6/15/2026 13:55,Hannah Hannah,,,,,,,,,,,,,,,,,,,,,,,,,,,,,,,,,,,,,,,,,,,,,,,,,,,,,,,,,,,,,,,,,,,,,,,,,,,,
0,233,Closed,6/12/2026 14:00,6/12/2026 14:00,MAC ME,MAC ME,MAC ME,Y,                    ,1572,0,0,42,1614,1614,0,0,,,,PREPAY,                    ,,ELEVATOR DISCO,,,278807209-1,,,CREDIT CARD,6/12/2026 0:00,SPECIALTY,                    ,,,,STANFORD,,,,,,,,,,,,,,,,60,,,,,,,                    ,                    ,0,0,,,1462,6/12/2026 14:06,1,,adrian,6/12/2026 14:01,0,,,,,,,,,,,,,,0,,0,,,,,,,,,,,,,,,,,,,,,,,,,0,,,,,,,,,,0,,,,,,,,,,,,,,,,,,,,,,,,,,,,,,,,,,,,,,,,,,,,,shopmacandme@gmail.com,,,,,,adrian,6/12/2026 14:06,MAC & ME COVINGTON,,,,,,,,,,,,,,,,,,,,,,,,,,,,,,,,,,,,,,,,,,,,,,,,,,,,,,,,,,,,,,,,,,,,,,,,,,,,
0,232,Closed,6/12/2026 10:51,6/12/2026 10:51,THE PREPPY PALM,THE PREPPY PALM,THE PREPPY PALM,Y,                    ,1398,0,0,71.4,1469.4,1469.4,0,0,,,,PREPAY,UPSG,,ELEVATOR DISCO,,,269816803-1,,,CREDIT CARD,6/12/2026 0:00,SPECIALTY,                    ,,,,STANFORD,,,,,,,,,,,,,,,,54,,,,,150,,SALES,                    ,0.13,0,,,1417,6/12/2026 10:59,2,,mike,6/12/2026 10:53,0,,,,,,,,,,,,,,0,,0,,,,,,,,,,,,,,,                                                  ,,,,,,,,,,75,,,,,,,,,,0,,,,,,,,,,,,,,,,,,,,,,,,,,,,,,,,,,,,,,,,,,,,,thepreppypalm@aol.com,,,,,,mike,6/12/2026 10:59,THE PREPPY PALM,,,,,,,,,,,,,,,,,,,,,,,,,,,,,,,,,,,,,,,,,,,,,,,,,,,,,,,,,,,,,,,,,,,,,,,,,,,,
0,231,Open,6/11/2026 20:37,7/26/2026 0:00,LULUS,LULU'S BILLING,LULUS,Y,                    ,4120,0,0,0,4120,,,,,,,NET45,CITY BUSINESS,                    ,FREESIA,,,224363,,,ACH,,PRIVATE LABEL,                    ,,,,STANFORD,,,,,,,,,,,,,,,,206,,,,,,,                    ,                    ,0,0,,,199,6/22/2026 10:34,3,,mike,6/11/2026 20:37,0,,,,,,,,,,,,,,0,,0,,,,,,,,,,,,,,,,,,,,,,,,,0,,,,,,,,,,4120,,,,,,,,,,,,,,,,,,,,,,,,,,,,,,,,,,,,,,,,,,,,,ORDERS@LULUS.COM,,,,,,mike,6/22/2026 10:34,LULU'S FASHION LOUNGE,,,,,,,,,,,,,,,,,,,,,,,,,,,,,,,,,,,,,,,,,,,,,,,,,,,,,,,,,,,,,,,,,,,,,,,,,,,,
0,230,Open,6/11/2026 20:32,7/26/2026 0:00,LULUS,LULU'S BILLING,LULUS,Y,                    ,4662.4,0,0,0,4662.4,,,,,,,NET45,CITY BUSINESS,                    ,FREESIA,,,223976,,,ACH,,PRIVATE LABEL,                    ,,,,STANFORD,,,,,,,,,,,,,,,,248,,,,,,,                    ,                    ,0,0,,,189,6/22/2026 10:39,3,,mike,6/11/2026 20:32,0,,,,,,,,,,,,,,0,,0,,,,,,,,,,,,,,,,,,,,,,,,,0,,,,,,,,,,4662.4,,,,,,,,,,,,,,,,,,,,,,,,,,,,,,,,,,,,,,,,,,,,,ORDERS@LULUS.COM,,,,,,mike,6/22/2026 10:39,LULU'S FASHION LOUNGE,,,,,,,,,,,,,,,,,,,,,,,,,,,,,,,,,,,,,,,,,,,,,,,,,,,,,,,,,,,,,,,,,,,,,,,,,,,,
0,229,Open,6/11/2026 20:25,7/26/2026 0:00,LULUS,LULU'S BILLING,LULUS,Y,                    ,17493,0,0,0,17493,,,,,,,NET45,CITY BUSINESS,                    ,FREESIA,,,223632,,,ACH,,PRIVATE LABEL,                    ,,,,STANFORD,,,,,,,,,,,,,,,,686,,,,,,,                    ,                    ,0,0,,,183,6/22/2026 10:41,2,,mike,6/11/2026 20:26,0,,,,,,,,,,,,,,0,,0,,,,,,,,,,,,,,,,,,,,,,,,,0,,,,,,,,,,17493,,,,,,,,,,,,,,,,,,,,,,,,,,,,,,,,,,,,,,,,,,,,,ORDERS@LULUS.COM,,,,,,mike,6/22/2026 10:41,LULU'S FASHION LOUNGE,,,,,,,,,,,,,,,,,,,,,,,,,,,,,,,,,,,,,,,,,,,,,,,,,,,,,,,,,,,,,,,,,,,,,,,,,,,,
0,228,Closed,6/11/2026 17:28,6/11/2026 17:28,CAPRI COLLECTIVES,CAPRI COLLECTIVES,CAPRI COLLECTIVES,Y,                    ,2658,0,0,98,2756,2756,0,0,,,,                    ,UPSG,,ELEVATOR DISCO,,,261542002-1,,,                    ,6/11/2026 0:00,SPECIALTY,                    ,,,,STANFORD,,,,,,,,,,,,,,,,102,,,,,139,,                    ,                    ,0,0,,,1398,6/11/2026 17:29,1,,adrian,6/11/2026 17:28,0,,,,,,,,,,,,,,0,,0,,,,,,,,,,,,,,,                                                  ,,,,,,,,,,202,,,,,,,,,,0,,,,,,,,,,,,,,,,,,,,,,,,,,,,,,,,,,,,,,,,,,,,,info@capricollectives.com,,,,,,adrian,6/11/2026 17:29,CAPRI COLLECTIVES,,,,,,,,,,,,,,,,,,,,,,,,,,,,,,,,,,,,,,,,,,,,,,,,,,,,,,,,,,,,,,,,,,,,,,,,,,,,
0,227,Closed,6/11/2026 14:16,6/11/2026 14:16,HAZEL GREY BOUTIQUE,HAZEL GREY BOUTIQUE,HAZEL GREY BOUTIQUE,Y,                    ,312,0,0,15.8,327.8,327.8,0,0,,,,PREPAY,UPSG,,ELEVATOR DISCO,,,263094839-1,,,CREDIT CARD,6/11/2026 0:00,SPECIALTY,                    ,,,,STANFORD,,,,,,,,,,,,,,,,12,,,,,96,,                    ,                    ,0,0,,,1408,6/11/2026 14:31,2,,adrian,6/11/2026 14:17,0,,,,,,,,,,,,,,0,,0,,,,,,,,,,,,,,,1ZX016D80313722032,,,,,,,,,,71,,,,,,,,,,0,,,,,,,,,,,,,,,,,,,,,,,,,,,,,,,,,,,,,,,,,,,,,kelly.vigliotti7@gmail.com,,,,,,adrian,6/11/2026 14:31,HAZEL GREY BOUTIQUE,,,,,,,,,,,,,,,,,,,,,,,,,,,,,,,,,,,,,,,,,,,,,,,,,,,,,,,,,,,,,,,,,,,,,,,,,,,,
0,226,Open,6/9/2026 0:00,8/8/2026 0:00,BLOOMINGDALES,,BLOOMINGDALES,Y,                    ,417.12,0,0,0,417.12,,,,,,,NET60,                    ,                    ,ELEVATOR DISCO,,,6469117,,,WIRE,,MAJOR,                    ,,,,STANFORD,,,,,,,,,,,,,,,,16,,,,,,STORE,                    ,                    ,0,0,,,1627,6/22/2026 15:23,1,,adrian,6/11/2026 10:11,0,,,,,,,,,,,,,,0,,0,,,,,,,,,,,,,,,,,,,,,,,,,0,,,,,,,,,,417.12,,,,,,,,,,,,,,,,,,,,,,,,,,,,,,,,,,,,,,,,,,,,,,,,,,,adrian,6/22/2026 15:23,BLOOMINGDALE'S,,,,,,,,,,,,,,,,,,,,,,,,,,,,,,,,,,,,,,,,,,,,,,,,,,,,,,,,,,,,,,,,,,,,,,,,,,,,
0,225,Open,6/9/2026 0:00,8/8/2026 0:00,BLOOMINGDALES,,BLOOMINGDALES,Y,                    ,417.12,0,0,0,417.12,,,,,,,NET60,                    ,                    ,ELEVATOR DISCO,,,6469117,,,WIRE,,MAJOR,                    ,,,,STANFORD,,,,,,,,,,,,,,,,16,,,,,,STORE,                    ,                    ,0,0,,,1627,6/22/2026 15:22,1,,adrian,6/11/2026 10:10,0,,,,,,,,,,,,,,0,,0,,,,,,,,,,,,,,,,,,,,,,,,,0,,,,,,,,,,417.12,,,,,,,,,,,,,,,,,,,,,,,,,,,,,,,,,,,,,,,,,,,,,,,,,,,adrian,6/22/2026 15:22,BLOOMINGDALE'S,,,,,,,,,,,,,,,,,,,,,,,,,,,,,,,,,,,,,,,,,,,,,,,,,,,,,,,,,,,,,,,,,,,,,,,,,,,,
0,224,Open,6/9/2026 0:00,8/8/2026 0:00,BLOOMINGDALES,,BLOOMINGDALES,Y,                    ,417.12,0,0,0,417.12,,,,,,,NET60,                    ,                    ,ELEVATOR DISCO,,,6469117,,,WIRE,,MAJOR,                    ,,,,STANFORD,,,,,,,,,,,,,,,,16,,,,,,STORE,                    ,                    ,0,0,,,1627,6/22/2026 15:22,1,,adrian,6/11/2026 10:09,0,,,,,,,,,,,,,,0,,0,,,,,,,,,,,,,,,,,,,,,,,,,0,,,,,,,,,,417.12,,,,,,,,,,,,,,,,,,,,,,,,,,,,,,,,,,,,,,,,,,,,,,,,,,,adrian,6/22/2026 15:22,BLOOMINGDALE'S,,,,,,,,,,,,,,,,,,,,,,,,,,,,,,,,,,,,,,,,,,,,,,,,,,,,,,,,,,,,,,,,,,,,,,,,,,,,
0,223,Open,6/9/2026 0:00,8/8/2026 0:00,BLOOMINGDALES,,BLOOMINGDALES,Y,                    ,521.4,0,0,0,521.4,,,,,,,NET60,                    ,                    ,ELEVATOR DISCO,,,6469117,,,WIRE,,MAJOR,                    ,,,,STANFORD,,,,,,,,,,,,,,,,20,,,,,,STORE,                    ,                    ,0,0,,,1627,6/22/2026 15:20,1,,adrian,6/11/2026 10:07,0,,,,,,,,,,,,,,0,,0,,,,,,,,,,,,,,,,,,,,,,,,,0,,,,,,,,,,521.4,,,,,,,,,,,,,,,,,,,,,,,,,,,,,,,,,,,,,,,,,,,,,,,,,,,adrian,6/22/2026 15:20,BLOOMINGDALE'S,,,,,,,,,,,,,,,,,,,,,,,,,,,,,,,,,,,,,,,,,,,,,,,,,,,,,,,,,,,,,,,,,,,,,,,,,,,,
0,222,Open,6/9/2026 0:00,8/8/2026 0:00,BLOOMINGDALES,,BLOOMINGDALES,Y,                    ,417.12,0,0,0,417.12,,,,,,,NET60,                    ,                    ,ELEVATOR DISCO,,,6469117,,,WIRE,,MAJOR,                    ,,,,STANFORD,,,,,,,,,,,,,,,,16,,,,,,STORE,                    ,                    ,0,0,,,1627,6/22/2026 15:19,1,,adrian,6/11/2026 10:06,0,,,,,,,,,,,,,,0,,0,,,,,,,,,,,,,,,,,,,,,,,,,0,,,,,,,,,,417.12,,,,,,,,,,,,,,,,,,,,,,,,,,,,,,,,,,,,,,,,,,,,,,,,,,,adrian,6/22/2026 15:19,BLOOMINGDALE'S,,,,,,,,,,,,,,,,,,,,,,,,,,,,,,,,,,,,,,,,,,,,,,,,,,,,,,,,,,,,,,,,,,,,,,,,,,,,
0,221,Open,6/9/2026 0:00,8/8/2026 0:00,BLOOMINGDALES,,BLOOMINGDALES,Y,                    ,417.12,0,0,0,417.12,,,,,,,NET60,                    ,                    ,ELEVATOR DISCO,,,6469117,,,WIRE,,MAJOR,                    ,,,,STANFORD,,,,,,,,,,,,,,,,16,,,,,,STORE,                    ,                    ,0,0,,,1627,6/22/2026 15:18,1,,adrian,6/11/2026 10:05,0,,,,,,,,,,,,,,0,,0,,,,,,,,,,,,,,,,,,,,,,,,,0,,,,,,,,,,417.12,,,,,,,,,,,,,,,,,,,,,,,,,,,,,,,,,,,,,,,,,,,,,,,,,,,adrian,6/22/2026 15:18,BLOOMINGDALE'S,,,,,,,,,,,,,,,,,,,,,,,,,,,,,,,,,,,,,,,,,,,,,,,,,,,,,,,,,,,,,,,,,,,,,,,,,,,,
0,220,Open,6/9/2026 0:00,8/8/2026 0:00,BLOOMINGDALES,,BLOOMINGDALES,Y,                    ,417.12,0,0,0,417.12,,,,,,,NET60,                    ,                    ,ELEVATOR DISCO,,,6469117,,,WIRE,,MAJOR,                    ,,,,STANFORD,,,,,,,,,,,,,,,,16,,,,,,STORE,                    ,                    ,0,0,,,1627,6/22/2026 15:17,1,,adrian,6/11/2026 10:04,0,,,,,,,,,,,,,,0,,0,,,,,,,,,,,,,,,,,,,,,,,,,0,,,,,,,,,,417.12,,,,,,,,,,,,,,,,,,,,,,,,,,,,,,,,,,,,,,,,,,,,,,,,,,,adrian,6/22/2026 15:17,BLOOMINGDALE'S,,,,,,,,,,,,,,,,,,,,,,,,,,,,,,,,,,,,,,,,,,,,,,,,,,,,,,,,,,,,,,,,,,,,,,,,,,,,
0,212,Open,6/9/2026 0:00,8/8/2026 0:00,BLOOMINGDALES,                    ,231,Y,                    ,6406.4,0,0,0,6406.4,,,,,,,NET60,                    ,,ELEVATOR DISCO,,,6077847,,,WIRE,,MAJOR,                    ,,,,STANFORD,,,,,,,,,,,,,,,,260,,,,,,,                    ,                    ,0,0,,,1390,6/22/2026 15:06,1,,adrian,6/11/2026 9:18,0,,,,,,,,,,,,,,0,,0,,,,,,,,,,,,,,,,,,,,,,,,,0,,,,,,,,,,6406.4,,,,,,,,,,,,,,,,,,,,,,,,,,,,,,,,,,,,,,,,,,,,,,,,,,,adrian,6/22/2026 15:06,BLOOMINGDALE'S,,,,,,,,,,,,,,,,,,,,,,,,,,,,,,,,,,,,,,,,,,,,,,,,,,,,,,,,,,,,,,,,,,,,,,,,,,,,
0,211,Closed,6/10/2026 17:52,6/10/2026 17:52,BROOKLYN BLVD,                    ,BROOKLYN BLVD,Y,                    ,312,0,0,0,312,312,0,0,,,,PREPAY,                    ,,ELEVATOR DISCO,,,292689371-1,,,CREDIT CARD,6/10/2026 0:00,SPECIALTY,                    ,,,,STANFORD,,,,,,,,,,,,,,,,12,,,,,,,                    ,                    ,0,0,,,1655,6/10/2026 17:53,1,,adrian,6/10/2026 17:52,0,,,,,,,,,,,,,,0,,0,,,,,,,,,,,,,,,,,,,,,,,,,0,,,,,,,,,,0,,,,,,,,,,,,,,,,,,,,,,,,,,,,,,,,,,,,,,,,,,,,,info@brooklynboulevard.com,,,,,,adrian,6/10/2026 17:53,BROOKLYN BLVD,,,,,,,,,,,,,,,,,,,,,,,,,,,,,,,,,,,,,,,,,,,,,,,,,,,,,,,,,,,,,,,,,,,,,,,,,,,,
0,210,Closed,6/10/2026 17:46,6/10/2026 17:46,BROOKLYN BLVD,BROOKLYN BLVD,BROOKLYN BLVD,Y,                    ,168,0,0,0,168,168,0,0,,,,PREPAY,                    ,,ELEVATOR DISCO,,,230171877-2,,,CREDIT CARD,6/10/2026 0:00,SPECIALTY,                    ,,,,STANFORD,,,,,,,,,,,,,,,,6,,,,,,,                    ,                    ,0,0,,,1421,6/10/2026 17:53,1,,adrian,6/10/2026 17:46,0,,,,,,,,,,,,,,0,,0,,,,,,,,,,,,,,,,,,,,,,,,,0,,,,,,,,,,0,,,,,,,,,,,,,,,,,,,,,,,,,,,,,,,,,,,,,,,,,,,,,info@brooklynboulevard.com,,,,,,adrian,6/10/2026 17:53,BROOKLYN BLVD,,,,,,,,,,,,,,,,,,,,,,,,,,,,,,,,,,,,,,,,,,,,,,,,,,,,,,,,,,,,,,,,,,,,,,,,,,,,
0,209,Closed,6/10/2026 17:21,6/10/2026 0:00,GOOD JEANS,GOOD JEANS,GOOD JEANS,Y,                    ,126,0,0,0,126,126,0,0,,,,                    ,                    ,,ELEVATOR DISCO,,,278816659-1,,,                    ,6/10/2026 0:00,SPECIALTY,                    ,,,,STANFORD,,,,,,,,,,,,,,,,6,,,,,,,                    ,                    ,0,0,,,1456,6/10/2026 17:26,1,,adrian,6/10/2026 17:21,0,,,,,,,,,,,,,,0,,0,,,,,,,,,,,,,,,,,,,,,,,,,0,,,,,,,,,,0,,,,,,,,,,,,,,,,,,,,,,,,,,,,,,,,,,,,,,,,,,,,,goodjeanscabot@gmail.com,,,,,,adrian,6/10/2026 17:26,GOOD JEANS BY WARD AND TAYLOR,,,,,,,,,,,,,,,,,,,,,,,,,,,,,,,,,,,,,,,,,,,,,,,,,,,,,,,,,,,,,,,,,,,,,,,,,,,,
0,208,Closed,6/10/2026 17:20,6/10/2026 17:20,GOOD JEANS,GOOD JEANS,GOOD JEANS,Y,                    ,126,0,0,26,152,152,0,0,,,,PREPAY,UPSG,,ELEVATOR DISCO,,,278816659-2,,,CREDIT CARD,6/10/2026 0:00,SPECIALTY,                    ,,,,STANFORD,,,,,,,,,,,,,,,,6,,,,,,,                    ,                    ,0,0,,,1455,6/10/2026 17:27,1,,adrian,6/10/2026 17:20,0,,,,,,,,,,,,,,0,,0,,,,,,,,,,,,,,,,,,,,,,,,,0,,,,,,,,,,0,,,,,,,,,,,,,,,,,,,,,,,,,,,,,,,,,,,,,,,,,,,,,goodjeanscabot@gmail.com,,,,,,adrian,6/10/2026 17:27,GOOD JEANS BY WARD AND TAYLOR,,,,,,,,,,,,,,,,,,,,,,,,,,,,,,,,,,,,,,,,,,,,,,,,,,,,,,,,,,,,,,,,,,,,,,,,,,,,
0,206,Closed,6/10/2026 16:22,6/10/2026 16:22,BROOKLYN BLVD,BROOKLYN BLVD,BROOKLYN BLVD,Y,                    ,936,0,0,35.86,971.86,971.86,0,0,,,,PREPAY,UPSG,,ELEVATOR DISCO,,,263793818-1,,,CREDIT CARD,6/10/2026 0:00,SPECIALTY,                    ,,,,STANFORD,,,,,,,,,,,,,,,,36,,,,,135,,                    ,                    ,0,0,,,1415,6/10/2026 17:50,4,,mike,6/10/2026 16:22,0,,,,,,,,,,,,,,0,,0,,,,,,,,,,,,,,,1ZX016D80336485934,,,,,,,,,,74,,,,,,,,,,0,,,,,,,,,,,,,,,,,,,,,,,,,,,,,,,,,,,,,,,,,,,,,info@brooklynboulevard.com,,,,,,mike,6/10/2026 17:50,BROOKLYN BLVD,,,,,,,,,,,,,,,,,,,,,,,,,,,,,,,,,,,,,,,,,,,,,,,,,,,,,,,,,,,,,,,,,,,,,,,,,,,,
0,205,Closed,6/10/2026 16:02,6/10/2026 16:02,BARDOT,BARDOT,BARDOT,Y,                    ,636,0,0,17.05,653.05,653.05,0,0,,,,PREPAY,UPSG,,ELEVATOR DISCO,,,279017382-1,,,CREDIT CARD,6/10/2026 0:00,SPECIALTY,                    ,,,,STANFORD,,,,,,,,,,,,,,,,24,,,,,93,,                    ,                    ,0,0,,,1452,6/10/2026 17:54,3,,mike,6/10/2026 16:03,0,,,,,,,,,,,,,,0,,0,,,,,,,,,,,,,,,1ZX016D80337771588,,,,,,,,,,92,,,,,,,,,,0,,,,,,,,,,,,,,,,,,,,,,,,,,,,,,,,,,,,,,,,,,,,,bardotx2023@gmail.com,,,,,,mike,6/10/2026 17:54,BARDOT,,,,,,,,,,,,,,,,,,,,,,,,,,,,,,,,,,,,,,,,,,,,,,,,,,,,,,,,,,,,,,,,,,,,,,,,,,,,
0,204,Open,6/4/2026 0:00,7/19/2026 0:00,LULUS,                    ,LULUS,Y,                    ,4120,0,0,0,4120,,,,,,,NET45,                    ,                    ,FREESIA,,,223810,,,WIRE,,PRIVATE LABEL,                    ,,,,STANFORD,,,,,,,,,,,,,,,,206,,,,,,,                    ,                    ,0,0,,,186,6/22/2026 10:41,1,,adrian,6/10/2026 16:01,0,,,,,,,,,,,,,,0,,0,,,,,,,,,,,,,,,,,,,,,,,,,0,,,,,,,,,,4120,,,,,,,,,,,,,,,,,,,,,,,,,,,,,,,,,,,,,,,,,,,,,ORDERS@LULUS.COM,,,,,,adrian,6/22/2026 10:41,LULU'S FASHION LOUNGE,,,,,,,,,,,,,,,,,,,,,,,,,,,,,,,,,,,,,,,,,,,,,,,,,,,,,,,,,,,,,,,,,,,,,,,,,,,,
0,202,Open,6/4/2026 0:00,7/19/2026 0:00,LULUS,                    ,LULUS,Y,                    ,4560,0,0,0,4560,,,,,,,NET45,                    ,                    ,FREESIA,,,223590,,,WIRE,,PRIVATE LABEL,                    ,,,,STANFORD,,,,,,,,,,,,,,,,285,,,,,,,                    ,                    ,0,0,,,182,6/22/2026 10:43,1,,adrian,6/10/2026 15:56,0,,,,,,,,,,,,,,0,,0,,,,,,,,,,,,,,,,,,,,,,,,,0,,,,,,,,,,4560,,,,,,,,,,,,,,,,,,,,,,,,,,,,,,,,,,,,,,,,,,,,,ORDERS@LULUS.COM,,,,,,adrian,6/22/2026 10:43,LULU'S FASHION LOUNGE,,,,,,,,,,,,,,,,,,,,,,,,,,,,,,,,,,,,,,,,,,,,,,,,,,,,,,,,,,,,,,,,,,,,,,,,,,,,
0,201,Closed,6/10/2026 11:57,6/10/2026 11:57,NANI ROSE BOUTIQUE,                    ,NANI ROSE BOUTIQUE,Y,                    ,420,0,0,16,436,436,0,0,,,,                    ,UPSG,,ELEVATOR DISCO,,,292029697-1,,,                    ,6/10/2026 0:00,SPECIALTY,                    ,,,,STANFORD,,,,,,,,,,,,,,,,18,,,,,144,,                    ,                    ,0,0,,,1389,6/29/2026 9:40,3,,adrian,6/10/2026 11:57,0,,,,,,,,,,,,,,0,,0,,,,,,,,,,,,,,,1ZX016D80345414645,,,,,,,,,,64,,,,,,,,,,0,,,,,,,,,,,,,,,,,,,,,,,,,,,,,,,,,,,,,,,,,,,,,,,,,,,adrian,6/29/2026 9:40,NANI ROSE BOUTIQUE,,,,,,,,,,,,,,,,,,,,,,,,,,,,,,,,,,,,,,,,,,,,,,,,,,,,,,,,,,,,,,,,,,,,,,,,,,,,
0,200,Closed,6/10/2026 11:44,6/10/2026 11:44,EasynSecrist,EasynSecrist,EasynSecrist01,Y,,109.3,0,0,0,109.3,109.3,0,0,,,,COD,CITY BUSINESS,                    ,ELEVATOR DISCO,,,6.75371E+12,,,SHOPIFY,6/10/2026 11:44,SHOPIFY,                    ,,,,FORERUNNER,,,,,,,,,,,,,,,,1,,,,,,,                    ,                    ,0,0,,,1776,6/10/2026 11:44,,,administrator,6/10/2026 11:44,0,,,,,,,,,,,,,,0,,0,,,,,,,,,,,,,,,,,,,,,,,,,0,,,,,,,,,,0,,,,,,,,,,,,,,,,,,,,,,,,,,,,,,,,,,,,,,,,,,,,,easyn05@icloud.com,,,,,,administrator,,Easyn Secrist,,,,,,,,,,,,,,,,,,,,,,,,,,,,,,,,,,,,,,,,,,,,,,,,,,,,,,,,,,,,,,,,,,,,,,,,,,,,
0,199,Closed,6/10/2026 11:00,6/10/2026 11:00,AVE LIV,AVE LIV,AVE LIV,Y,                    ,840,0,0,38,878,878,0,0,,,,                    ,UPSG,,ELEVATOR DISCO,,,281259024-1,,,CREDIT CARD,6/10/2026 0:00,SPECIALTY,                    ,,,,STANFORD,,,,,,,,,,,,,,,,24,,,,,148,,                    ,                    ,0,0,,,1515,6/10/2026 15:00,1,,adrian,6/10/2026 11:00,0,,,,,,,,,,,,,,0,,0,,,,,,,,,,,,,,,1ZX016D80345316224,,,,,,,,,,212,,,,,,,,,,0,,,,,,,,,,,,,,,,,,,,,,,,,,,,,,,,,,,,,,,,,,,,,aveandlivvie@gmail.com,,,,,,adrian,6/10/2026 15:00,MELISSA TAYLOR,,,,,,,,,,,,,,,,,,,,,,,,,,,,,,,,,,,,,,,,,,,,,,,,,,,,,,,,,,,,,,,,,,,,,,,,,,,,
0,197,Closed,6/9/2026 11:44,6/9/2026 11:44,AbigailConca,AbigailCohen,AbigailConca01,Y,                    ,99.84,0,0,0,99.84,99.84,0,0,,,,PREPAY,UPSG,                    ,ELEVATOR DISCO,,,6.75132E+12,,,SHOPIFY,6/9/2026 11:44,SHOPIFY,                    ,,,,STANFORD,,,,,,,,,,,,,,,,1,,,,,,,                    ,                    ,0,0,,,1775,6/9/2026 11:44,,,administrator,6/9/2026 11:44,0,,,,,,,,,,,,,,0,,0,,,,,,,,,,,,,,,,,,,,,,,,,0,,,,,,,,,,0,,,,,,,,,,,,,,,,,,,,,,,,,,,,,,,,,,,,,,,,,,,,,abby.cohen1318@gmail.com,,,,,,administrator,,Abigail Conca,,,,,,,,,,,,,,,,,,,,,,,,,,,,,,,,,,,,,,,,,,,,,,,,,,,,,,,,,,,,,,,,,,,,,,,,,,,,
0,196,Closed,6/9/2026 11:04,6/9/2026 11:04,SPLASH,SPLASH,SPLASH,Y,                    ,384,0,0,0,384,384,0,0,,,,COD,UPSG,,ELEVATOR DISCO,,,269865040-2,,,CREDIT CARD,6/9/2026 0:00,SPECIALTY,                    ,,,,STANFORD,,,,,,,,,,,,,,,,12,,,,,146,,                    ,                    ,0.13,0,,,1443,6/10/2026 14:48,3,,mike,6/9/2026 11:05,0,,,,,,,,,,,,,,0,,0,,,,,,,,,,,,,,,                                                  ,,,,,,,,,,211,,,,,,,,,,0,,,,,,,,,,,,,,,,,,,,,,,,,,,,,,,,,,,,,,,,,,,,,joni@splashtribe.com,,,,,,mike,6/10/2026 14:48,SPLASH,,,,,,,,,,,,,,,,,,,,,,,,,,,,,,,,,,,,,,,,,,,,,,,,,,,,,,,,,,,,,,,,,,,,,,,,,,,,
0,194,Closed,6/8/2026 16:49,6/8/2026 16:49,BriannaRobinsonBeck,BriannaRobinsonBec,BriannaRobinsonBec01,Y,                    ,99.84,0,0,0,99.84,99.84,0,0,,,,PREPAY,UPSG,                    ,ELEVATOR DISCO,,,6.74705E+12,,,SHOPIFY,6/8/2026 16:49,SHOPIFY,                    ,,,,STANFORD,,,,,,,,,,,,,,,,1,,,,,,,                    ,                    ,0,0,,,1774,6/8/2026 16:49,,,administrator,6/8/2026 16:49,0,,,,,,,,,,,,,,0,,0,,,,,,,,,,,,,,,,,,,,,,,,,0,,,,,,,,,,0,,,,,,,,,,,,,,,,,,,,,,,,,,,,,,,,,,,,,,,,,,,,,brirobbeck@gmail.com,,,,,,administrator,,Brianna Robinson Beck,,,,,,,,,,,,,,,,,,,,,,,,,,,,,,,,,,,,,,,,,,,,,,,,,,,,,,,,,,,,,,,,,,,,,,,,,,,,
0,193,Open,6/5/2026 19:35,6/15/2026 0:00,CLEMENTE BOUTIQUE,CLEMENTE BOUTIQUE,CLEMENTE BOUTIQUE,Y,                    ,966,0,0,0,966,,,,,,,COD,,,ELEVATOR DISCO,,,271768120-1,,,CREDIT CARD,,SPECIALTY,                    ,,,,STANFORD,,,,,,,,,,,,,,,,30,,,,,,local delivery,                    ,                    ,0,0,,,1434,6/9/2026 17:40,2,,mike,6/5/2026 19:36,0,,,,,,,,,,,,,,0,,0,,,,,,,,,,,,,,,,,,,,,,,,,0,,,,,,,,,,966,,,,,,,,,,,,,,,,,,,,,,,,,,,,,,,,,,,,,,,,,,,,,pedrodlcg12@hotmail.com,,,,,,mike,6/9/2026 17:40,CLEMENTE BOUTIQUE,,,,,,,,,,,,,,,,,,,,,,,,,,,,,,,,,,,,,,,,,,,,,,,,,,,,,,,,,,,,,,,,,,,,,,,,,,,,
0,192,Closed,6/5/2026 15:38,6/5/2026 15:38,MALIBU FRIDAY,MALIBU FRIDAY,MALIBU FRIDAY,Y,                    ,1146,0,0,36.97,1182.97,1182.97,0,0,,,,COD,UPSG,,ELEVATOR DISCO,,,272355723-1,,,CREDIT CARD,6/5/2026 0:00,SPECIALTY,                    ,,,,STANFORD,,,,,,,,,,,,,,,,42,,,,,127,,                    ,                    ,0,0,,,1431,6/5/2026 16:05,2,,mike,6/5/2026 15:38,0,,,,,,,,,,,,,,0,,0,,,,,,,,,,,,,,,1ZX016D80326464841,,,,,,,,,,82,,,,,,,,,,0,,,,,,,,,,,,,,,,,,,,,,,,,,,,,,,,,,,,,,,,,,,,,info@shopmalibufriday.com,,,,,,mike,6/5/2026 16:05,MALIBU FRIDAY,,,,,,,,,,,,,,,,,,,,,,,,,,,,,,,,,,,,,,,,,,,,,,,,,,,,,,,,,,,,,,,,,,,,,,,,,,,,
0,191,Closed,6/5/2026 14:08,6/5/2026 14:08,ALDEN ROSE,ALDEN ROSE,ALDEN ROSE,Y,                    ,468,0,0,0,468,468,0,0,,,,COD,,,ELEVATOR DISCO,,,278813972-1,,,CREDIT CARD,6/8/2026 0:00,SPECIALTY,                    ,,,,STANFORD,,,,,,,,,,,,,,,,18,,,,,,PO#278813972-1,                    ,                    ,0,0,,,1440,6/10/2026 15:37,2,,mike,6/5/2026 14:08,0,,,,,,,,,,,,,,0,,0,,,,,,,,,,,,,,,,,,,,,,,,,0,,,,,,,,,,0,,,,,,,,,,,,,,,,,,,,,,,,,,,,,,,,,,,,,,,,,,,,,klarisa.buckley@gmail.com,,,,,,mike,6/10/2026 15:37,ALDEN ROSE,,,,,,,,,,,,,,,,,,,,,,,,,,,,,,,,,,,,,,,,,,,,,,,,,,,,,,,,,,,,,,,,,,,,,,,,,,,,
0,190,Open,6/8/2026 0:00,8/7/2026 0:00,BLOOMINGDALES,,231,Y,                    ,3437,0,0,0,3437,,,,,,,NET60,                    ,                    ,ELEVATOR DISCO,,,6469139,,,WIRE,,MAJOR,                    ,,,,STANFORD,,,,,,,,,,,,,,,,140,,,,,,,                    ,                    ,0,0,,,1626,6/22/2026 15:13,1,,adrian,6/5/2026 11:05,0,,,,,,,,,,,,,,0,,0,,,,,,,,,,,,,,,,,,,,,,,,,0,,,,,,,,,,3437,,,,,,,,,,,,,,,,,,,,,,,,,,,,,,,,,,,,,,,,,,,,,,,,,,,adrian,6/22/2026 15:13,BLOOMINGDALE'S,,,,,,,,,,,,,,,,,,,,,,,,,,,,,,,,,,,,,,,,,,,,,,,,,,,,,,,,,,,,,,,,,,,,,,,,,,,,
0,189,Closed,6/5/2026 0:21,6/5/2026 0:21,SASSY STYLES,SASSY STYLES,SASSY STYLES,Y,                    ,1830,0,0,58.77,1888.77,1888.77,0,0,,,,COD,UPSG,,ELEVATOR DISCO,,,263775120-1,,,CREDIT CARD,6/5/2026 0:00,SPECIALTY,                    ,,,,STANFORD,,,,,,,,,,,,,,,,54,,,,,138,,                    ,                    ,0,0,,,1410,6/10/2026 14:45,3,,mike,6/5/2026 0:22,0,,,,,,,,,,,,,,0,,0,,,,,,,,,,,,,,,1ZX016D80324124560,,,,,,,,,,199,,,,,,,,,,0,,,,,,,,,,,,,,,,,,,,,,,,,,,,,,,,,,,,,,,,,,,,,wanettaparag@gmail.com,,,,,,mike,6/10/2026 14:45,SASSY STYLES,,,,,,,,,,,,,,,,,,,,,,,,,,,,,,,,,,,,,,,,,,,,,,,,,,,,,,,,,,,,,,,,,,,,,,,,,,,,
0,188,Closed,6/5/2026 0:01,6/5/2026 0:01,ALDEN ROSE,ALDEN ROSE,ALDEN ROSE,Y,                    ,468,0,0,19.71,487.71,487.71,0,0,,,,COD,UPSG,,ELEVATOR DISCO,,,262703737-1,,,CREDIT CARD,6/8/2026 0:00,SPECIALTY,                    ,,,,STANFORD,,,,,,,,,,,,,,,,18,,,,,116,PO#262703737-1,                    ,                    ,0,0,,,1404,6/10/2026 15:37,3,,mike,6/5/2026 0:02,0,,,,,,,,,,,,,,0,,0,,,,,,,,,,,,,,,1ZX016D80310722207,,,,,,,,,,69,,,,,,,,,,0,,,,,,,,,,,,,,,,,,,,,,,,,,,,,,,,,,,,,,,,,,,,,klarisa.buckley@gmail.com,,,,,,mike,6/10/2026 15:37,ALDEN ROSE,,,,,,,,,,,,,,,,,,,,,,,,,,,,,,,,,,,,,,,,,,,,,,,,,,,,,,,,,,,,,,,,,,,,,,,,,,,,
0,187,Closed,6/4/2026 23:46,6/4/2026 23:46,SASSY STYLES,SASSY STYLES,SASSY STYLES,Y,                    ,126,0,0,0,126,126,0,0,,,,COD,UPSG,,ELEVATOR DISCO,,,283324901-1,,,CREDIT CARD,6/5/2026 0:00,SPECIALTY,                    ,,,,STANFORD,,,,,,,,,,,,,,,,6,,,,,,,                    ,                    ,0,0,,,1492,6/10/2026 14:46,3,,mike,6/4/2026 23:47,0,,,,,,,,,,,,,,0,,0,,,,,,,,,,,,,,,,,,,,,,,,,0,,,,,,,,,,0,,,,,,,,,,,,,,,,,,,,,,,,,,,,,,,,,,,,,,,,,,,,,wanettaparag@gmail.com,,,,,,mike,6/10/2026 14:46,SASSY STYLES,,,,,,,,,,,,,,,,,,,,,,,,,,,,,,,,,,,,,,,,,,,,,,,,,,,,,,,,,,,,,,,,,,,,,,,,,,,,
0,186,Closed,6/4/2026 23:13,6/4/2026 23:13,HOUSE OF LUCKY,HOUSEOFLUCKY,HOUSE OF LUCKY,Y,                    ,2016,0,0,52.22,2068.22,2068.22,0,0,,,,COD,UPSG,,ELEVATOR DISCO,,,272268787-1,,,CREDIT CARD,6/5/2026 0:00,SPECIALTY,                    ,,,,STANFORD,,,,,,,,,,,,,,,,72,,,,,122,PO#272268787-1,                    ,                    ,0,0,,,1419,6/10/2026 15:38,5,,mike,6/4/2026 23:13,0,,,,,,,,,,,,,,0,,0,,,,,,,,,,,,,,,1ZX016D80306266218,,,,,,,,,,76,,,,,,,,,,0,,,,,,,,,,,,,,,,,,,,,,,,,,,,,,,,,,,,,,,,,,,,,hello@houseoflucky.com,,,,,,mike,6/10/2026 15:38,HOUSE OF LUCKY,,,,,,,,,,,,,,,,,,,,,,,,,,,,,,,,,,,,,,,,,,,,,,,,,,,,,,,,,,,,,,,,,,,,,,,,,,,,
0,185,Open,6/4/2026 21:57,6/4/2026 21:57,HAUS 131,HAUS 131,HAUS 131,Y,                    ,582,0,0,16.68,598.68,,,,,,,COD,UPSG,,ELEVATOR DISCO,,,278649015-1,,,CREDIT CARD,,SPECIALTY,                    ,,,,STANFORD,,,,,,,,,,,,,,,,24,,,,,124,PO#278649015-1,                    ,                    ,0,0,,,1458,6/4/2026 21:59,1,,mike,6/4/2026 21:57,0,,,,,,,,,,,,,,0,,0,,,,,,,,,,,,,,,1ZX016D80327329414,,,,,,,,,,171,,,,,,,,,,598.68,,,,,,,,,,,,,,,,,,,,,,,,,,,,,,,,,,,,,,,,,,,,,haus131@yahoo.com,,,,,,mike,6/4/2026 21:59,HAUS 131,,,,,,,,,,,,,,,,,,,,,,,,,,,,,,,,,,,,,,,,,,,,,,,,,,,,,,,,,,,,,,,,,,,,,,,,,,,,
0,184,Closed,6/4/2026 18:04,6/4/2026 18:04,THE PRIMROSE SHOP,THE PRIMROSE SHOP,THE PRIMROSE SHOP,Y,                    ,384,0,0,0,384,384,0,0,,,,COD,UPSG,,ELEVATOR DISCO,,,280893426,,,CREDIT CARD,6/8/2026 0:00,SPECIALTY,                    ,,,,STANFORD,,,,,,,,,,,,,,,,12,,,,,134,,                    ,                    ,0,0,,,1477,6/10/2026 15:02,2,,adrian,6/4/2026 18:04,0,,,,,,,,,,,,,,0,,0,,,,,,,,,,,,,,,1ZX016D80335440126,,,,,,,,,,168,,,,,,,,,,0,,,,,,,,,,,,,,,,,,,,,,,,,,,,,,,,,,,,,,,,,,,,,primroseshop@gmail.com,,,,,,mike,6/10/2026 15:02,THE PRIMROSE SHOP,,,,,,,,,,,,,,,,,,,,,,,,,,,,,,,,,,,,,,,,,,,,,,,,,,,,,,,,,,,,,,,,,,,,,,,,,,,,
0,183,Closed,6/4/2026 18:01,6/4/2026 18:01,HAZEL BOUTIQUE,HAZEL BOUTIQUE,HAZEL BOUTIQUE,Y,                    ,6378,0,0,187.1,6565.1,6565.1,0,0,,,,PREPAY,UPSG,,ELEVATOR DISCO,,,266487245-1,,,CREDIT CARD,6/10/2026 0:00,SPECIALTY,                    ,,,,STANFORD,,,,,,,,,,,,,,,,222,,,,,132,PO#266487245-1,                    ,                    ,0.13,0,,,1412,6/10/2026 16:54,4,,mike,6/4/2026 18:03,0,,,,,,,,,,,,,,0,,0,,,,,,,,,,,,,,,1ZX016D80314202235,,,,,,,,,,196,,,,,,,,,,0,,,,,,,,,,,,,,,,,,,,,,,,,,,,,,,,,,,,,,,,,,,,,jenna@hazelboutique.com,,,,,,mike,6/10/2026 16:54,HAZEL BOUTIQUE,,,,,,,,,,,,,,,,,,,,,,,,,,,,,,,,,,,,,,,,,,,,,,,,,,,,,,,,,,,,,,,,,,,,,,,,,,,,
0,182,Closed,6/4/2026 17:54,6/4/2026 17:54,STAXX,STAXX,STAXX,Y,                    ,792,0,0,20.08,812.08,812.08,0,0,,,,                    ,UPSG,,ELEVATOR DISCO,,,277821111-1,,,CREDIT CARD,6/4/2026 0:00,SPECIALTY,                    ,,,,STANFORD,,,,,,,,,,,,,,,,30,,,,,117,,                    ,                    ,0,0,,,1563,6/5/2026 16:04,2,,adrian,6/4/2026 17:54,0,,,,,,,,,,,,,,0,,0,,,,,,,,,,,,,,,1ZX016D80319994194,,,,,,,,,,169,,,,,,,,,,0,,,,,,,,,,,,,,,,,,,,,,,,,,,,,,,,,,,,,,,,,,,,,tarah@shopstaxx.com,,,,,,adrian,6/5/2026 16:04,STAXX,,,,,,,,,,,,,,,,,,,,,,,,,,,,,,,,,,,,,,,,,,,,,,,,,,,,,,,,,,,,,,,,,,,,,,,,,,,,
0,181,Closed,6/4/2026 16:48,6/4/2026 16:48,THE HIP EAGLE,THE HIP EAGLE,THE HIP EAGLE,Y,                    ,5376,0,0,149.13,5525.13,5525.13,0,0,,,,                    ,UPSG,,ELEVATOR DISCO,,,279033929-1,,,CREDIT CARD,6/4/2026 0:00,SPECIALTY,                    ,,,,STANFORD,,,,,,,,,,,,,,,,192,,,,,133,,                    ,                    ,0,0,,,1480,6/16/2026 19:24,5,,adrian,6/4/2026 16:48,0,,,,,,,,,,,,,,0,,0,,,,,,,,,,,,,,,1ZX016D80321707892,,,,,,,,,,197,,,,,,,,,,0,,,,,,,,,,,,,,,,,,,,,,,,,,,,,,,,,,,,,,,,,,,,,maggie@thehipeagle.com,,,,,,adrian,6/16/2026 19:24,THE HIP EAGLE,,,,,,,,,,,,,,,,,,,,,,,,,,,,,,,,,,,,,,,,,,,,,,,,,,,,,,,,,,,,,,,,,,,,,,,,,,,,
0,180,Open,6/4/2026 11:48,8/3/2026 11:48,URBAN OUTFITTERS,,KANSAS,Y,                    ,1316,0,0,0,1316,,,,,,,NET60,UPSG,,ELEVATOR DISCO,,,6777817,,,WIRE,,MAJOR,                    ,,,,STANFORD,,,,,,,,,,,,,,,,28,,,,,131,,                    ,                    ,0,0,,,35,6/4/2026 11:48,,,adrian,6/4/2026 11:48,0,,,,,,,,,,,,,,0,,0,,,,,,,,,,,,,,,1ZX016D80312226222,,,,,,,,,,181,,,,,,,,,,1316,,,,,,,,,,,,,,,,,,,,,,,,,,,,,,,,,,,,,,,,,,,,,,,,,,,adrian,,URBAN OUTFITTERS,,,,,,,,,,,,,,,,,,,,,,,,,,,,,,,,,,,,,,,,,,,,,,,,,,,,,,,,,,,,,,,,,,,,,,,,,,,,
0,179,Open,6/4/2026 11:42,8/3/2026 11:42,URBAN OUTFITTERS,,KANSAS,Y,                    ,1120,0,0,0,1120,,,,,,,NET60,UPSG,,ELEVATOR DISCO,,,6778048,,,WIRE,,MAJOR,                    ,,,,STANFORD,,,,,,,,,,,,,,,,40,,,,,130,,                    ,                    ,0,0,,,48,6/4/2026 11:43,,,adrian,6/4/2026 11:43,0,,,,,,,,,,,,,,0,,0,,,,,,,,,,,,,,,1ZX016D80321318884,,,,,,,,,,195,,,,,,,,,,1120,,,,,,,,,,,,,,,,,,,,,,,,,,,,,,,,,,,,,,,,,,,,,,,,,,,adrian,,URBAN OUTFITTERS,,,,,,,,,,,,,,,,,,,,,,,,,,,,,,,,,,,,,,,,,,,,,,,,,,,,,,,,,,,,,,,,,,,,,,,,,,,,
0,178,Open,6/4/2026 11:35,8/3/2026 11:35,URBAN OUTFITTERS,,KANSAS,Y,                    ,1036,0,0,0,1036,,,,,,,NET60,UPSG,,ELEVATOR DISCO,,,6777941,,,WIRE,,MAJOR,                    ,,,,STANFORD,,,,,,,,,,,,,,,,37,,,,,129,,                    ,                    ,0,0,,,40,6/4/2026 11:35,,,adrian,6/4/2026 11:35,0,,,,,,,,,,,,,,0,,0,,,,,,,,,,,,,,,1ZX016D80324284076,,,,,,,,,,194,,,,,,,,,,1036,,,,,,,,,,,,,,,,,,,,,,,,,,,,,,,,,,,,,,,,,,,,,,,,,,,adrian,,URBAN OUTFITTERS,,,,,,,,,,,,,,,,,,,,,,,,,,,,,,,,,,,,,,,,,,,,,,,,,,,,,,,,,,,,,,,,,,,,,,,,,,,,
0,177,Open,6/4/2026 11:26,8/3/2026 11:26,URBAN OUTFITTERS,,KANSAS,Y,                    ,1152,0,0,0,1152,,,,,,,NET60,UPSG,,ELEVATOR DISCO,,,6777940,,,WIRE,,MAJOR,                    ,,,,STANFORD,,,,,,,,,,,,,,,,32,,,,,128,,                    ,                    ,0,0,,,39,6/4/2026 11:28,,,adrian,6/4/2026 11:26,0,,,,,,,,,,,,,,0,,0,,,,,,,,,,,,,,,1ZX016D80332501057,,,,,,,,,,193,,,,,,,,,,1152,,,,,,,,,,,,,,,,,,,,,,,,,,,,,,,,,,,,,,,,,,,,,,,,,,,adrian,,URBAN OUTFITTERS,,,,,,,,,,,,,,,,,,,,,,,,,,,,,,,,,,,,,,,,,,,,,,,,,,,,,,,,,,,,,,,,,,,,,,,,,,,,
0,176,Closed,6/3/2026 18:41,6/3/2026 18:41,LOVE QUIN,LOVE QUIN,LOVE QUIN,Y,                    ,1794,0,0,53.6,1847.6,1847.6,0,0,,,,                    ,UPSG,,ELEVATOR DISCO,,,281039901-1,,,CREDIT CARD,6/3/2026 0:00,SPECIALTY,                    ,,,,STANFORD,,,,,,,,,,,,,,,,54,,,,,126,,                    ,                    ,0,0,,,1476,6/5/2026 16:10,6,,adrian,6/3/2026 18:41,0,,,,,,,,,,,,,,0,,0,,,,,,,,,,,,,,,1ZX016D80334006839,,,,,,,,,,192,,,,,,,,,,0,,,,,,,,,,,,,,,,,,,,,,,,,,,,,,,,,,,,,,,,,,,,,shoplovequin@gmail.com,,,,,,adrian,6/5/2026 16:10,LOVE QUIN,,,,,,,,,,,,,,,,,,,,,,,,,,,,,,,,,,,,,,,,,,,,,,,,,,,,,,,,,,,,,,,,,,,,,,,,,,,,
0,175,Closed,6/3/2026 18:34,6/3/2026 18:34,HAPPY ON MAIN,HAPPY ON MAIN,HAPPY ON MAIN,Y,                    ,426,0,0,16.39,442.39,442.39,0,0,,,,                    ,UPSG,,ELEVATOR DISCO,,,261220428-1,,,CREDIT CARD,6/3/2026 0:00,SPECIALTY,                    ,,,,STANFORD,,,,,,,,,,,,,,,,18,,,,,125,,                    ,                    ,0,0,,,1400,6/5/2026 16:11,2,,adrian,6/3/2026 18:34,0,,,,,,,,,,,,,,0,,0,,,,,,,,,,,,,,,1ZX016D80326883022,,,,,,,,,,67,,,,,,,,,,0,,,,,,,,,,,,,,,,,,,,,,,,,,,,,,,,,,,,,,,,,,,,,sanna@shophappyonmain.com,,,,,,adrian,6/5/2026 16:11,HAPPY ON MAIN,,,,,,,,,,,,,,,,,,,,,,,,,,,,,,,,,,,,,,,,,,,,,,,,,,,,,,,,,,,,,,,,,,,,,,,,,,,,
0,174,Closed,6/3/2026 18:10,6/3/2026 18:10,ROCHELLES BOUTIQUE,                    ,MAIN STREET,Y,                    ,1206,0,0,36.06,1242.06,1242.06,0,0,,,,                    ,UPSG,,ELEVATOR DISCO,,,292087744-1,,,CREDIT CARD,6/3/2026 0:00,SPECIALTY,                    ,,,,STANFORD,,,,,,,,,,,,,,,,42,,,,,123,,                    ,                    ,0,0,,,1650,6/10/2026 15:01,5,,adrian,6/3/2026 18:10,0,,,,,,,,,,,,,,0,,0,,,,,,,,,,,,,,,1ZX016D80326462003,,,,,,,,,,120,,,,,,,,,,0,,,,,,,,,,,,,,,,,,,,,,,,,,,,,,,,,,,,,,,,,,,,,hello@rochellesboutiques.com,,,,,,adrian,6/10/2026 15:01,ROCHELLES BOUTIQUE,,,,,,,,,,,,,,,,,,,,,,,,,,,,,,,,,,,,,,,,,,,,,,,,,,,,,,,,,,,,,,,,,,,,,,,,,,,,
0,173,Closed,6/3/2026 17:29,6/3/2026 17:29,DOLCE BOUTIQUE,DOLCE BOUTIQUE,DOLCE BOUTIQUE,Y,                    ,654,0,0,22.12,676.12,676.12,0,0,,,,                    ,UPSG,,ELEVATOR DISCO,,,278499641-1,,,CREDIT CARD,6/3/2026 0:00,SPECIALTY,                    ,,,,STANFORD,,,,,,,,,,,,,,,,24,,,,,121,,                    ,                    ,0,0,,,1454,6/10/2026 14:35,3,,adrian,6/3/2026 17:29,0,,,,,,,,,,,,,,0,,0,,,,,,,,,,,,,,,1ZX016D80334676795,,,,,,,,,,167,,,,,,,,,,0,,,,,,,,,,,,,,,,,,,,,,,,,,,,,,,,,,,,,,,,,,,,,dolceboutiquela@gmail.com,,,,,,adrian,6/10/2026 14:35,DOLCE BOUTIQUE,,,,,,,,,,,,,,,,,,,,,,,,,,,,,,,,,,,,,,,,,,,,,,,,,,,,,,,,,,,,,,,,,,,,,,,,,,,,
0,172,Closed,6/3/2026 17:18,6/3/2026 17:18,ROCHELLES BOUTIQUE,                    ,WATCH HILL,Y,                    ,1128,0,0,37.36,1165.36,1165.36,0,0,,,,                    ,UPSG,,ELEVATOR DISCO,,,292086358-1,,,CREDIT CARD,6/3/2026 0:00,SPECIALTY,                    ,,,,STANFORD,,,,,,,,,,,,,,,,42,,,,,120,,                    ,                    ,0,0,,,1648,6/10/2026 14:23,2,,adrian,6/3/2026 17:19,0,,,,,,,,,,,,,,0,,0,,,,,,,,,,,,,,,1ZX016D80324049786,,,,,,,,,,119,,,,,,,,,,0,,,,,,,,,,,,,,,,,,,,,,,,,,,,,,,,,,,,,,,,,,,,,hello@rochellesboutiques.com,,,,,,adrian,6/10/2026 14:23,ROCHELLES BOUTIQUE,,,,,,,,,,,,,,,,,,,,,,,,,,,,,,,,,,,,,,,,,,,,,,,,,,,,,,,,,,,,,,,,,,,,,,,,,,,,
0,171,Closed,6/3/2026 16:56,6/3/2026 16:56,JAC CLOTHING,JAC CLOTHING,JAC CLOTHING,Y,                    ,372,0,0,15.26,387.26,387.26,0,0,,,,                    ,UPSG,,ELEVATOR DISCO,,,279005585-1,,,                    ,6/3/2026 0:00,SPECIALTY,                    ,,,,STANFORD,,,,,,,,,,,,,,,,12,,,,,118,,                    ,                    ,0,0,,,1460,6/10/2026 14:24,3,,adrian,6/3/2026 16:56,0,,,,,,,,,,,,,,0,,0,,,,,,,,,,,,,,,1ZX016D80321374368,,,,,,,,,,172,,,,,,,,,,0,,,,,,,,,,,,,,,,,,,,,,,,,,,,,,,,,,,,,,,,,,,,,shopjacclothing@gmail.com,,,,,,adrian,6/10/2026 14:24,JAC CLOTHING,,,,,,,,,,,,,,,,,,,,,,,,,,,,,,,,,,,,,,,,,,,,,,,,,,,,,,,,,,,,,,,,,,,,,,,,,,,,
0,170,Closed,6/3/2026 16:48,6/3/2026 16:48,CURRENT SEASON,CURRENT SEASON,CURRENT SEASON,Y,                    ,324,0,0,20.22,344.22,344.22,0,0,,,,                    ,UPSG,,ELEVATOR DISCO,,,283323918-1,,,CREDIT CARD,6/3/2026 0:00,SPECIALTY,                    ,,,,STANFORD,,,,,,,,,,,,,,,,12,,,,,119,,                    ,                    ,0,0,,,1505,6/10/2026 14:33,8,,adrian,6/3/2026 16:48,0,,,,,,,,,,,,,,0,,0,,,,,,,,,,,,,,,1ZX016D80308482187,,,,,,,,,,107,,,,,,,,,,0,,,,,,,,,,,,,,,,,,,,,,,,,,,,,,,,,,,,,,,,,,,,,shopcurrentseason@gmail.com,,,,,,adrian,6/10/2026 14:33,CURRENT SEASON,,,,,,,,,,,,,,,,,,,,,,,,,,,,,,,,,,,,,,,,,,,,,,,,,,,,,,,,,,,,,,,,,,,,,,,,,,,,
0,169,Closed,6/2/2026 16:19,6/2/2026 16:19,LADY MAE BOUTIQUE,LADY MAE BOUTIQUE,LADY MAE BOUTIQUE,Y,                    ,498,0,0,15.26,513.26,513.26,0,0,,,,PREPAY,UPSG,,ELEVATOR DISCO,,,281459630-1,,,CREDIT CARD,6/2/2026 0:00,SPECIALTY,                    ,,,,STANFORD,,,,,,,,,,,,,,,,18,,,,,113,,                    ,                    ,0,0,,,1501,6/10/2026 14:44,3,,adrian,6/2/2026 16:19,0,,,,,,,,,,,,,,0,,0,,,,,,,,,,,,,,,1ZX016D80313242159,,,,,,,,,,106,,,,,,,,,,0,,,,,,,,,,,,,,,,,,,,,,,,,,,,,,,,,,,,,,,,,,,,,sharons.lum@gmail.com,,,,,,adrian,6/10/2026 14:44,LADY MAE BOUTIQUE,,,,,,,,,,,,,,,,,,,,,,,,,,,,,,,,,,,,,,,,,,,,,,,,,,,,,,,,,,,,,,,,,,,,,,,,,,,,
0,168,Closed,6/2/2026 16:10,6/2/2026 16:10,HOUSE OF D,HOUSE OF D,HOUSE OF D,Y,                    ,672,0,0,23.58,695.58,695.58,0,0,,,,PREPAY,UPSG,,ELEVATOR DISCO,,,262736141-1,,,CREDIT CARD,6/2/2026 0:00,SPECIALTY,                    ,,,,STANFORD,,,,,,,,,,,,,,,,30,,,,,114,,                    ,                    ,0,0,,,1402,6/23/2026 12:13,4,,adrian,6/2/2026 16:11,0,,,,,,,,,,,,,,0,,0,,,,,,,,,,,,,,,1ZX016D80331477952,,,,,,,,,,68,,,,,,,,,,0,,,,,,,,,,,,,,,,,,,,,,,,,,,,,,,,,,,,,,,,,,,,,houseofdboutique@outlook.com,,,,,,adrian,6/23/2026 12:13,HOUSE OF D,,,,,,,,,,,,,,,,,,,,,,,,,,,,,,,,,,,,,,,,,,,,,,,,,,,,,,,,,,,,,,,,,,,,,,,,,,,,
0,167,Closed,6/2/2026 15:14,6/2/2026 15:14,MIXX BOUTIQUE,                    ,MIXX BOUTIQUE,Y,                    ,1128,0,0,31.49,1159.49,1159.49,0,0,,,,                    ,UPSG,,ELEVATOR DISCO,,,292351248-1,,,CREDIT CARD,6/2/2026 0:00,SPECIALTY,                    ,,,,STANFORD,,,,,,,,,,,,,,,,48,,,,,100,,                    ,                    ,0,0,,,1385,6/10/2026 14:40,2,,adrian,6/2/2026 15:14,0,,,,,,,,,,,,,,0,,0,,,,,,,,,,,,,,,1ZX016D80305594099,,,,,,,,,,63,,,,,,,,,,0,,,,,,,,,,,,,,,,,,,,,,,,,,,,,,,,,,,,,,,,,,,,,,,,,,,adrian,6/10/2026 14:40,MIXX BOUTIQUE,,,,,,,,,,,,,,,,,,,,,,,,,,,,,,,,,,,,,,,,,,,,,,,,,,,,,,,,,,,,,,,,,,,,,,,,,,,,
0,166,Closed,6/2/2026 14:46,6/2/2026 14:46,TWO BRUNETTES,TWO BRUNETTES,TWO BRUNETTES,Y,                    ,684,0,0,30.59,714.59,714.59,0,0,,,,PREPAY,UPSG,,ELEVATOR DISCO,,,271385131-1,,,CREDIT CARD,6/2/2026 0:00,SPECIALTY,                    ,,,,STANFORD,,,,,,,,,,,,,,,,24,,,,,103,,                    ,                    ,0,0,,,1427,6/10/2026 14:44,3,,adrian,6/2/2026 14:47,0,,,,,,,,,,,,,,0,,0,,,,,,,,,,,,,,,1ZX016D80325042647,,,,,,,,,,80,,,,,,,,,,0,,,,,,,,,,,,,,,,,,,,,,,,,,,,,,,,,,,,,,,,,,,,,leslie2bru@yahoo.com,,,,,,adrian,6/10/2026 14:44,TWO BRUNETTES,,,,,,,,,,,,,,,,,,,,,,,,,,,,,,,,,,,,,,,,,,,,,,,,,,,,,,,,,,,,,,,,,,,,,,,,,,,,
0,165,Closed,6/1/2026 18:04,6/1/2026 18:04,MaddieRichard,MaddieRichard,MaddieRichard01,Y,                    ,99.84,0,0,0,99.84,99.84,0,0,,,,PREPAY,UPSG,                    ,ELEVATOR DISCO,,,6.73415E+12,,,SHOPIFY,6/3/2026 0:00,SHOPIFY,                    ,,,,FORERUNNER,,,,,,,,,,,,,,,,1,,,,,,,                    ,                    ,0,0,,,1757,6/3/2026 18:56,,,administrator,6/1/2026 18:04,0,,,,,,,,,,,,,,0,,0,,,,,,,,,,,,,,,,,,,,,,,,,0,,,,,,,,,,0,,,,,,,,,,,,,,,,,,,,,,,,,,,,,,,,,,,,,,,,,,,,,maddierichard713@gmail.com,,,,,,administrator,,Maddie Richard,,,,,,,,,,,,,,,,,,,,,,,,,,,,,,,,,,,,,,,,,,,,,,,,,,,,,,,,,,,,,,,,,,,,,,,,,,,,
0,164,Closed,5/28/2026 0:00,6/27/2026 0:00,12TH TRIBE,,12TH TRIBE,N,12TH TRIBE,4548.6,23,0,315,4886.6,4886.6,0,0,,,,NET30,SOUTHWEST,                    ,FREESIA,,,10239,,,ACH,6/23/2026 0:00,PRIVATE LABEL,                    ,,,,FORERUNNER,,,,,,,,,,,,,,,,315,,,,,,"Tariff $0.50/unit,  Boat $1.00/unit, Local Trucking $23",                    ,                    ,0,0,,,1758,6/29/2026 17:10,8,,adrian,6/1/2026 16:16,0,,,,,,,,,,,,,,0,,0,,,,,,,,,,,,,,,,,,,,,,,,,0,,,,,,,,,,0,,,,,,,,,,,,,,,,,,,,,,,,,,,,,,,,,,,,,,,,,,,,,finance@12thtribe.com,,,,,,mike,6/23/2026 16:41,12TH TRIBE,,,,,,,,,,,,,,,,,,,,,,,,,,,,,,,,,,,,,,,,,,,,,,,,,,,,,,,,,,,,,,,,,,,,,,,,,,,,
0,163,Closed,6/1/2026 14:58,6/1/2026 14:58,FASHION PHARMACY,,FASHION PHARMACY,Y,                    ,600,0,0,20.82,620.82,620.82,0,0,,,,PREPAY,UPSG,,ELEVATOR DISCO,,,278850495-1,,,CREDIT CARD,6/1/2026 0:00,SPECIALTY,                    ,,,,STANFORD,,,,,,,,,,,,,,,,18,,,,,112,,                    ,                    ,0,0,,,1756,6/10/2026 14:50,1,,adrian,6/1/2026 14:58,0,,,,,,,,,,,,,,0,,0,,,,,,,,,,,,,,,1ZX016D80302594148,,,,,,,,,,190,,,,,,,,,,0,,,,,,,,,,,,,,,,,,,,,,,,,,,,,,,,,,,,,,,,,,,,,info@fashionpharmacy.com,,,,,,adrian,6/10/2026 14:50,FASHION PHARMACY,,,,,,,,,,,,,,,,,,,,,,,,,,,,,,,,,,,,,,,,,,,,,,,,,,,,,,,,,,,,,,,,,,,,,,,,,,,,
0,162,Open,6/1/2026 13:57,7/31/2026 13:57,URBAN OUTFITTERS,,KANSAS,Y,                    ,1155,0,0,0,1155,,,,,,,NET60,UPSG,,ELEVATOR DISCO,,,6777889,,,WIRE,,MAJOR,                    ,,,,STANFORD,,,,,,,,,,,,,,,,35,,,,,111,,                    ,                    ,0,0,,,36,6/1/2026 13:57,,,adrian,6/1/2026 13:57,0,,,,,,,,,,,,,,0,,0,,,,,,,,,,,,,,,1ZX016D80321345925,,,,,,,,,,184,,,,,,,,,,1155,,,,,,,,,,,,,,,,,,,,,,,,,,,,,,,,,,,,,,,,,,,,,,,,,,,adrian,,URBAN OUTFITTERS,,,,,,,,,,,,,,,,,,,,,,,,,,,,,,,,,,,,,,,,,,,,,,,,,,,,,,,,,,,,,,,,,,,,,,,,,,,,
0,161,Open,6/1/2026 12:55,7/31/2026 12:55,URBAN OUTFITTERS,,KANSAS,Y,                    ,1080,0,0,0,1080,,,,,,,NET60,UPSG,,ELEVATOR DISCO,,,6777973,,,WIRE,,MAJOR,                    ,,,,STANFORD,,,,,,,,,,,,,,,,45,,,,,110,,                    ,                    ,0,0,,,44,6/1/2026 12:55,,,adrian,6/1/2026 12:55,0,,,,,,,,,,,,,,0,,0,,,,,,,,,,,,,,,1ZX016D80326074316,,,,,,,,,,189,,,,,,,,,,1080,,,,,,,,,,,,,,,,,,,,,,,,,,,,,,,,,,,,,,,,,,,,,,,,,,,adrian,,URBAN OUTFITTERS,,,,,,,,,,,,,,,,,,,,,,,,,,,,,,,,,,,,,,,,,,,,,,,,,,,,,,,,,,,,,,,,,,,,,,,,,,,,
0,160,Open,6/1/2026 12:46,7/31/2026 12:46,URBAN OUTFITTERS,,KANSAS,Y,                    ,945,0,0,0,945,,,,,,,NET60,UPSG,,ELEVATOR DISCO,,,6777972,,,WIRE,,MAJOR,                    ,,,,STANFORD,,,,,,,,,,,,,,,,45,,,,,109,,                    ,                    ,0,0,,,43,6/1/2026 12:46,,,adrian,6/1/2026 12:46,0,,,,,,,,,,,,,,0,,0,,,,,,,,,,,,,,,1ZX016D80303162139,,,,,,,,,,188,,,,,,,,,,945,,,,,,,,,,,,,,,,,,,,,,,,,,,,,,,,,,,,,,,,,,,,,,,,,,,adrian,,URBAN OUTFITTERS,,,,,,,,,,,,,,,,,,,,,,,,,,,,,,,,,,,,,,,,,,,,,,,,,,,,,,,,,,,,,,,,,,,,,,,,,,,,
0,159,Open,6/1/2026 12:42,7/31/2026 12:42,URBAN OUTFITTERS,,KANSAS,Y,                    ,1178,0,0,0,1178,,,,,,,NET60,UPSG,,ELEVATOR DISCO,,,6777971,,,WIRE,,MAJOR,                    ,,,,STANFORD,,,,,,,,,,,,,,,,38,,,,,108,,                    ,                    ,0,0,,,42,6/1/2026 12:42,,,adrian,6/1/2026 12:42,0,,,,,,,,,,,,,,0,,0,,,,,,,,,,,,,,,1ZX016D80329465693,,,,,,,,,,187,,,,,,,,,,1178,,,,,,,,,,,,,,,,,,,,,,,,,,,,,,,,,,,,,,,,,,,,,,,,,,,adrian,,URBAN OUTFITTERS,,,,,,,,,,,,,,,,,,,,,,,,,,,,,,,,,,,,,,,,,,,,,,,,,,,,,,,,,,,,,,,,,,,,,,,,,,,,
0,158,Open,6/1/2026 12:36,7/31/2026 12:36,URBAN OUTFITTERS,,KANSAS,Y,                    ,1125,0,0,0,1125,,,,,,,NET60,UPSG,,ELEVATOR DISCO,,,6777942,,,WIRE,,MAJOR,                    ,,,,STANFORD,,,,,,,,,,,,,,,,25,,,,,107,,                    ,                    ,0,0,,,41,6/1/2026 12:36,,,adrian,6/1/2026 12:36,0,,,,,,,,,,,,,,0,,0,,,,,,,,,,,,,,,1ZX016D80324200683,,,,,,,,,,186,,,,,,,,,,1125,,,,,,,,,,,,,,,,,,,,,,,,,,,,,,,,,,,,,,,,,,,,,,,,,,,adrian,,URBAN OUTFITTERS,,,,,,,,,,,,,,,,,,,,,,,,,,,,,,,,,,,,,,,,,,,,,,,,,,,,,,,,,,,,,,,,,,,,,,,,,,,,
0,157,Open,6/1/2026 12:29,7/31/2026 12:29,URBAN OUTFITTERS,,KANSAS,Y,                    ,930,0,0,0,930,,,,,,,NET60,UPSG,,ELEVATOR DISCO,,,6777890,,,WIRE,,MAJOR,                    ,,,,STANFORD,,,,,,,,,,,,,,,,30,,,,,106,,                    ,                    ,0,0,,,37,6/2/2026 9:43,1,,adrian,6/1/2026 12:29,0,,,,,,,,,,,,,,0,,0,,,,,,,,,,,,,,,1ZX016D80309346126,,,,,,,,,,185,,,,,,,,,,930,,,,,,,,,,,,,,,,,,,,,,,,,,,,,,,,,,,,,,,,,,,,,,,,,,,adrian,6/2/2026 9:43,URBAN OUTFITTERS,,,,,,,,,,,,,,,,,,,,,,,,,,,,,,,,,,,,,,,,,,,,,,,,,,,,,,,,,,,,,,,,,,,,,,,,,,,,
0,156,Open,6/1/2026 12:05,7/31/2026 12:05,URBAN OUTFITTERS,,KANSAS,Y,                    ,980,0,0,0,980,,,,,,,NET60,UPSG,,ELEVATOR DISCO,,,6777816,,,WIRE,,MAJOR,                    ,,,,STANFORD,,,,,,,,,,,,,,,,35,,,,,105,,                    ,                    ,0,0,,,34,6/1/2026 12:05,,,adrian,6/1/2026 12:05,0,,,,,,,,,,,,,,0,,0,,,,,,,,,,,,,,,1ZX016D80322209875,,,,,,,,,,183,,,,,,,,,,980,,,,,,,,,,,,,,,,,,,,,,,,,,,,,,,,,,,,,,,,,,,,,,,,,,,adrian,,URBAN OUTFITTERS,,,,,,,,,,,,,,,,,,,,,,,,,,,,,,,,,,,,,,,,,,,,,,,,,,,,,,,,,,,,,,,,,,,,,,,,,,,,
0,155,Open,6/1/2026 11:56,7/31/2026 11:56,URBAN OUTFITTERS,,KANSAS,Y,                    ,900,0,0,0,900,,,,,,,NET60,UPSG,,ELEVATOR DISCO,,,6777815,,,WIRE,,MAJOR,                    ,,,,STANFORD,,,,,,,,,,,,,,,,25,,,,,104,,                    ,                    ,0,0,,,33,6/1/2026 11:56,,,adrian,6/1/2026 11:56,0,,,,,,,,,,,,,,0,,0,,,,,,,,,,,,,,,1ZX016D80330929260,,,,,,,,,,182,,,,,,,,,,900,,,,,,,,,,,,,,,,,,,,,,,,,,,,,,,,,,,,,,,,,,,,,,,,,,,adrian,,URBAN OUTFITTERS,,,,,,,,,,,,,,,,,,,,,,,,,,,,,,,,,,,,,,,,,,,,,,,,,,,,,,,,,,,,,,,,,,,,,,,,,,,,
0,154,Closed,5/28/2026 0:00,6/28/2026 0:00,12TH TRIBE,,12TH TRIBE,Y,                    ,3897.72,23,0,243,4163.72,4163.72,0,0,,,,NET30,SOUTHWEST,                    ,FREESIA,,,10596,,,ACH,6/23/2026 0:00,PRIVATE LABEL,                    ,,,,FORERUNNER,,,,,,,,,,,,,,,,243,,,,,,,                    ,                    ,0,0,,,1694,6/29/2026 17:10,2,,mike,5/29/2026 23:32,0,,,,,,,,,,,,,,0,,0,,,,,,,,,,,,,,,,,,,,,,,,,0,,,,,,,,,,0,,,,,,,,,,,,,,,,,,,,,,,,,,,,,,,,,,,,,,,,,,,,,finance@12thtribe.com,,,,,,mike,6/17/2026 18:50,12TH TRIBE,,,,,,,,,,,,,,,,,,,,,,,,,,,,,,,,,,,,,,,,,,,,,,,,,,,,,,,,,,,,,,,,,,,,,,,,,,,,
0,153,Closed,5/28/2026 0:00,6/28/2026 0:00,12TH TRIBE,,12TH TRIBE,Y,                    ,4010,23,0,250,4283,4283,0,0,,,,NET30,SOUTHWEST,                    ,FREESIA,,,10595,,,ACH,6/23/2026 0:00,PRIVATE LABEL,                    ,,,,STANFORD,,,,,,,,,,,,,,,,250,,,,,,$.50/UNIT TARIFF FEES ADDED TO COST$1/UNIT BOAT SHIPPING FEE$23 LOCAL TRUCKING FEES,                    ,                    ,0,0,,,1693,6/29/2026 17:10,5,,mike,5/29/2026 23:29,0,,,,,,,,,,,,,,0,,0,,,,,,,,,,,,,,,,,,,,,,,,,0,,,,,,,,,,0,,,,,,,,,,,,,,,,,,,,,,,,,,,,,,,,,,,,,,,,,,,,,finance@12thtribe.com,,,,,,mike,6/23/2026 16:45,12TH TRIBE,,,,,,,,,,,,,,,,,,,,,,,,,,,,,,,,,,,,,,,,,,,,,,,,,,,,,,,,,,,,,,,,,,,,,,,,,,,,
0,152,Closed,5/28/2026 0:00,6/28/2026 0:00,12TH TRIBE,,12TH TRIBE,Y,                    ,11689.08,23,-102.25,802,12411.83,12411.83,0,0,,,,NET30,SOUTHWEST,                    ,FREESIA,,,10495,,,ACH,6/23/2026 0:00,PRIVATE LABEL,                    ,,,,STANFORD,,,,,,,,,,,,,,,,802,,,,,,$.50/UNIT TARIFF FEES ADDED TO COST$1/UNIT BOAT SHIPPING FEE$23 LOCAL TRUCKING FEES,                    ,                    ,0,0,,,1687,6/29/2026 17:10,6,,mike,5/29/2026 23:26,0,,,,,,,,,,,,,,0,,0,,,,,,,,,,,,,,,,,,,,,,,,,0,,,,,,,,,,0,,,,,,,,,,,,,,,,,,,,,,,,,,,,,,,,,,,,,,,,,,,,,finance@12thtribe.com,,,,,,mike,6/20/2026 16:27,12TH TRIBE,,,,,,,,,,,,,,,,,,,,,,,,,,,,,,,,,,,,,,,,,,,,,,,,,,,,,,,,,,,,,,,,,,,,,,,,,,,,
0,151,Closed,5/28/2026 0:00,6/28/2026 23:07,12TH TRIBE,                    ,12TH TRIBE,Y,                    ,3247.86,23,0,259,3529.86,3529.86,0,0,,,,NET30,SOUTHWEST,                    ,FREESIA,,,10464,,,ACH,6/23/2026 0:00,PRIVATE LABEL,                    ,,,,FORERUNNER,,,,,,,,,,,,,,,,259,,,,,,$.50/UNIT TARIFF FEES ADDED TO COST$1/UNIT BOAT SHIPPING FEE$23 LOCAL TRUCKING FEES,                    ,                    ,0,0,,,1685,6/29/2026 17:10,,,mike,5/29/2026 23:07,0,,,,,,,,,,,,,,0,,0,,,,,,,,,,,,,,,,,,,,,,,,,0,,,,,,,,,,0,,,,,,,,,,,,,,,,,,,,,,,,,,,,,,,,,,,,,,,,,,,,,finance@12thtribe.com,,,,,,mike,,12TH TRIBE,,,,,,,,,,,,,,,,,,,,,,,,,,,,,,,,,,,,,,,,,,,,,,,,,,,,,,,,,,,,,,,,,,,,,,,,,,,,
0,149,Closed,5/28/2026 0:00,6/28/2026 22:49,12TH TRIBE,                    ,12TH TRIBE,Y,                    ,3840.98,23,0,187,4050.98,4050.98,0,0,,,,NET30,SOUTHWEST,                    ,FREESIA,,,10364,,,ACH,6/23/2026 0:00,PRIVATE LABEL,                    ,,,,FORERUNNER,,,,,,,,,,,,,,,,187,,,,,,"SHORTAGE CFM 5/15
$.50/UNIT TARIFF ADDED TO COST
+ $1/UNIT BOAT FEES
+ $23 LOCAL TRUCKING FEES",                    ,                    ,0,0,,,1678,6/29/2026 17:10,,,mike,5/29/2026 22:49,0,,,,,,,,,,,,,,0,,0,,,,,,,,,,,,,,,,,,,,,,,,,0,,,,,,,,,,0,,,,,,,,,,,,,,,,,,,,,,,,,,,,,,,,,,,,,,,,,,,,,finance@12thtribe.com,,,,,,mike,,12TH TRIBE,,,,,,,,,,,,,,,,,,,,,,,,,,,,,,,,,,,,,,,,,,,,,,,,,,,,,,,,,,,,,,,,,,,,,,,,,,,,
0,148,Closed,5/28/2026 0:00,6/28/2026 22:35,12TH TRIBE,                    ,12TH TRIBE,Y,                    ,3052,23,0,175,3250,3250,0,0,,,,NET30,SOUTHWEST,                    ,FREESIA,,,10244,,,PYMT,6/23/2026 0:00,PRIVATE LABEL,                    ,,,,FORERUNNER,,,,,,,,,,,,,,,,175,,,,,,SHORTAGE CFM 5/11,                    ,                    ,0,0,,,1677,6/29/2026 17:10,,,mike,5/29/2026 22:36,0,,,,,,,,,,,,,,0,,0,,,,,,,,,,,,,,,,,,,,,,,,,0,,,,,,,,,,0,,,,,,,,,,,,,,,,,,,,,,,,,,,,,,,,,,,,,,,,,,,,,finance@12thtribe.com,,,,,,mike,,12TH TRIBE,,,,,,,,,,,,,,,,,,,,,,,,,,,,,,,,,,,,,,,,,,,,,,,,,,,,,,,,,,,,,,,,,,,,,,,,,,,,
0,147,Open,5/27/2026 0:00,7/13/2026 0:00,LULUS,,LULUS,Y,                    ,7429.4,0,0,0,7429.4,,,,,,,NET45,CITY BUSINESS,                    ,FREESIA,,,223048,,,ACH,,PRIVATE LABEL,                    ,,,,FORERUNNER,,,,,,,,,,,,,,,,307,,,,,,,                    ,                    ,0,0,,,176,6/22/2026 10:44,1,,mike,5/29/2026 22:16,0,,,,,,,,,,,,,,0,,0,,,,,,,,,,,,,,,,,,,,,,,,,0,,,,,,,,,,7429.4,,,,,,,,,,,,,,,,,,,,,,,,,,,,,,,,,,,,,,,,,,,,,ORDERS@LULUS.COM,,,,,,mike,6/22/2026 10:44,LULU'S FASHION LOUNGE,,,,,,,,,,,,,,,,,,,,,,,,,,,,,,,,,,,,,,,,,,,,,,,,,,,,,,,,,,,,,,,,,,,,,,,,,,,,
0,145,Closed,5/29/2026 15:27,5/29/2026 15:27,INDIGEAUX,INDIGEAUX,INDIGEAUX,Y,                    ,1098,0,0,47.07,1145.07,1145.07,0,0,,,,COD,UPSG,,ELEVATOR DISCO,,,278824375-1,,,CREDIT CARD,6/18/2026 0:00,SPECIALTY,                    ,,,,STANFORD,,,,,,,,,,,,,,,,48,,,,,77,1ZX016D80322674854,                    ,                    ,0,0,,,1466,6/18/2026 13:26,2,,mike,5/29/2026 15:30,0,,,,,,,,,,1,17,,,0,,0,,,,,,,,,,,,,,,                                                  ,,,,,,,,,,155,,,,,,,,,,0,,,,,,,,,,,,,,,,,,,,,,,,,,,,,,,,,,,,,,,,,,,,,indigeauxdenim@aol.com,,,,,,mike,6/18/2026 13:26,INDIGEAUX,,,,,,,,,,,,,,,,,,,,,,,,,,,,,,,,,,,,,,,,,,,,,,,,,,,,,,,,,,,,,,,,,,,,,,,,,,,,
0,144,Open,5/29/2026 0:00,5/29/2026 0:00,URBAN OUT EDI TEST,                    ,188,Y,                    ,1400,0,0,0,1400,,,,,,,COD,CITY BUSINESS,                    ,ELEVATOR DISCO,8.10219E+15,,22222,0,0,CREDIT CARD,,WEBSITE,                    ,,,,FORERUNNER,,,,,,,,,,,,,,,,60,,,,,,,                    ,                    ,0,0,,,1748,5/29/2026 8:36,,,hayeon,5/29/2026 8:35,0,,,,,,,,,,,,,          ,0,          ,0,,,,,,,,,,,,,,,,,,,,,,,,,166,,,,,,,,,,1400,,,,,,,,,,,,,,,,,,,,,,,,,,,,,,,,,,,,,,,,,,,,,,,,,,,hayeon,,URBAN OUT EDI TEST,,,,,,,,,,,,,,,,,,,,,,,,,,,,,,,,,,,,,,,,,,,,,,,,,,,,,,,,,,,,,,,,,,,,,,,,,,,,
0,143,Closed,5/28/2026 16:22,5/28/2026 16:22,DAME,DAME,DAME,Y,                    ,846,0,0,16.89,862.89,862.89,0,0,,,,PREPAY,UPSG,,ELEVATOR DISCO,,,283307037-1,,,CREDIT CARD,5/28/2026 0:00,SPECIALTY,                    ,,,,STANFORD,,,,,,,,,,,,,,,,36,,,,,102,,                    ,                    ,0,0,,,1555,5/28/2026 16:39,1,,adrian,5/28/2026 16:22,0,,,,,,,,,,,,,,0,,0,,,,,,,,,,,,,,,1ZX016D80315546112,,,,,,,,,,116,,,,,,,,,,0,,,,,,,,,,,,,,,,,,,,,,,,,,,,,,,,,,,,,,,,,,,,,nicole@shop-dame.com,,,,,,adrian,5/28/2026 16:39,DAME,,,,,,,,,,,,,,,,,,,,,,,,,,,,,,,,,,,,,,,,,,,,,,,,,,,,,,,,,,,,,,,,,,,,,,,,,,,,
0,142,Closed,5/27/2026 16:43,5/27/2026 16:43,THE ELIZABETH CHRONI,THE ELIZABETH CHRONI,THE ELIZABETH CHRONI,Y,                    ,294,0,0,15.29,309.29,309.29,0,0,,,,PREPAY,UPSG,,ELEVATOR DISCO,,,278647361-1,,,CREDIT CARD,5/27/2026 0:00,SPECIALTY,                    ,,,,STANFORD,,,,,,,,,,,,,,,,12,,,,,95,,                    ,                    ,0,0,,,1472,6/10/2026 14:54,2,,adrian,5/27/2026 16:43,0,,,,,,,,,,,,,,0,,0,,,,,,,,,,,,,,,1ZX016D80337855809,,,,,,,,,,99,,,,,,,,,,0,,,,,,,,,,,,,,,,,,,,,,,,,,,,,,,,,,,,,,,,,,,,,theelizabethchronicles@gmail.com,,,,,,adrian,6/10/2026 14:54,THE ELIZABETH CHRONICLES,,,,,,,,,,,,,,,,,,,,,,,,,,,,,,,,,,,,,,,,,,,,,,,,,,,,,,,,,,,,,,,,,,,,,,,,,,,,
0,141,Closed,5/27/2026 16:36,5/27/2026 16:36,MOSTLY SHOES,MOSTLY SHOES,MOSTLY SHOES,Y,                    ,336,0,0,21.38,357.38,357.38,0,0,,,,PREPAY,UPSG,,ELEVATOR DISCO,,,283323133-1,,,CREDIT CARD,5/27/2026 0:00,SPECIALTY,                    ,,,,STANFORD,,,,,,,,,,,,,,,,12,,,,,94,,                    ,                    ,0,0,,,1593,6/10/2026 14:56,3,,adrian,5/27/2026 16:36,0,,,,,,,,,,,,,,0,,0,,,,,,,,,,,,,,,1ZX016D80322074592,,,,,,,,,,117,,,,,,,,,,0,,,,,,,,,,,,,,,,,,,,,,,,,,,,,,,,,,,,,,,,,,,,,mostlyshoes01@gmail.com,,,,,,adrian,6/10/2026 14:56,MOSTLY SHOES,,,,,,,,,,,,,,,,,,,,,,,,,,,,,,,,,,,,,,,,,,,,,,,,,,,,,,,,,,,,,,,,,,,,,,,,,,,,
0,140,Closed,5/27/2026 15:50,5/27/2026 15:50,BIXBY,BIXBY,BIXBY,Y,                    ,1134,0,0,31.49,1165.49,1165.49,0,0,,,,PREPAY,UPSG,,ELEVATOR DISCO,,,263442587-1,,,CREDIT CARD,5/27/2026 0:00,SPECIALTY,                    ,,,,STANFORD,,,,,,,,,,,,,,,,42,,,,,92,,                    ,                    ,0,0,,,1406,6/10/2026 14:58,3,,adrian,5/27/2026 15:50,0,,,,,,,,,,,,,,0,,0,,,,,,,,,,,,,,,1ZX016D80308066029,,,,,,,,,,70,,,,,,,,,,0,,,,,,,,,,,,,,,,,,,,,,,,,,,,,,,,,,,,,,,,,,,,,bixbycollection@gmail.com,,,,,,adrian,6/10/2026 14:58,BIXBY,,,,,,,,,,,,,,,,,,,,,,,,,,,,,,,,,,,,,,,,,,,,,,,,,,,,,,,,,,,,,,,,,,,,,,,,,,,,
0,139,Closed,5/27/2026 15:39,5/27/2026 15:39,BEHIND THE GLASS,BEHIND THE GLASS,BEHIND THE GLASS,Y,                    ,270,0,0,15.78,285.78,285.78,0,0,,,,PREPAY,UPSG,,ELEVATOR DISCO,,,281073543-1,,,CREDIT CARD,5/27/2026 0:00,SPECIALTY,                    ,,,,STANFORD,,,,,,,,,,,,,,,,12,,,,,91,,                    ,                    ,0,0,,,1474,6/10/2026 14:56,2,,adrian,5/27/2026 15:39,0,,,,,,,,,,,,,,0,,0,,,,,,,,,,,,,,,1ZX016D80338702776,,,,,,,,,,154,,,,,,,,,,0,,,,,,,,,,,,,,,,,,,,,,,,,,,,,,,,,,,,,,,,,,,,,morgan@behindtheglass.net,,,,,,adrian,6/10/2026 14:56,BEHIND THE GLASS,,,,,,,,,,,,,,,,,,,,,,,,,,,,,,,,,,,,,,,,,,,,,,,,,,,,,,,,,,,,,,,,,,,,,,,,,,,,
0,138,Closed,5/21/2026 21:51,6/20/2026 21:51,12TH TRIBE,,12TH TRIBE,Y,                    ,3408,150,0,200,3758,3758,0,0,,,,NET30,SOUTHWEST,,FREESIA,,,10527,,,ACH,6/17/2026 0:00,PRIVATE LABEL,                    ,,,,FORERUNNER,,,,,,,,,,,,,,,,200,,,,,88,"$1 BOAT / UNIT
$150 LOCAL TRUCKING <mike - 06/17/2026 21:53>",                    ,                    ,0,0,,,1724,6/17/2026 21:54,2,,mike,5/21/2026 21:52,0,,,,,,,,,,,,,,0,,0,,,,,,,,,,,,,,,                                                  ,,,,,,,,,,164,,,,,,,,,,0,,,,,,,,,,,,,,,,,,,,,,,,,,,,,,,,,,,,,,,,,,,,,finance@12thtribe.com,,,,,,mike,6/17/2026 21:54,12TH TRIBE,,,,,,,,,,,,,,,,,,,,,,,,,,,,,,,,,,,,,,,,,,,,,,,,,,,,,,,,,,,,,,,,,,,,,,,,,,,,
0,137,Closed,5/19/2026 0:00,6/20/2026 20:49,12TH TRIBE,12th Tribe,12TH TRIBE,Y,                    ,8585,40,0,415.5,9040.5,9040.5,0,0,,,,NET30,SOUTHWEST,,FREESIA,,,10196,,,ACH,6/29/2026 0:00,PRIVATE LABEL,                    ,,,,FORERUNNER,,,,,,,,,,,,,,,,575,,,,,87,LOCAL TRUCKING: $40 / 30% DEPOSIT HAS BEEN APPLIED,                    ,                    ,0,0,,,1723,6/29/2026 17:11,1,,mike,5/21/2026 20:50,0,,,,,,,,,,,,,,0,,0,,,,,,,,,,,,,,,                                                  ,,,,,,,,,,163,,,,,,,,,,0,,,,,,,,,,,,,,,,,,,,,,,,,,,,,,,,,,,,,,,,,,,,,finance@12thtribe.com,,,,,,mike,6/24/2026 14:27,12TH TRIBE,,,,,,,,,,,,,,,,,,,,,,,,,,,,,,,,,,,,,,,,,,,,,,,,,,,,,,,,,,,,,,,,,,,,,,,,,,,,
0,136,Open,5/21/2026 19:54,6/20/2026 19:54,12TH TRIBE,12th Tribe,12TH TRIBE,Y,                    ,7543.68,40,0,532,8115.68,2294.1,0,0,,,,NET30,SOUTHWEST,,FREESIA,,,10195,,,ACH,5/21/2026 0:00,PRIVATE LABEL,                    ,,,,FORERUNNER,,,,,,,,,,,,,,,,542,,,,,86,30% STORAGE FEE MADE PAYMENT HAS BEEN APPLIED / Local Trucking :$40,                    ,                    ,0,0,,,1716,6/27/2026 11:07,4,,mike,5/21/2026 19:55,0,,,,,,,,,,,,,,0,,0,,,,,,,,,,,,,,,                                                  ,,,,,,,,,,162,,,,,,,,,,5821.58,,,,,,,,,,,,,,,,,,,,,,,,,,,,,,,,,,,,,,,,,,,,,finance@12thtribe.com,,,,,,mike,6/27/2026 11:07,12TH TRIBE,,,,,,,,,,,,,,,,,,,,,,,,,,,,,,,,,,,,,,,,,,,,,,,,,,,,,,,,,,,,,,,,,,,,,,,,,,,,
0,135,Closed,5/18/2026 0:00,6/20/2026 16:02,12TH TRIBE,,12TH TRIBE,Y,                    ,4812,75,0,600,5487,5487,0,0,,,,NET30,SOUTHWEST,,FREESIA,20260518,,10475,,,ACH,6/17/2026 0:00,PRIVATE LABEL,                    ,,,,FORERUNNER,,,,,,,,,,,,,,,,300,,,,,84,,                    ,                    ,0,0,,,1686,6/17/2026 21:48,2,,mike,5/21/2026 16:02,0,,,,,,,,,,,,,,0,,0,,,,,,,,,,,,,,,                                                  ,,,,,,,,,,160,,,,,,,,,,0,,,,,,,,,,,,,,,,,,,,,,,,,,,,,,,,,,,,,,,,,,,,,finance@12thtribe.com,,,,,,mike,6/17/2026 21:48,12TH TRIBE,,,,,,,,,,,,,,,,,,,,,,,,,,,,,,,,,,,,,,,,,,,,,,,,,,,,,,,,,,,,,,,,,,,,,,,,,,,,
0,134,Closed,5/18/2026 0:00,6/20/2026 15:48,12TH TRIBE,12th Tribe,12TH TRIBE,Y,                    ,7207.2,75,0,455,7737.2,7737.2,0,0,,,,NET30,SOUTHWEST,,FREESIA,20260518,,10506,,,ACH,6/17/2026 0:00,PRIVATE LABEL,                    ,,,,FORERUNNER,,,,,,,,,,,,,,,,455,,,,,83,,                    ,                    ,0,0,,,1689,6/17/2026 21:47,1,,mike,5/21/2026 15:48,0,,,,,,,,,,,,,,0,,0,,,,,,,,,,,,,,,                                                  ,,,,,,,,,,159,,,,,,,,,,0,,,,,,,,,,,,,,,,,,,,,,,,,,,,,,,,,,,,,,,,,,,,,finance@12thtribe.com,,,,,,mike,6/17/2026 21:47,12TH TRIBE,,,,,,,,,,,,,,,,,,,,,,,,,,,,,,,,,,,,,,,,,,,,,,,,,,,,,,,,,,,,,,,,,,,,,,,,,,,,
0,133,Open,5/20/2026 0:00,7/4/2026 0:00,LULUS,,LULUS,Y,                    ,9266.2,0,0,0,9266.2,,,,,,,NET45,                    ,                    ,FREESIA,,,222675,,,WIRE,,PRIVATE LABEL,                    ,,,,STANFORD,,,,,,,,,,,,,,,,621,,,,,,,                    ,                    ,0,0,,,172,6/22/2026 9:52,2,,adrian,5/21/2026 15:04,0,,,,,,,,,,,,,,0,,0,,,,,,,,,,,,,,,,,,,,,,,,,0,,,,,,,,,,9266.2,,,,,,,,,,,,,,,,,,,,,,,,,,,,,,,,,,,,,,,,,,,,,ORDERS@LULUS.COM,,,,,,adrian,6/22/2026 9:52,LULU'S FASHION LOUNGE,,,,,,,,,,,,,,,,,,,,,,,,,,,,,,,,,,,,,,,,,,,,,,,,,,,,,,,,,,,,,,,,,,,,,,,,,,,,
0,132,Open,5/20/2026 0:00,7/4/2026 0:00,LULUS,,LULUS,Y,                    ,11274,0,0,0,11274,,,,,,,NET45,                    ,                    ,FREESIA,,,222379,,,WIRE,,PRIVATE LABEL,                    ,,,,STANFORD,,,,,,,,,,,,,,,,380,,,,,,,                    ,                    ,0,0,,,169,6/22/2026 10:24,2,,adrian,5/21/2026 14:58,0,,,,,,,,,,,,,,0,,0,,,,,,,,,,,,,,,,,,,,,,,,,0,,,,,,,,,,11274,,,,,,,,,,,,,,,,,,,,,,,,,,,,,,,,,,,,,,,,,,,,,ORDERS@LULUS.COM,,,,,,adrian,6/22/2026 10:24,LULU'S FASHION LOUNGE,,,,,,,,,,,,,,,,,,,,,,,,,,,,,,,,,,,,,,,,,,,,,,,,,,,,,,,,,,,,,,,,,,,,,,,,,,,,
0,131,Closed,5/21/2026 13:26,5/21/2026 13:26,THE PRIMROSE SHOP,THE PRIMROSE SHOP,THE PRIMROSE SHOP,Y,                    ,660,0,0,25.66,685.66,685.66,0,0,,,,PREPAY,UPSG,,ELEVATOR DISCO,,,280893426,,,CREDIT CARD,5/21/2026 0:00,SPECIALTY,                    ,,,,STANFORD,,,,,,,,,,,,,,,,24,,,,,82,,                    ,                    ,0,0,,,1477,5/21/2026 13:29,2,,adrian,5/21/2026 13:26,0,,,,,,,,,,,,,,0,,0,,,,,,,,,,,,,,,1ZX016D80322091751,,,,,,,,,,156,,,,,,,,,,0,,,,,,,,,,,,,,,,,,,,,,,,,,,,,,,,,,,,,,,,,,,,,primroseshop@gmail.com,,,,,,adrian,5/21/2026 13:29,THE PRIMROSE SHOP,,,,,,,,,,,,,,,,,,,,,,,,,,,,,,,,,,,,,,,,,,,,,,,,,,,,,,,,,,,,,,,,,,,,,,,,,,,,
0,130,Closed,5/20/2026 17:33,5/20/2026 17:33,HEMLINE,TUSCALOOSA,TUSCALOOSA,Y,                    ,444,0,0,15.96,459.96,459.96,0,0,,,,PREPAY,UPSG,,ELEVATOR DISCO,,,281271378-1,,,CREDIT CARD,5/20/2026 0:00,SPECIALTY,                    ,,,,STANFORD,,,,,,,,,,,,,,,,18,,,,,80,,                    ,                    ,0,0,,,1552,6/10/2026 15:52,2,,adrian,5/20/2026 17:33,0,,,,,,,,,,,,,,0,,0,,,,,,,,,,,,,,,1ZX016D80330061545,,,,,,,,,,115,,,,,,,,,,0,,,,,,,,,,,,,,,,,,,,,,,,,,,,,,,,,,,,,,,,,,,,,oxford@shophemline.com,,,,,,adrian,6/10/2026 15:52,HEMLINE,,,,,,,,,,,,,,,,,,,,,,,,,,,,,,,,,,,,,,,,,,,,,,,,,,,,,,,,,,,,,,,,,,,,,,,,,,,,
0,129,Closed,5/20/2026 14:41,5/20/2026 14:41,BUTTER BOUTIQUE,BUTTER BOUTIQUE,BUTTER BOUTIQUE,Y,                    ,438,0,0,19.15,457.15,457.15,0,0,,,,PREPAY,UPSG,,ELEVATOR DISCO,,,272140948-1,,,CREDIT CARD,5/20/2026 0:00,SPECIALTY,                    ,,,,STANFORD,,,,,,,,,,,,,,,,12,,,,,78,,                    ,                    ,0,0,,,1423,6/10/2026 15:47,2,,adrian,5/20/2026 14:41,0,,,,,,,,,,,,,,0,,0,,,,,,,,,,,,,,,1ZX016D80327089531,,,,,,,,,,78,,,,,,,,,,0,,,,,,,,,,,,,,,,,,,,,,,,,,,,,,,,,,,,,,,,,,,,,butterboutiquetampa@gmail.com,,,,,,adrian,6/10/2026 15:47,BUTTER BOUTIQUE,,,,,,,,,,,,,,,,,,,,,,,,,,,,,,,,,,,,,,,,,,,,,,,,,,,,,,,,,,,,,,,,,,,,,,,,,,,,
0,128,Closed,5/20/2026 14:16,5/20/2026 14:16,THE COLLECTIVE,THE COLLECTIVE,THE COLLECTIVE,Y,                    ,270,0,0,15.32,285.32,285.32,0,0,,,,PREPAY,UPSG,,ELEVATOR DISCO,,,278814266-1,,,CREDIT CARD,5/20/2026 0:00,SPECIALTY,                    ,,,,STANFORD,,,,,,,,,,,,,,,,6,,,,,76,,                    ,                    ,0,0,,,1450,6/10/2026 15:49,3,,adrian,5/20/2026 14:19,0,,,,,,,,,,,,,,0,,0,,,,,,,,,,,,,,,1ZX016D80323331721,,,,,,,,,,91,,,,,,,,,,0,,,,,,,,,,,,,,,,,,,,,,,,,,,,,,,,,,,,,,,,,,,,,thecollectiveconshohocken@gmail.com,,,,,,adrian,6/10/2026 15:49,THE COLLECTIVE,,,,,,,,,,,,,,,,,,,,,,,,,,,,,,,,,,,,,,,,,,,,,,,,,,,,,,,,,,,,,,,,,,,,,,,,,,,,
0,127,Open,5/20/2026 0:00,5/20/2026 0:00,URBAN OUT EDI TEST,                    ,188,Y,                    ,1400,0,0,0,1400,,,,,,,COD,FEDX,                    ,ELEVATOR DISCO,8.10219E+15,,11111,0,0,CREDIT CARD,,WEBSITE,                    ,,,,FORERUNNER,,,,,,,,,,,,,,,,60,,,,,,,                    ,                    ,0,0,,,1720,5/22/2026 8:33,,,hayeon,5/20/2026 13:41,0,,,,,,,,,,,,,          ,0,          ,0,,,,,,,,,,,,,,,,,,,,,,,,,153,,,,,,,,,,1400,,,,,,,,,,,,,,,,,,,,,,,,,,,,,,,,,,,,,,,,,,,,,,,,,,,hayeon,,URBAN OUT EDI TEST,,,,,,,,,,,,,,,,,,,,,,,,,,,,,,,,,,,,,,,,,,,,,,,,,,,,,,,,,,,,,,,,,,,,,,,,,,,,
0,123,Closed,5/19/2026 19:51,6/18/2026 0:00,12TH TRIBE,12th Tribe,12TH TRIBE,Y,                    ,5763.68,40,0,882,6685.68,6685.68,0,0,,,,NET30,AIR,                    ,FREESIA,,,10520,,,ACH,6/17/2026 0:00,PRIVATE LABEL,                    ,,,,FORERUNNER,,,,,,,,,,,,,,,,442,,,,,,"LOCAL TRUCKING: SOUTHWEST $40        Shipping: $2.00/unit. Tariff: $0.50/unit (included
in unit cost). (air cost $4, 12T covering $2).",                    ,                    ,0,0,,,1691,6/17/2026 21:45,4,,mike,5/19/2026 19:53,0,,,,,,,,,,,,,,0,,0,,,,,,,,,,,,,,,,,,,,,,,,,0,,,,,,,,,,0,,,,,,,,,,,,,,,,,,,,,,,,,,,,,,,,,,,,,,,,,,,,,finance@12thtribe.com,,,,,,mike,6/17/2026 21:45,12TH TRIBE,,,,,,,,,,,,,,,,,,,,,,,,,,,,,,,,,,,,,,,,,,,,,,,,,,,,,,,,,,,,,,,,,,,,,,,,,,,,
0,122,Closed,5/19/2026 15:36,6/18/2026 0:00,12TH TRIBE,,12TH TRIBE,Y,                    ,6793.84,40,0,1042,7875.84,7875.84,0,0,,,,NET30,SOUTHWEST,                    ,FREESIA,,,10519,,,PYMT,6/17/2026 0:00,PRIVATE LABEL,                    ,,,,STANFORD,,,,,,,,,,,,,,,,521,,,,,,Local Trucking: $40,                    ,                    ,0,0,,,1690,6/17/2026 21:43,2,,adrian,5/19/2026 15:37,0,,,,,,,,,,,,,,0,,0,,,,,,,,,,,,,,,,,,,,,,,,,0,,,,,,,,,,0,,,,,,,,,,,,,,,,,,,,,,,,,,,,,,,,,,,,,,,,,,,,,finance@12thtribe.com,,,,,,mike,6/17/2026 21:43,12TH TRIBE,,,,,,,,,,,,,,,,,,,,,,,,,,,,,,,,,,,,,,,,,,,,,,,,,,,,,,,,,,,,,,,,,,,,,,,,,,,,
0,121,Closed,5/19/2026 15:28,6/18/2026 0:00,12TH TRIBE,,12TH TRIBE,Y,                    ,5861.46,40,0,996,6897.46,6897.46,0,0,,,,NET30,SOUTHWEST,                    ,FREESIA,,,10498,,,PYMT,6/17/2026 0:00,PRIVATE LABEL,                    ,,,,STANFORD,,,,,,,,,,,,,,,,249,,,,,,Local Trucking: $40,                    ,                    ,0,0,,,1688,6/17/2026 21:40,2,,adrian,5/19/2026 15:31,0,,,,,,,,,,,,,,0,,0,,,,,,,,,,,,,,,,,,,,,,,,,0,,,,,,,,,,0,,,,,,,,,,,,,,,,,,,,,,,,,,,,,,,,,,,,,,,,,,,,,finance@12thtribe.com,,,,,,mike,6/17/2026 21:40,12TH TRIBE,,,,,,,,,,,,,,,,,,,,,,,,,,,,,,,,,,,,,,,,,,,,,,,,,,,,,,,,,,,,,,,,,,,,,,,,,,,,
0,118,Open,5/14/2026 0:00,6/28/2026 0:00,LULUS,,LULUS,Y,                    ,6327,0,0,0,6327,,,,,,,NET45,                    ,                    ,FREESIA,,,222114,,,WIRE,,PRIVATE LABEL,                    ,,,,FORERUNNER,,,,,,,,,,,,,,,,333,,,,,,,                    ,                    ,0,0,,,164,6/22/2026 11:53,2,,mike,5/17/2026 23:28,0,,,,,,,,,,,,,,0,,0,,,,,,,,,,,,,,,,,,,,,,,,,0,,,,,,,,,,6327,,,,,,,,,,,,,,,,,,,,,,,,,,,,,,,,,,,,,,,,,,,,,ORDERS@LULUS.COM,,,,,,adrian,6/22/2026 11:53,LULU'S FASHION LOUNGE,,,,,,,,,,,,,,,,,,,,,,,,,,,,,,,,,,,,,,,,,,,,,,,,,,,,,,,,,,,,,,,,,,,,,,,,,,,,
0,117,Open,5/14/2026 0:00,6/28/2026 0:00,LULUS,,LULUS,Y,                    ,12190,0,0,0,12190,,,,,,,NET45,                    ,                    ,FREESIA,,,222592,,,WIRE,,PRIVATE LABEL,                    ,,,,FORERUNNER,,,,,,,,,,,,,,,,460,,,,,,,                    ,                    ,0,0,,,171,6/22/2026 11:55,2,,mike,5/17/2026 23:24,0,,,,,,,,,,,,,,0,,0,,,,,,,,,,,,,,,,,,,,,,,,,0,,,,,,,,,,12190,,,,,,,,,,,,,,,,,,,,,,,,,,,,,,,,,,,,,,,,,,,,,ORDERS@LULUS.COM,,,,,,mike,6/22/2026 11:55,LULU'S FASHION LOUNGE,,,,,,,,,,,,,,,,,,,,,,,,,,,,,,,,,,,,,,,,,,,,,,,,,,,,,,,,,,,,,,,,,,,,,,,,,,,,
0,116,Open,5/14/2026 0:00,6/28/2026 0:00,LULUS,,LULUS,Y,                    ,6040,0,0,0,6040,,,,,,,NET45,                    ,                    ,FREESIA,,,223381,,,WIRE,,PRIVATE LABEL,                    ,,,,STANFORD,,,,,,,,,,,,,,,,302,,,,,,,                    ,                    ,0,0,,,179,6/22/2026 11:57,3,,mike,5/17/2026 23:18,0,,,,,,,,,,,,,,0,,0,,,,,,,,,,,,,,,,,,,,,,,,,0,,,,,,,,,,6040,,,,,,,,,,,,,,,,,,,,,,,,,,,,,,,,,,,,,,,,,,,,,ORDERS@LULUS.COM,,,,,,mike,6/22/2026 11:57,LULU'S FASHION LOUNGE,,,,,,,,,,,,,,,,,,,,,,,,,,,,,,,,,,,,,,,,,,,,,,,,,,,,,,,,,,,,,,,,,,,,,,,,,,,,
0,114,Open,4/23/2026 0:00,6/7/2026 0:00,LULUS,,LULUS,Y,                    ,4200,0,0,0,4200,,,,,,,NET45,                    ,                    ,FREESIA,,,221678,,,WIRE,,PRIVATE LABEL,                    ,,,,FORERUNNER,,,,,,,,,,,,,,,,210,,,,,,INV# L-71402,                    ,                    ,0,0,,,161,6/22/2026 11:09,2,,mike,5/17/2026 22:44,0,,,,,,,,,,,,,,0,,0,,,,,,,,,,,,,,,,,,,,,,,,,0,,,,,,,,,,4200,,,,,,,,,,,,,,,,,,,,,,,,,,,,,,,,,,,,,,,,,,,,,ORDERS@LULUS.COM,,,,,,adrian,6/22/2026 11:09,LULU'S FASHION LOUNGE,,,,,,,,,,,,,,,,,,,,,,,,,,,,,,,,,,,,,,,,,,,,,,,,,,,,,,,,,,,,,,,,,,,,,,,,,,,,
0,113,Closed,5/14/2026 16:07,5/14/2026 16:07,DOLCE BOUTIQUE,DOLCE BOUTIQUE,DOLCE BOUTIQUE,Y,                    ,468,0,0,16.57,484.57,484.57,0,0,,,,PREPAY,UPSG,,ELEVATOR DISCO,,,278499641-1,,,CREDIT CARD,5/14/2026 0:00,SPECIALTY,                    ,,,,STANFORD,,,,,,,,,,,,,,,,18,,,,,71,,                    ,                    ,0,0,,,1454,6/10/2026 15:09,4,,adrian,5/14/2026 16:07,0,,,,,,,,,,,,,,0,,0,,,,,,,,,,,,,,,1ZX016D80325728657,,,,,,,,,,93,,,,,,,,,,0,,,,,,,,,,,,,,,,,,,,,,,,,,,,,,,,,,,,,,,,,,,,,dolceboutiquela@gmail.com,,,,,,adrian,6/10/2026 15:09,DOLCE BOUTIQUE,,,,,,,,,,,,,,,,,,,,,,,,,,,,,,,,,,,,,,,,,,,,,,,,,,,,,,,,,,,,,,,,,,,,,,,,,,,,
0,112,Closed,5/14/2026 14:36,5/14/2026 14:36,LILY RAIN,LILY RAIN,LILY RAIN,Y,                    ,300,0,0,15.32,315.32,315.32,0,0,,,,PREPAY,UPSG,,ELEVATOR DISCO,,,283487069-1,,,CREDIT CARD,5/14/2026 0:00,SPECIALTY,                    ,,,,STANFORD,,,,,,,,,,,,,,,,12,,,,,59,,                    ,                    ,0,0,,,1532,6/10/2026 15:51,3,,adrian,5/14/2026 14:36,0,,,,,,,,,,,,,,0,,0,,,,,,,,,,,,,,,1ZX016D80315745862,,,,,,,,,,113,,,,,,,,,,0,,,,,,,,,,,,,,,,,,,,,,,,,,,,,,,,,,,,,,,,,,,,,laura.lopez@lilyrain.com,,,,,,adrian,6/10/2026 15:51,LILY RAIN,,,,,,,,,,,,,,,,,,,,,,,,,,,,,,,,,,,,,,,,,,,,,,,,,,,,,,,,,,,,,,,,,,,,,,,,,,,,
0,109,Open,5/14/2026 12:04,6/28/2026 0:00,LULUS,,LULUS,Y,                    ,9800,0,0,0,9800,,,,,,,NET45,CITY BUSINESS,                    ,FREESIA,,,226993,,,ACH,,PRIVATE LABEL,                    ,,,,FORERUNNER,,,,,,,,,,,,,,,,400,,,,,,,                    ,                    ,0,0,,,1707,6/22/2026 12:00,2,,adrian,5/14/2026 12:05,0,,,,,,,,,,,,,,0,,0,,,,,,,,,,,,,,,,,,,,,,,,,0,,,,,,,,,,9800,,,,,,,,,,,,,,,,,,,,,,,,,,,,,,,,,,,,,,,,,,,,,ORDERS@LULUS.COM,,,,,,adrian,6/22/2026 12:00,LULU'S FASHION LOUNGE,,,,,,,,,,,,,,,,,,,,,,,,,,,,,,,,,,,,,,,,,,,,,,,,,,,,,,,,,,,,,,,,,,,,,,,,,,,,
0,107,Closed,5/13/2026 18:49,6/27/2026 18:49,LULUS,,LULUS,Y,                    ,7877.2,0,0,0,7877.2,7877.2,0,0,,,,NET45,CITY BUSINESS,,FREESIA,,,220311,,,ACH,7/1/2026 0:00,PRIVATE LABEL,                    ,,,,FORERUNNER,,,,,,,,,,,,,,,,419,,,,,64,,                    ,                    ,0,0,,,1703,7/1/2026 20:55,3,,mike,5/13/2026 18:50,0,,,,,,,,,,,,,,0,,0,,,,,,,,,,,,,,,                                                  ,,,,,,,,,,125,,,,,,,,,,0,,,,,,,,,,,,,,,,,,,,,,,,,,,,,,,,,,,,,,,,,,,,,ORDERS@LULUS.COM,,,,,,mike,7/1/2026 20:55,LULU'S FASHION LOUNGE,,,,,,,,,,,,,,,,,,,,,,,,,,,,,,,,,,,,,,,,,,,,,,,,,,,,,,,,,,,,,,,,,,,,,,,,,,,,
0,106,Closed,5/13/2026 9:52,5/13/2026 9:52,TIFFANY BLUE,TIFFANY BLUE,TIFFANY BLUE,Y,                    ,126,0,0,15.32,141.32,141.32,0,0,,,,PREPAY,UPSG,,ELEVATOR DISCO,,,277843079-1,,,CREDIT CARD,5/13/2026 0:00,SPECIALTY,                    ,,,,STANFORD,,,,,,,,,,,,,,,,6,,,,,60,,                    ,                    ,0,0,,,1442,6/10/2026 15:48,3,,adrian,5/13/2026 10:01,0,,,,,,,,,,,,,,0,,0,,,,,,,,,,,,,,,1ZX016D80330029018,,,,,,,,,,88,,,,,,,,,,0,,,,,,,,,,,,,,,,,,,,,,,,,,,,,,,,,,,,,,,,,,,,,tiffanybluecda@gmail.com,,,,,,adrian,6/10/2026 15:48,TIFFANY BLUE,,,,,,,,,,,,,,,,,,,,,,,,,,,,,,,,,,,,,,,,,,,,,,,,,,,,,,,,,,,,,,,,,,,,,,,,,,,,
0,105,Closed,5/13/2026 9:32,5/13/2026 9:32,HEMLINE,TOWNE CENTER,TOWNE CENTER,Y,                    ,276,0,0,15.32,291.32,291.32,0,0,,,,PREPAY,UPSG,,ELEVATOR DISCO,,,281271934-1,,,CREDIT CARD,5/13/2026 0:00,SPECIALTY,                    ,,,,STANFORD,,,,,,,,,,,,,,,,12,,,,,61,,                    ,                    ,0,0,,,1530,6/10/2026 15:50,3,,adrian,5/13/2026 9:33,0,,,,,,,,,,,,,,0,,0,,,,,,,,,,,,,,,1ZX016D80338290435,,,,,,,,,,112,,,,,,,,,,0,,,,,,,,,,,,,,,,,,,,,,,,,,,,,,,,,,,,,,,,,,,,,oxford@shophemline.com,,,,,,adrian,6/10/2026 15:50,HEMLINE,,,,,,,,,,,,,,,,,,,,,,,,,,,,,,,,,,,,,,,,,,,,,,,,,,,,,,,,,,,,,,,,,,,,,,,,,,,,
0,104,Open,5/7/2026 0:00,6/6/2026 0:00,12TH TRIBE,,12TH TRIBE,Y,                    ,4245.92,75,0,0,4320.92,,,,,,,NET30,                    ,                    ,FREESIA,,,10404,,,PYMT,,PRIVATE LABEL,                    ,,,,STANFORD,,,,,,,,,,,,,,,,223,,,,,,,                    ,                    ,0,0,,,1682,5/8/2026 10:20,1,,adrian,5/8/2026 10:19,0,,,,,,,,,,,,,,0,,0,,,,,,,,,,,,,,,,,,,,,,,,,0,,,,,,,,,,4320.92,,,,,,,,,,,,,,,,,,,,,,,,,,,,,,,,,,,,,,,,,,,,,finance@12thtribe.com,,,,,,adrian,5/8/2026 10:20,12TH TRIBE,,,,,,,,,,,,,,,,,,,,,,,,,,,,,,,,,,,,,,,,,,,,,,,,,,,,,,,,,,,,,,,,,,,,,,,,,,,,
0,103,Open,5/7/2026 0:00,6/6/2026 0:00,12TH TRIBE,,12TH TRIBE,Y,                    ,4337.88,75,0,222,4634.88,,,,,,,NET30,                    ,                    ,FREESIA,,,10453,,,PYMT,,PRIVATE LABEL,                    ,,,,STANFORD,,,,,,,,,,,,,,,,222,,,,,,Boat Cost $1.00/Unit,                    ,                    ,0,0,,,1684,5/8/2026 10:16,1,,adrian,5/8/2026 10:16,0,,,,,,,,,,,,,,0,,0,,,,,,,,,,,,,,,,,,,,,,,,,0,,,,,,,,,,4634.88,,,,,,,,,,,,,,,,,,,,,,,,,,,,,,,,,,,,,,,,,,,,,finance@12thtribe.com,,,,,,adrian,5/8/2026 10:16,12TH TRIBE,,,,,,,,,,,,,,,,,,,,,,,,,,,,,,,,,,,,,,,,,,,,,,,,,,,,,,,,,,,,,,,,,,,,,,,,,,,,
0,102,Open,5/6/2026 0:00,6/20/2026 0:00,LULUS,,LULUS,Y,                    ,2619,0,0,0,2619,,,,,,,NET45,                    ,                    ,FREESIA,,,222353,,,WIRE,,PRIVATE LABEL,                    ,,,,STANFORD,,,,,,,,,,,,,,,,194,,,,,,INV# L-71408,                    ,                    ,0,0,,,166,6/22/2026 11:49,2,,adrian,5/8/2026 9:58,0,,,,,,,,,,,,,,0,,0,,,,,,,,,,,,,,,,,,,,,,,,,0,,,,,,,,,,2619,,,,,,,,,,,,,,,,,,,,,,,,,,,,,,,,,,,,,,,,,,,,,ORDERS@LULUS.COM,,,,,,adrian,6/22/2026 11:49,LULU'S FASHION LOUNGE,,,,,,,,,,,,,,,,,,,,,,,,,,,,,,,,,,,,,,,,,,,,,,,,,,,,,,,,,,,,,,,,,,,,,,,,,,,,
0,101,Closed,5/6/2026 0:00,6/16/2026 0:00,NUULY,,RAYMORE,Y,                    ,11830,0,0,0,11830,11830,0,0,,,,NET60,UPSG,,ELEVATOR DISCO,,,6811499,,,ACH,6/17/2026 0:00,MAJOR,                    ,,,,STANFORD,,,,,,,,,,,,,,,,338,,,,,57,,SALES,                    ,0.13,0,,,113,6/17/2026 15:18,2,,adrian,5/7/2026 10:12,0,CUSTOMER CHARGEBACK,,,,,,,,,,,,,0,,0,,,,,,,,,,,,,,,1ZX016D80335348861,,,,,,,,,,61,,,,,,,,,,0,,,,,,,,,,,,,,,,,,,,,,,,,,,,,,,,,,,,,,,,,,,,,,,,,,,mike,6/17/2026 14:50,NUULY,,,,,,,,,,,,,,,,,,,,,,,,,,,,,,,,,,,,,,,,,,,,,,,,,,,,,,,,,,,,,,,,,,,,,,,,,,,,
0,100,Closed,5/6/2026 0:00,6/16/2026 0:00,NUULY,,RAYMORE,Y,                    ,4522,0,0,0,4522,4522,0,0,,,,NET60,UPSG,,ELEVATOR DISCO,,,6811515,,,ACH,6/16/2026 0:00,MAJOR,                    ,,,,STANFORD,,,,,,,,,,,,,,,,133,,,,,58,3016489,SALES,                    ,0.13,0,,,122,6/17/2026 14:42,2,,adrian,5/7/2026 10:09,0,,,,,,,,,,,,,,0,,0,,,,,,,,,,,,,,,1ZX016D80335313960,,,,,,,,,,62,,,,,,,,,,0,,,,,,,,,,,,,,,,,,,,,,,,,,,,,,,,,,,,,,,,,,,,,,,,,,,mike,6/17/2026 14:42,NUULY,,,,,,,,,,,,,,,,,,,,,,,,,,,,,,,,,,,,,,,,,,,,,,,,,,,,,,,,,,,,,,,,,,,,,,,,,,,,
0,99,Open,5/6/2026 17:05,7/5/2026 17:05,NUULY,,RAYMORE,Y,                    ,5386.5,0,0,0,5386.5,,,,,,,NET60,UPSG,,ELEVATOR DISCO,,,6798696,,,CASH,,MAJOR,                    ,,,,STANFORD,,,,,,,,,,,,,,,,270,,,,,56,3016447,                    ,                    ,0,0,,,107,6/12/2026 11:52,,,adrian,5/6/2026 17:06,0,,,,,,,,,,,,,,0,,0,,,,,,,,,,,,,,,1ZX016D80320038241,,,,,,,,,,60,,,,,,,,,,5386.5,,,,,,,,,,,,,,,,,,,,,,,,,,,,,,,,,,,,,,,,,,,,,,,,,,,adrian,,NUULY,,,,,,,,,,,,,,,,,,,,,,,,,,,,,,,,,,,,,,,,,,,,,,,,,,,,,,,,,,,,,,,,,,,,,,,,,,,,
0,98,Open,5/6/2026 17:02,7/5/2026 17:02,NUULY,,BRISTOL,Y,                    ,3730.65,0,0,0,3730.65,,,,,,,NET60,UPSG,,ELEVATOR DISCO,,,6798695,,,ACH,,MAJOR,                    ,,,,STANFORD,,,,,,,,,,,,,,,,187,,,,,55,3016443,                    ,                    ,0,0,,,106,6/26/2026 17:23,,,adrian,5/6/2026 17:03,0,,,,,,,,,,,,,,0,,0,,,,,,,,,,,,,,,1ZX016D80316185671,,,,,,,,,,59,,,,,,,,,,3730.65,,,,,,,,,,,,,,,,,,,,,,,,,,,,,,,,,,,,,,,,,,,,,,,,,,,shipping,,NUULY,,,,,,,,,,,,,,,,,,,,,,,,,,,,,,,,,,,,,,,,,,,,,,,,,,,,,,,,,,,,,,,,,,,,,,,,,,,,
0,97,Open,4/28/2026 0:00,6/27/2026 0:00,NUULY,,RAYMORE,Y,                    ,2544,0,0,0,2544,,,,,,,NET60,UPS2,,ELEVATOR DISCO,,,6811518,,,CASH,,MAJOR,                    ,,,,STANFORD,,,,,,,,,,,,,,,,159,,,,,45,,                    ,                    ,0,0,,,125,5/6/2026 13:45,2,,adrian,5/4/2026 15:49,0,,,,,,,,,,,,,,0,,0,,,,,,,,,,,,,,,1ZX016D80231080177,,,,,,,,,,45,,,,,,,,,,2544,,,,,,,,,,,,,,,,,,,,,,,,,,,,,,,,,,,,,,,,,,,,,,,,,,,adrian,5/6/2026 13:45,NUULY,,,,,,,,,,,,,,,,,,,,,,,,,,,,,,,,,,,,,,,,,,,,,,,,,,,,,,,,,,,,,,,,,,,,,,,,,,,,
0,96,Open,4/28/2026 0:00,6/27/2026 0:00,NUULY,,BRISTOL,Y,                    ,1392,0,0,0,1392,,,,,,,NET60,UPS2,,ELEVATOR DISCO,,,6811517,,,CASH,,MAJOR,                    ,,,,STANFORD,,,,,,,,,,,,,,,,87,,,,,44,,                    ,                    ,0,0,,,124,5/6/2026 13:45,2,,adrian,5/4/2026 15:48,0,,,,,,,,,,,,,,0,,0,,,,,,,,,,,,,,,1ZX016D80235173560,,,,,,,,,,44,,,,,,,,,,1392,,,,,,,,,,,,,,,,,,,,,,,,,,,,,,,,,,,,,,,,,,,,,,,,,,,adrian,5/6/2026 13:45,NUULY,,,,,,,,,,,,,,,,,,,,,,,,,,,,,,,,,,,,,,,,,,,,,,,,,,,,,,,,,,,,,,,,,,,,,,,,,,,,
0,95,Open,4/28/2026 0:00,6/27/2026 0:00,NUULY,,BRISTOL,Y,                    ,2992,0,0,0,2992,,,,,,,NET60,UPSG,,ELEVATOR DISCO,,,6811514,,,CASH,,MAJOR,                    ,,,,STANFORD,,,,,,,,,,,,,,,,88,,,,,51,,                    ,                    ,0,0,,,121,5/6/2026 13:44,3,,adrian,5/4/2026 15:47,0,,,,,,,,,,,,,,0,,0,,,,,,,,,,,,,,,1ZX016D80332419094,,,,,,,,,,50,,,,,,,,,,2992,,,,,,,,,,,,,,,,,,,,,,,,,,,,,,,,,,,,,,,,,,,,,,,,,,,adrian,5/6/2026 13:44,NUULY,,,,,,,,,,,,,,,,,,,,,,,,,,,,,,,,,,,,,,,,,,,,,,,,,,,,,,,,,,,,,,,,,,,,,,,,,,,,
0,94,Open,4/28/2026 0:00,6/27/2026 0:00,NUULY,,RAYMORE,Y,                    ,9537,0,0,0,9537,,,,,,,NET60,UPS2,,ELEVATOR DISCO,,,6811502,,,ACH,,MAJOR,                    ,,,,STANFORD,,,,,,,,,,,,,,,,289,,,,,43,,                    ,                    ,0,0,,,116,5/6/2026 13:44,2,,adrian,5/4/2026 15:46,0,,,,,,,,,,,,,,0,,0,,,,,,,,,,,,,,,1ZX016D80219041401,,,,,,,,,,43,,,,,,,,,,9537,,,,,,,,,,,,,,,,,,,,,,,,,,,,,,,,,,,,,,,,,,,,,,,,,,,adrian,5/6/2026 13:44,NUULY,,,,,,,,,,,,,,,,,,,,,,,,,,,,,,,,,,,,,,,,,,,,,,,,,,,,,,,,,,,,,,,,,,,,,,,,,,,,
0,93,Open,5/5/2026 0:00,7/4/2026 0:00,NUULY,,BRISTOL,Y,                    ,6435,0,0,0,6435,,,,,,,NET60,UPSG,,ELEVATOR DISCO,,,6811501,,,ACH,,MAJOR,                    ,,,,STANFORD,,,,,,,,,,,,,,,,195,,,,,48,,                    ,                    ,0,0,,,115,5/6/2026 13:47,2,,adrian,5/4/2026 15:46,0,,,,,,,,,,,,,,0,,0,,,,,,,,,,,,,,,1ZX016D80309625477,,,,,,,,,,42,,,,,,,,,,6435,,,,,,,,,,,,,,,,,,,,,,,,,,,,,,,,,,,,,,,,,,,,,,,,,,,adrian,5/6/2026 13:47,NUULY,,,,,,,,,,,,,,,,,,,,,,,,,,,,,,,,,,,,,,,,,,,,,,,,,,,,,,,,,,,,,,,,,,,,,,,,,,,,
0,92,Open,4/28/2026 0:00,6/27/2026 0:00,NUULY,,BRISTOL,Y,                    ,8715,0,0,0,8715,,,,,,,NET60,UPSG,,ELEVATOR DISCO,,,6811498,,,CASH,,MAJOR,                    ,,,,STANFORD,,,,,,,,,,,,,,,,249,,,,,50,,                    ,                    ,0,0,,,112,5/6/2026 13:44,2,,adrian,5/4/2026 15:45,0,,,,,,,,,,,,,,0,,0,,,,,,,,,,,,,,,1ZX016D80310521531,,,,,,,,,,49,,,,,,,,,,8715,,,,,,,,,,,,,,,,,,,,,,,,,,,,,,,,,,,,,,,,,,,,,,,,,,,adrian,5/6/2026 13:44,NUULY,,,,,,,,,,,,,,,,,,,,,,,,,,,,,,,,,,,,,,,,,,,,,,,,,,,,,,,,,,,,,,,,,,,,,,,,,,,,
0,91,Open,4/27/2026 0:00,6/26/2026 0:00,NUULY,,BRISTOL,Y,                    ,5544,0,0,0,5544,,,,,,,NET60,UPS2,,ELEVATOR DISCO,,,6786409,,,ACH,,MAJOR,                    ,,,,STANFORD,,,,,,,,,,,,,,,,126,,,,,40,,                    ,                    ,0,0,,,82,5/6/2026 13:43,2,,adrian,5/4/2026 15:41,0,,,,,,,,,,,,,,0,,0,,,,,,,,,,,,,,,1ZX016D80234713077,,,,,,,,,,40,,,,,,,,,,5544,,,,,,,,,,,,,,,,,,,,,,,,,,,,,,,,,,,,,,,,,,,,,,,,,,,adrian,5/6/2026 13:43,NUULY,,,,,,,,,,,,,,,,,,,,,,,,,,,,,,,,,,,,,,,,,,,,,,,,,,,,,,,,,,,,,,,,,,,,,,,,,,,,
0,89,Open,5/1/2026 0:00,6/30/2026 0:00,NUULY,,RAYMORE,Y,                    ,3924,0,0,0,3924,,,,,,,NET60,UPSG,,ELEVATOR DISCO,,,6786292,,,CASH,,MAJOR,                    ,,,,STANFORD,,,,,,,,,,,,,,,,109,,,,,54,,                    ,                    ,0,0,,,65,5/6/2026 13:47,2,,adrian,5/4/2026 15:29,0,,,,,,,,,,,,,,0,,0,,,,,,,,,,,,,,,1ZX016D80311961635,,,,,,,,,,54,,,,,,,,,,3924,,,,,,,,,,,,,,,,,,,,,,,,,,,,,,,,,,,,,,,,,,,,,,,,,,,adrian,5/6/2026 13:47,NUULY,,,,,,,,,,,,,,,,,,,,,,,,,,,,,,,,,,,,,,,,,,,,,,,,,,,,,,,,,,,,,,,,,,,,,,,,,,,,
0,88,Closed,4/17/2026 0:00,6/16/2026 0:00,NUULY,,BRISTOL,Y,                    ,6072,0,0,0,6072,6072,0,0,,,,NET60,UPSG,,ELEVATOR DISCO,,,6786297,,,ACH,6/17/2026 0:00,MAJOR,                    ,,,,STANFORD,,,,,,,,,,,,,,,,138,,,,,7,,SALES,                    ,0.13,0,,,67,6/17/2026 15:15,4,,adrian,5/4/2026 13:31,0,,,,,,,,,,,,,,0,,0,,,,,,,,,,,,,,,,,,,,,,,,,0,,,,,,,,,,0,,,,,,,,,,,,,,,,,,,,,,,,,,,,,,,,,,,,,,,,,,,,,,,,,,,mike,6/17/2026 15:15,NUULY,,,,,,,,,,,,,,,,,,,,,,,,,,,,,,,,,,,,,,,,,,,,,,,,,,,,,,,,,,,,,,,,,,,,,,,,,,,,
0,87,Closed,4/27/2026 0:00,6/26/2026 0:00,NUULY,,RAYMORE,Y,                    ,4176,0,0,0,4176,4176,0,0,,,,NET60,UPSG,,ELEVATOR DISCO,,,6786348,,,ACH,6/17/2026 0:00,MAJOR,                    ,,,,STANFORD,,,,,,,,,,,,,,,,116,,,,,17,,SALES,                    ,0.13,0,,,74,6/17/2026 16:13,3,,adrian,5/4/2026 13:29,0,,,,,,,,,,,,,,0,,0,,,,,,,,,,,,,,,1ZX016D80317504823,,,,,,,,,,29,,,,,,,,,,0,,,,,,,,,,,,,,,,,,,,,,,,,,,,,,,,,,,,,,,,,,,,,,,,,,,mike,6/17/2026 16:13,NUULY,,,,,,,,,,,,,,,,,,,,,,,,,,,,,,,,,,,,,,,,,,,,,,,,,,,,,,,,,,,,,,,,,,,,,,,,,,,,
0,86,Open,4/28/2026 0:00,6/27/2026 0:00,NUULY,,RAYMORE,Y,                    ,3894,0,0,0,3894,,,,,,,NET60,UPS2,,ELEVATOR DISCO,,,6786360,,,CASH,,MAJOR,                    ,,,,STANFORD,,,,,,,,,,,,,,,,118,,,,,46,,                    ,                    ,0,0,,,77,5/6/2026 13:44,2,,adrian,5/4/2026 13:29,0,,,,,,,,,,,,,,0,,0,,,,,,,,,,,,,,,1ZX016D80227947990,,,,,,,,,,46,,,,,,,,,,3894,,,,,,,,,,,,,,,,,,,,,,,,,,,,,,,,,,,,,,,,,,,,,,,,,,,adrian,5/6/2026 13:44,NUULY,,,,,,,,,,,,,,,,,,,,,,,,,,,,,,,,,,,,,,,,,,,,,,,,,,,,,,,,,,,,,,,,,,,,,,,,,,,,
0,85,Open,4/28/2026 0:00,6/27/2026 0:00,NUULY,,RAYMORE,Y,                    ,5236,0,0,0,5236,,,,,,,NET60,UPS2,,ELEVATOR DISCO,,,6786374,,,CASH,,MAJOR,                    ,,,,STANFORD,,,,,,,,,,,,,,,,119,,,,,47,SHORTAGE APVD 4/27,                    ,                    ,0,0,,,80,5/6/2026 13:43,1,,adrian,5/4/2026 13:28,0,,,,,,,,,,,,,,0,,0,,,,,,,,,,,,,,,1ZX016D80231146221,,,,,,,,,,47,,,,,,,,,,5236,,,,,,,,,,,,,,,,,,,,,,,,,,,,,,,,,,,,,,,,,,,,,,,,,,,adrian,5/6/2026 13:43,NUULY,,,,,,,,,,,,,,,,,,,,,,,,,,,,,,,,,,,,,,,,,,,,,,,,,,,,,,,,,,,,,,,,,,,,,,,,,,,,
0,84,Open,4/27/2026 0:00,6/26/2026 0:00,NUULY,,RAYMORE,Y,                    ,8184,0,0,0,8184,,,,,,,NET60,UPS2,,ELEVATOR DISCO,,,6786410,,,ACH,,MAJOR,                    ,,,,STANFORD,,,,,,,,,,,,,,,,186,,,,,41,,                    ,                    ,0,0,,,83,5/6/2026 13:42,2,,adrian,5/4/2026 13:23,0,,,,,,,,,,,,,,0,,0,,,,,,,,,,,,,,,1ZX016D80222353514,,,,,,,,,,41,,,,,,,,,,8184,,,,,,,,,,,,,,,,,,,,,,,,,,,,,,,,,,,,,,,,,,,,,,,,,,,adrian,5/6/2026 13:42,NUULY,,,,,,,,,,,,,,,,,,,,,,,,,,,,,,,,,,,,,,,,,,,,,,,,,,,,,,,,,,,,,,,,,,,,,,,,,,,,
0,83,Open,4/27/2026 0:00,6/26/2026 0:00,NUULY,,RAYMORE,Y,                    ,8616,0,0,0,8616,,,,,,,NET60,UPS2,,ELEVATOR DISCO,,,6798687,,,CASH,,MAJOR,                    ,,,,STANFORD,,,,,,,,,,,,,,,,359,,,,,42,,                    ,                    ,0,0,,,104,5/6/2026 13:42,1,,adrian,5/4/2026 13:21,0,,,,,,,,,,,,,,0,,0,,,,,,,,,,,,,,,1ZX016D80218593344,,,,,,,,,,39,,,,,,,,,,8616,,,,,,,,,,,,,,,,,,,,,,,,,,,,,,,,,,,,,,,,,,,,,,,,,,,adrian,5/6/2026 13:42,NUULY,,,,,,,,,,,,,,,,,,,,,,,,,,,,,,,,,,,,,,,,,,,,,,,,,,,,,,,,,,,,,,,,,,,,,,,,,,,,
0,82,Open,5/1/2026 0:00,6/30/2026 0:00,NUULY,,BRISTOL,Y,                    ,2882.3,0,-0.23,0,2882.07,,,,,,,NET60,UPSG,,ELEVATOR DISCO,,,6786492,,,CASH,,MAJOR,                    ,,,,STANFORD,,,,,,,,,,,,,,,,74,,,,,53,Total Adjusted. (S) is 38.94 on Bamboo Rose,                    ,                    ,0,0,,,91,5/6/2026 13:46,2,,adrian,5/4/2026 13:20,0,,,,,,,,,,,,,,0,,0,,,,,,,,,,,,,,,1ZX016D80307361603,,,,,,,,,,53,,,,,,,,,,2882.07,,,,,,,,,,,,,,,,,,,,,,,,,,,,,,,,,,,,,,,,,,,,,,,,,,,adrian,5/6/2026 13:46,NUULY,,,,,,,,,,,,,,,,,,,,,,,,,,,,,,,,,,,,,,,,,,,,,,,,,,,,,,,,,,,,,,,,,,,,,,,,,,,,
0,81,Closed,4/27/2026 0:00,6/26/2026 0:00,NUULY,,RAYMORE,Y,                    ,5082,0,0,0,5082,5082,0,0,,,,NET60,UPSG,,ELEVATOR DISCO,,,6798657,,,CASH,6/16/2026 0:00,MAJOR,                    ,,,,STANFORD,,,,,,,,,,,,,,,,242,,,,,24,,SALES,                    ,0.13,0,,,98,6/17/2026 16:21,4,,adrian,5/4/2026 13:18,0,,,,,,,,,,,,,,0,,0,,,,,,,,,,,,,,,1ZX016D80315480933,,,,,,,,,,19,,,,,,,,,,0,,,,,,,,,,,,,,,,,,,,,,,,,,,,,,,,,,,,,,,,,,,,,,,,,,,mike,6/17/2026 16:20,NUULY,,,,,,,,,,,,,,,,,,,,,,,,,,,,,,,,,,,,,,,,,,,,,,,,,,,,,,,,,,,,,,,,,,,,,,,,,,,,
0,80,Closed,4/22/2026 0:00,6/21/2026 0:00,NUULY,,RAYMORE,Y,                    ,8232,0,0,0,8232,8232,0,0,,,,NET60,UPS2,,ELEVATOR DISCO,,,6798602,,,ACH,6/17/2026 0:00,MAJOR,                    ,,,,STANFORD,,,,,,,,,,,,,,,,392,,,,,5,,SALES,                    ,0.13,0,,,95,6/17/2026 15:26,3,,adrian,5/4/2026 13:14,0,,,,,,,,,,,,,,0,,0,,,,,,,,,,,,,,,1ZX016D81323602919,,,,,,,,,,10,,,,,,,,,,0,,,,,,,,,,,,,,,,,,,,,,,,,,,,,,,,,,,,,,,,,,,,,,,,,,,mike,6/17/2026 15:26,NUULY,,,,,,,,,,,,,,,,,,,,,,,,,,,,,,,,,,,,,,,,,,,,,,,,,,,,,,,,,,,,,,,,,,,,,,,,,,,,
0,79,Open,4/28/2026 0:00,6/27/2026 0:00,NUULY,,NUULY,Y,                    ,42,0,0,0,42,,,,,,,NET60,UPSG,,ELEVATOR DISCO,,,6798701,,,ACH,,MAJOR,                    ,,,,STANFORD,,,,,,,,,,,,,,,,2,,,,,49,,                    ,                    ,0,0,,,108,5/6/2026 13:43,2,,adrian,5/4/2026 13:09,0,,,,,,,,,,,,,,0,,0,,,,,,,,,,,,,,,1ZX016D80305665520,,,,,,,,,,48,,,,,,,,,,42,,,,,,,,,,,,,,,,,,,,,,,,,,,,,,,,,,,,,,,,,,,,,,,,,,,adrian,5/6/2026 13:43,NUULY,,,,,,,,,,,,,,,,,,,,,,,,,,,,,,,,,,,,,,,,,,,,,,,,,,,,,,,,,,,,,,,,,,,,,,,,,,,,
0,78,Closed,4/27/2026 0:00,6/26/2026 0:00,NUULY,,RAYMORE,Y,                    ,5775,0,0,0,5775,5775,0,0,,,,NET60,UPSG,,ELEVATOR DISCO,,,6798714,,,ACH,6/17/2026 0:00,MAJOR,                    ,,,,STANFORD,,,,,,,,,,,,,,,,275,,,,,26,,SALES,                    ,0.13,0,,,110,6/17/2026 16:34,7,,adrian,5/1/2026 12:06,0,,,,,,,,,,,,,,0,,0,,,,,,,,,,,,,,,1ZX016D80323809680,,,,,,,,,,21,,,,,,,,,,0,,,,,,,,,,,,,,,,,,,,,,,,,,,,,,,,,,,,,,,,,,,,,,,,,,,mike,6/17/2026 16:34,NUULY,,,,,,,,,,,,,,,,,,,,,,,,,,,,,,,,,,,,,,,,,,,,,,,,,,,,,,,,,,,,,,,,,,,,,,,,,,,,
0,77,Closed,4/27/2026 0:00,6/26/2026 0:00,NUULY,,BRISTOL,Y,                    ,3822,0,0,0,3822,3822,0,0,,,,NET60,UPSG,,ELEVATOR DISCO,,,6798713,,,ACH,6/17/2026 0:00,MAJOR,                    ,,,,STANFORD,,,,,,,,,,,,,,,,182,,,,,25,,SALES,                    ,0.13,0,,,109,6/17/2026 16:29,5,,adrian,5/1/2026 12:01,0,,,,,,,,,,,,,,0,,0,,,,,,,,,,,,,,,1ZX016D80307264969,,,,,,,,,,20,,,,,,,,,,0,,,,,,,,,,,,,,,,,,,,,,,,,,,,,,,,,,,,,,,,,,,,,,,,,,,mike,6/17/2026 16:29,NUULY,,,,,,,,,,,,,,,,,,,,,,,,,,,,,,,,,,,,,,,,,,,,,,,,,,,,,,,,,,,,,,,,,,,,,,,,,,,,
0,76,Open,4/30/2026 0:00,5/30/2026 0:00,12TH TRIBE,,12TH TRIBE,Y,                    ,2609.16,0,0,0,2609.16,,,,,,,NET30,                    ,                    ,FREESIA,,,10189,,,PYMT,,PRIVATE LABEL,                    ,,,,STANFORD,,,,,,,,,,,,,,,,204,,,,,,,                    ,                    ,0,0,,,1672,5/6/2026 13:46,2,,adrian,5/1/2026 10:58,0,,,,,,,,,,,,,,0,,0,,,,,,,,,,,,,,,,,,,,,,,,,0,,,,,,,,,,2609.16,,,,,,,,,,,,,,,,,,,,,,,,,,,,,,,,,,,,,,,,,,,,,finance@12thtribe.com,,,,,,adrian,5/6/2026 13:46,12TH TRIBE,,,,,,,,,,,,,,,,,,,,,,,,,,,,,,,,,,,,,,,,,,,,,,,,,,,,,,,,,,,,,,,,,,,,,,,,,,,,
0,75,Open,4/30/2026 0:00,5/30/2026 0:00,12TH TRIBE,,12TH TRIBE,Y,                    ,11824.54,0,0,0,11824.54,,,,,,,NET30,                    ,                    ,FREESIA,,,10123,,,PYMT,,PRIVATE LABEL,                    ,,,,STANFORD,,,,,,,,,,,,,,,,511,,,,,,,                    ,                    ,0,0,,,1674,5/6/2026 13:46,2,,adrian,5/1/2026 10:49,0,,,,,,,,,,,,,,0,,0,,,,,,,,,,,,,,,,,,,,,,,,,0,,,,,,,,,,11824.54,,,,,,,,,,,,,,,,,,,,,,,,,,,,,,,,,,,,,,,,,,,,,finance@12thtribe.com,,,,,,adrian,5/6/2026 13:46,12TH TRIBE,,,,,,,,,,,,,,,,,,,,,,,,,,,,,,,,,,,,,,,,,,,,,,,,,,,,,,,,,,,,,,,,,,,,,,,,,,,,
0,74,Open,4/30/2026 0:00,5/30/2026 0:00,12TH TRIBE,,12TH TRIBE,Y,                    ,5646.32,0,0,0,5646.32,,,,,,,NET30,                    ,                    ,FREESIA,,,10190,,,PYMT,,PRIVATE LABEL,                    ,,,,STANFORD,,,,,,,,,,,,,,,,433,,,,,,,                    ,                    ,0,0,,,1673,5/6/2026 13:45,2,,adrian,5/1/2026 10:42,0,,,,,,,,,,,,,,0,,0,,,,,,,,,,,,,,,,,,,,,,,,,0,,,,,,,,,,5646.32,,,,,,,,,,,,,,,,,,,,,,,,,,,,,,,,,,,,,,,,,,,,,finance@12thtribe.com,,,,,,adrian,5/6/2026 13:45,12TH TRIBE,,,,,,,,,,,,,,,,,,,,,,,,,,,,,,,,,,,,,,,,,,,,,,,,,,,,,,,,,,,,,,,,,,,,,,,,,,,,
0,73,Open,4/30/2026 0:00,5/30/2026 0:00,12TH TRIBE,,12TH TRIBE,Y,                    ,4197.96,37.5,0,299,4534.46,,,,,,,NET30,                    ,                    ,FREESIA,,,10172,,,PYMT,,PRIVATE LABEL,                    ,,,,STANFORD,,,,,,,,,,,,,,,,299,,,,,,,                    ,                    ,0,0,,,1671,5/6/2026 13:45,2,,adrian,5/1/2026 10:28,0,,,,,,,,,,,,,,0,,0,,,,,,,,,,,,,,,,,,,,,,,,,0,,,,,,,,,,4534.46,,,,,,,,,,,,,,,,,,,,,,,,,,,,,,,,,,,,,,,,,,,,,finance@12thtribe.com,,,,,,adrian,5/6/2026 13:45,12TH TRIBE,,,,,,,,,,,,,,,,,,,,,,,,,,,,,,,,,,,,,,,,,,,,,,,,,,,,,,,,,,,,,,,,,,,,,,,,,,,,
0,72,Open,4/30/2026 16:48,6/14/2026 0:00,LULUS,,LULUS,Y,                    ,3799.6,0,0,0,3799.6,,,,,,,NET45,                    ,                    ,FREESIA,,,225903,,,WIRE,,PRIVATE LABEL,                    ,,,,STANFORD,,,,,,,,,,,,,,,,161,,,,,,INV# L-71404,                    ,                    ,0,0,,,1669,6/22/2026 11:46,3,,adrian,4/30/2026 16:49,0,,,,,,,,,,,,,,0,,0,,,,,,,,,,,,,,,,,,,,,,,,,0,,,,,,,,,,3799.6,,,,,,,,,,,,,,,,,,,,,,,,,,,,,,,,,,,,,,,,,,,,,ORDERS@LULUS.COM,,,,,,adrian,6/22/2026 11:46,LULU'S FASHION LOUNGE,,,,,,,,,,,,,,,,,,,,,,,,,,,,,,,,,,,,,,,,,,,,,,,,,,,,,,,,,,,,,,,,,,,,,,,,,,,,
0,71,Open,4/29/2026 14:20,6/28/2026 14:20,NUULY,,RAYMORE,Y,                    ,5742,0,0,0,5742,,,,,,,NET60,UPSG,,ELEVATOR DISCO,,,6786283,,,ACH,,MAJOR,                    ,,,,STANFORD,,,,,,,,,,,,,,,,174,,,,,52,,                    ,                    ,0,0,,,62,5/6/2026 13:45,1,,adrian,4/29/2026 14:21,0,,,,,,,,,,,,,,0,,0,,,,,,,,,,,,,,,1ZX016D80327543325,,,,,,,,,,51,,,,,,,,,,5742,,,,,,,,,,,,,,,,,,,,,,,,,,,,,,,,,,,,,,,,,,,,,,,,,,,adrian,5/6/2026 13:45,NUULY,,,,,,,,,,,,,,,,,,,,,,,,,,,,,,,,,,,,,,,,,,,,,,,,,,,,,,,,,,,,,,,,,,,,,,,,,,,,
0,69,Closed,4/27/2026 0:00,6/6/2026 0:00,NUULY,,RAYMORE,Y,                    ,5304,0,0,0,5304,5304,0,0,,,,NET60,UPSG,                    ,ELEVATOR DISCO,,,6798672,,,ACH,6/17/2026 0:00,MAJOR,                    ,,,,STANFORD,,,,,,,,,,,,,,,,221,,,,,36,,SALES,                    ,0.13,0,,,101,6/17/2026 15:23,3,,adrian,4/25/2026 10:31,0,,,,,,,,,,,,,,0,,0,,,,,,,,,,,,,,,1ZX016D80315425225,,,,,,,,,,35,,,,,,,,,,0,,,,,,,,,,,,,,,,,,,,,,,,,,,,,,,,,,,,,,,,,,,,,,,,,,,mike,6/17/2026 15:23,NUULY,,,,,,,,,,,,,,,,,,,,,,,,,,,,,,,,,,,,,,,,,,,,,,,,,,,,,,,,,,,,,,,,,,,,,,,,,,,,
0,68,Open,4/27/2026 0:00,6/6/2026 0:00,NUULY,,BRISTOL,Y,                    ,3648,0,0,0,3648,,,,,,,NET60,UPSG,                    ,ELEVATOR DISCO,,,6798671,,,ACH,,MAJOR,                    ,,,,STANFORD,,,,,,,,,,,,,,,,152,,,,,35,,                    ,                    ,0,0,,,100,5/6/2026 13:41,1,,adrian,4/25/2026 10:28,0,,,,,,,,,,,,,,0,,0,,,,,,,,,,,,,,,1ZX016D80307993190,,,,,,,,,,32,,,,,,,,,,3648,,,,,,,,,,,,,,,,,,,,,,,,,,,,,,,,,,,,,,,,,,,,,,,,,,,adrian,5/6/2026 13:41,NUULY,,,,,,,,,,,,,,,,,,,,,,,,,,,,,,,,,,,,,,,,,,,,,,,,,,,,,,,,,,,,,,,,,,,,,,,,,,,,
0,67,Closed,4/27/2026 0:00,6/6/2026 0:00,NUULY,,RAYMORE,Y,                    ,5355,0,0,0,5355,5355,0,0,,,,NET60,UPSG,                    ,ELEVATOR DISCO,,,6786445,,,ACH,6/17/2026 0:00,MAJOR,                    ,,,,STANFORD,,,,,,,,,,,,,,,,153,,,,,34,,SALES,                    ,0.13,0,,,86,6/17/2026 15:51,4,,adrian,4/25/2026 10:15,0,,,,,,,,,,,,,,0,,0,,,,,,,,,,,,,,,1ZX016D80301785176,,,,,,,,,,31,,,,,,,,,,0,,,,,,,,,,,,,,,,,,,,,,,,,,,,,,,,,,,,,,,,,,,,,,,,,,,mike,6/17/2026 15:51,NUULY,,,,,,,,,,,,,,,,,,,,,,,,,,,,,,,,,,,,,,,,,,,,,,,,,,,,,,,,,,,,,,,,,,,,,,,,,,,,
0,66,Closed,4/27/2026 0:00,6/26/2026 0:00,NUULY,,BRISTOL,Y,                    ,5736,0,0,0,5736,5736,0,0,,,,NET60,UPSG,                    ,ELEVATOR DISCO,,,6798686,,,ACH,6/17/2026 0:00,MAJOR,                    ,,,,STANFORD,,,,,,,,,,,,,,,,239,,,,,33,Chargeback $175,SALES,                    ,0.13,0,,,103,6/17/2026 15:53,3,,adrian,4/25/2026 10:13,0,,,,,,,,,,,,,,0,,0,,,,,,,,,,,,,,,1ZX016D80316345113,,,,,,,,,,33,,,,,,,,,,0,,,,,,,,,,,,,,,,,,,,,,,,,,,,,,,,,,,,,,,,,,,,,,,,,,,mike,6/17/2026 15:53,NUULY,,,,,,,,,,,,,,,,,,,,,,,,,,,,,,,,,,,,,,,,,,,,,,,,,,,,,,,,,,,,,,,,,,,,,,,,,,,,
0,65,Closed,4/27/2026 0:00,6/26/2026 0:00,NUULY,,BRISTOL,Y,                    ,8526,0,0,0,8526,8526,0,0,,,,NET60,UPSG,                    ,ELEVATOR DISCO,,,6811511,,,ACH,6/17/2026 0:00,MAJOR,                    ,,,,STANFORD,,,,,,,,,,,,,,,,203,,,,,32,,SALES,                    ,0.13,0,,,118,6/17/2026 15:55,3,,adrian,4/25/2026 9:58,0,,,,,,,,,,,,,,0,,0,,,,,,,,,,,,,,,1ZX016D80324823368,,,,,,,,,,34,,,,,,,,,,0,,,,,,,,,,,,,,,,,,,,,,,,,,,,,,,,,,,,,,,,,,,,,,,,,,,mike,6/17/2026 15:55,NUULY,,,,,,,,,,,,,,,,,,,,,,,,,,,,,,,,,,,,,,,,,,,,,,,,,,,,,,,,,,,,,,,,,,,,,,,,,,,,
0,64,Closed,4/27/2026 0:00,6/26/2026 0:00,NUULY,,RAYMORE,Y,                    ,12768,0,0,0,12768,12768,0,0,,,,NET60,UPSG,                    ,ELEVATOR DISCO,,,6811512,,,ACH,6/17/2026 0:00,MAJOR,                    ,,,,STANFORD,,,,,,,,,,,,,,,,304,,,,,31,,SALES,                    ,0.13,0,,,119,6/17/2026 15:57,2,,adrian,4/24/2026 22:48,0,,,,,,,,,,,,,,0,,0,,,,,,,,,,,,,,,1ZX016D80303225017,,,,,,,,,,36,,,,,,,,,,0,,,,,,,,,,,,,,,,,,,,,,,,,,,,,,,,,,,,,,,,,,,,,,,,,,,mike,6/17/2026 15:57,NUULY,,,,,,,,,,,,,,,,,,,,,,,,,,,,,,,,,,,,,,,,,,,,,,,,,,,,,,,,,,,,,,,,,,,,,,,,,,,,
0,63,Closed,4/27/2026 0:00,6/26/2026 0:00,NUULY,,BRISTOL,Y,                    ,3605,0,0,0,3605,3605,0,0,,,,NET60,UPSG,                    ,ELEVATOR DISCO,,,6786444,,,ACH,6/17/2026 0:00,MAJOR,                    ,,,,STANFORD,,,,,,,,,,,,,,,,103,,,,,30,,                    ,                    ,0,0,,,85,6/17/2026 15:59,3,,adrian,4/24/2026 22:17,0,,,,,,,,,,,,,,0,,0,,,,,,,,,,,,,,,1ZX016D80339732741,,,,,,,,,,30,,,,,,,,,,0,,,,,,,,,,,,,,,,,,,,,,,,,,,,,,,,,,,,,,,,,,,,,,,,,,,adrian,6/17/2026 15:59,NUULY,,,,,,,,,,,,,,,,,,,,,,,,,,,,,,,,,,,,,,,,,,,,,,,,,,,,,,,,,,,,,,,,,,,,,,,,,,,,
0,62,Closed,4/27/2026 0:00,6/26/2026 0:00,NUULY,,RAYMORE,Y,                    ,3332,0,0,0,3332,3332,0,0,,,,NET60,UPSG,                    ,ELEVATOR DISCO,,,6786475,,,ACH,6/17/2026 0:00,MAJOR,                    ,,,,STANFORD,,,,,,,,,,,,,,,,119,,,,,28,,SALES,                    ,0.13,0,,,89,6/17/2026 16:03,3,,adrian,4/24/2026 21:40,0,,,,,,,,,,,,,,0,,0,,,,,,,,,,,,,,,1ZX016D80337623318,,,,,,,,,,22,,,,,,,,,,0,,,,,,,,,,,,,,,,,,,,,,,,,,,,,,,,,,,,,,,,,,,,,,,,,,,mike,6/17/2026 16:03,NUULY,,,,,,,,,,,,,,,,,,,,,,,,,,,,,,,,,,,,,,,,,,,,,,,,,,,,,,,,,,,,,,,,,,,,,,,,,,,,
0,61,Closed,4/27/2026 0:00,6/26/2026 0:00,NUULY,,BRISTOL,Y,                    ,2212,0,0,0,2212,2212,0,0,,,,NET60,UPSG,                    ,ELEVATOR DISCO,,,6786474,,,ACH,6/17/2026 0:00,MAJOR,                    ,,,,STANFORD,,,,,,,,,,,,,,,,79,,,,,27,,SALES,                    ,0.13,0,,,88,6/17/2026 16:02,4,,adrian,4/24/2026 21:37,0,,,,,,,,,,,,,,0,,0,,,,,,,,,,,,,,,1ZX016D80312792996,,,,,,,,,,23,,,,,,,,,,0,,,,,,,,,,,,,,,,,,,,,,,,,,,,,,,,,,,,,,,,,,,,,,,,,,,mike,6/17/2026 16:02,NUULY,,,,,,,,,,,,,,,,,,,,,,,,,,,,,,,,,,,,,,,,,,,,,,,,,,,,,,,,,,,,,,,,,,,,,,,,,,,,
0,60,Closed,4/27/2026 0:00,6/26/2026 0:00,NUULY,,BRISTOL,Y,                    ,3465,0,0,0,3465,3465,0,0,,,,NET60,UPSG,                    ,ELEVATOR DISCO,,,6798656,,,ACH,6/17/2026 0:00,MAJOR,                    ,,,,STANFORD,,,,,,,,,,,,,,,,165,,,,,22,,SALES,                    ,0.13,0,,,97,6/17/2026 16:19,2,,adrian,4/24/2026 15:31,0,,,,,,,,,,,,,,0,,0,,,,,,,,,,,,,,,1ZX016D80300160888,,,,,,,,,,18,,,,,,,,,,0,,,,,,,,,,,,,,,,,,,,,,,,,,,,,,,,,,,,,,,,,,,,,,,,,,,mike,6/17/2026 16:19,NUULY,,,,,,,,,,,,,,,,,,,,,,,,,,,,,,,,,,,,,,,,,,,,,,,,,,,,,,,,,,,,,,,,,,,,,,,,,,,,
0,59,Closed,4/22/2026 0:00,6/21/2026 0:00,NUULY,,BRISTOL,Y,                    ,4494,0,0,0,4494,4494,0,0,,,,NET60,UPSG,,ELEVATOR DISCO,,,6798601,,,ACH,6/17/2026 0:00,MAJOR,                    ,,,,STANFORD,,,,,,,,,,,,,,,,214,,,,,6,,SALES,                    ,0.13,0,,,94,6/17/2026 15:47,3,,adrian,4/24/2026 15:10,0,,,,,,,,,,,,,,0,,0,,,,,,,,,,,,,,,1ZX016D81328177577,,,,,,,,,,9,,,,,,,,,,0,,,,,,,,,,,,,,,,,,,,,,,,,,,,,,,,,,,,,,,,,,,,,,,,,,,mike,6/17/2026 15:47,NUULY,,,,,,,,,,,,,,,,,,,,,,,,,,,,,,,,,,,,,,,,,,,,,,,,,,,,,,,,,,,,,,,,,,,,,,,,,,,,
0,58,Closed,4/27/2026 0:00,6/26/2026 0:00,NUULY,,RAYMORE,Y,                    ,4797,0,0,0,4797,4797,0,0,,,,NET60,UPSG,                    ,ELEVATOR DISCO,,,6786493,,,ACH,6/17/2026 0:00,MAJOR,                    ,,,,STANFORD,,,,,,,,,,,,,,,,117,,,,,20,,SALES,                    ,0.13,0,,,92,6/17/2026 17:01,6,,adrian,4/24/2026 15:07,0,,,,,,,,,,,,,,0,,0,,,,,,,,,,,,,,,1ZX016D80326743852,,,,,,,,,,17,,,,,,,,,,0,,,,,,,,,,,,,,,,,,,,,,,,,,,,,,,,,,,,,,,,,,,,,,,,,,,mike,6/17/2026 16:57,NUULY,,,,,,,,,,,,,,,,,,,,,,,,,,,,,,,,,,,,,,,,,,,,,,,,,,,,,,,,,,,,,,,,,,,,,,,,,,,,
0,57,Closed,4/17/2026 0:00,6/16/2026 0:00,NUULY,,BRISTOL,Y,                    ,3168,0,0,0,3168,3168,0,0,,,,NET60,UPSG,                    ,ELEVATOR DISCO,,,6786373,,,ACH,6/17/2026 0:00,MAJOR,                    ,,,,STANFORD,,,,,,,,,,,,,,,,72,,,,,23,,SALES,                    ,0.13,0,,,79,6/17/2026 15:13,3,,adrian,4/24/2026 15:05,0,,,,,,,,,,,,,,0,,0,,,,,,,,,,,,,,,1ZX016D80306240905,,,,,,,,,,8,,,,,,,,,,0,,,,,,,,,,,,,,,,,,,,,,,,,,,,,,,,,,,,,,,,,,,,,,,,,,,mike,6/17/2026 15:13,NUULY,,,,,,,,,,,,,,,,,,,,,,,,,,,,,,,,,,,,,,,,,,,,,,,,,,,,,,,,,,,,,,,,,,,,,,,,,,,,
0,56,Closed,4/27/2026 0:00,6/26/2026 0:00,NUULY,,BRISTOL,Y,                    ,2607,0,0,0,2607,2607,0,0,,,,NET60,UPSG,                    ,ELEVATOR DISCO,,,6786359,,,ACH,6/17/2026 0:00,MAJOR,                    ,,,,STANFORD,,,,,,,,,,,,,,,,79,,,,,18,,SALES,                    ,0.13,0,,,76,6/17/2026 16:15,3,,adrian,4/24/2026 14:58,0,,,,,,,,,,,,,,0,,0,,,,,,,,,,,,,,,1ZX016D80328024803,,,,,,,,,,16,,,,,,,,,,0,,,,,,,,,,,,,,,,,,,,,,,,,,,,,,,,,,,,,,,,,,,,,,,,,,,mike,6/17/2026 16:15,NUULY,,,,,,,,,,,,,,,,,,,,,,,,,,,,,,,,,,,,,,,,,,,,,,,,,,,,,,,,,,,,,,,,,,,,,,,,,,,,
0,55,Open,4/27/2026 0:00,6/26/2026 0:00,NUULY,,BRISTOL,Y,                    ,2844,0,0,0,2844,,,,,,,NET60,UPSG,                    ,ELEVATOR DISCO,,,6786347,,,ACH,,MAJOR,                    ,,,,STANFORD,,,,,,,,,,,,,,,,79,,,,,16,,                    ,                    ,0,0,,,73,5/6/2026 13:38,1,,adrian,4/24/2026 14:52,0,,,,,,,,,,,,,,0,,0,,,,,,,,,,,,,,,1ZX016D80310720781,,,,,,,,,,28,,,,,,,,,,2844,,,,,,,,,,,,,,,,,,,,,,,,,,,,,,,,,,,,,,,,,,,,,,,,,,,adrian,5/6/2026 13:38,NUULY,,,,,,,,,,,,,,,,,,,,,,,,,,,,,,,,,,,,,,,,,,,,,,,,,,,,,,,,,,,,,,,,,,,,,,,,,,,,
0,54,Closed,4/27/2026 0:00,6/26/2026 0:00,NUULY,,BRISTOL,Y,                    ,2844,0,0,0,2844,2844,0,0,,,,NET60,UPSG,                    ,ELEVATOR DISCO,,,6786291,,,ACH,6/16/2026 0:00,MAJOR,                    ,,,,STANFORD,,,,,,,,,,,,,,,,79,,,,,15,,SALES,                    ,0.13,0,,,64,6/17/2026 16:11,2,,adrian,4/24/2026 14:49,0,,,,,,,,,,,,,,0,,0,,,,,,,,,,,,,,,1ZX016D80331580581,,,,,,,,,,14,,,,,,,,,,0,,,,,,,,,,,,,,,,,,,,,,,,,,,,,,,,,,,,,,,,,,,,,,,,,,,mike,6/17/2026 16:11,NUULY,,,,,,,,,,,,,,,,,,,,,,,,,,,,,,,,,,,,,,,,,,,,,,,,,,,,,,,,,,,,,,,,,,,,,,,,,,,,
0,53,Closed,4/27/2026 0:00,6/26/2026 0:00,NUULY,,BRISTOL,Y,                    ,3861,0,0,0,3861,3861,0,0,,,,NET60,UPSG,                    ,ELEVATOR DISCO,,,6786282,,,ACH,6/16/2026 0:00,MAJOR,                    ,,,,STANFORD,,,,,,,,,,,,,,,,117,,,,,14,,SALES,                    ,0.13,0,,,61,6/17/2026 16:10,2,,adrian,4/24/2026 14:46,0,,,,,,,,,,,,,,0,,0,,,,,,,,,,,,,,,1ZX016D80330350545,,,,,,,,,,27,,,,,,,,,,0,,,,,,,,,,,,,,,,,,,,,,,,,,,,,,,,,,,,,,,,,,,,,,,,,,,mike,6/17/2026 16:10,NUULY,,,,,,,,,,,,,,,,,,,,,,,,,,,,,,,,,,,,,,,,,,,,,,,,,,,,,,,,,,,,,,,,,,,,,,,,,,,,
0,52,Closed,4/27/2026 0:00,6/26/2026 0:00,NUULY,,RAYMORE,Y,                    ,3360,0,0,0,3360,3360,0,0,,,,NET60,UPSG,                    ,ELEVATOR DISCO,,,6786272,,,ACH,6/17/2026 0:00,MAJOR,                    ,,,,STANFORD,,,,,,,,,,,,,,,,120,,,,,13,,SALES,                    ,0.13,0,,,59,6/17/2026 16:07,4,,adrian,4/24/2026 14:42,0,,,,,,,,,,,,,,0,,0,,,,,,,,,,,,,,,1ZX016D80335373119,,,,,,,,,,12,,,,,,,,,,0,,,,,,,,,,,,,,,,,,,,,,,,,,,,,,,,,,,,,,,,,,,,,,,,,,,mike,6/17/2026 16:07,NUULY,,,,,,,,,,,,,,,,,,,,,,,,,,,,,,,,,,,,,,,,,,,,,,,,,,,,,,,,,,,,,,,,,,,,,,,,,,,,
0,51,Closed,4/27/2026 0:00,6/26/2026 0:00,NUULY,,BRISTOL,Y,                    ,2268,0,0,0,2268,2268,0,0,,,,NET60,UPSG,                    ,ELEVATOR DISCO,,,6786271,,,ACH,6/17/2026 0:00,MAJOR,                    ,,,,STANFORD,,,,,,,,,,,,,,,,81,,,,,12,,SALES,                    ,0.13,0,,,58,6/17/2026 16:05,5,,adrian,4/24/2026 14:31,0,,,,,,,,,,,,,,0,,0,,,,,,,,,,,,,,,1ZX016D80332892493,,,,,,,,,,26,,,,,,,,,,0,,,,,,,,,,,,,,,,,,,,,,,,,,,,,,,,,,,,,,,,,,,,,,,,,,,mike,6/17/2026 16:05,NUULY,,,,,,,,,,,,,,,,,,,,,,,,,,,,,,,,,,,,,,,,,,,,,,,,,,,,,,,,,,,,,,,,,,,,,,,,,,,,
0,50,Closed,4/17/2026 0:00,6/16/2026 0:00,NUULY,,BRISTOL,Y,                    ,3024,0,0,0,3024,3024,0,0,,,,NET60,UPSG,                    ,ELEVATOR DISCO,,,6786332,,,ACH,6/16/2026 0:00,MAJOR,                    ,,,,STANFORD,,,,,,,,,,,,,,,,108,,,,,11,,SALES,                    ,0.13,0,,,70,6/17/2026 15:40,4,,adrian,4/24/2026 14:26,0,,,,,,,,,,,,,,0,,0,,,,,,,,,,,,,,,1ZX016D80339444679,,,,,,,,,,25,,,,,,,,,,0,,,,,,,,,,,,,,,,,,,,,,,,,,,,,,,,,,,,,,,,,,,,,,,,,,,mike,6/17/2026 15:40,NUULY,,,,,,,,,,,,,,,,,,,,,,,,,,,,,,,,,,,,,,,,,,,,,,,,,,,,,,,,,,,,,,,,,,,,,,,,,,,,
0,48,Closed,4/17/2026 0:00,6/16/2026 0:00,NUULY,,RAYMORE,Y,                    ,5348,0,0,0,5348,5348,0,0,,,,NET60,UPSG,                    ,ELEVATOR DISCO,,,6786333,,,ACH,6/16/2026 0:00,MAJOR,                    ,,,,STANFORD,,,,,,,,,,,,,,,,191,,,,,9,,SALES,                    ,0.13,0,,,71,6/17/2026 15:41,5,,adrian,4/24/2026 14:03,0,,,,,,,,,,,,,,0,,0,,,,,,,,,,,,,,,1ZX016D80316600739,,,,,,,,,,7,,,,,,,,,,0,,,,,,,,,,,,,,,,,,,,,,,,,,,,,,,,,,,,,,,,,,,,,,,,,,,mike,6/17/2026 15:41,NUULY,,,,,,,,,,,,,,,,,,,,,,,,,,,,,,,,,,,,,,,,,,,,,,,,,,,,,,,,,,,,,,,,,,,,,,,,,,,,
0,47,Closed,4/17/2026 0:00,6/16/2026 0:00,NUULY,,RAYMORE,Y,                    ,9284,0,0,0,9284,9284,0,0,,,,NET60,UPSG,                    ,ELEVATOR DISCO,,,6786298,,,ACH,6/17/2026 0:00,MAJOR,                    ,,,,STANFORD,,,,,,,,,,,,,,,,211,,,,,8,,                    ,                    ,0,0,,,68,6/17/2026 15:45,3,,adrian,4/24/2026 13:59,0,,,,,,,,,,,,,,0,,0,,,,,,,,,,,,,,,1ZX016D80306592642,,,,,,,,,,24,,,,,,,,,,0,,,,,,,,,,,,,,,,,,,,,,,,,,,,,,,,,,,,,,,,,,,,,,,,,,,adrian,6/17/2026 15:45,NUULY,,,,,,,,,,,,,,,,,,,,,,,,,,,,,,,,,,,,,,,,,,,,,,,,,,,,,,,,,,,,,,,,,,,,,,,,,,,,
0,39,Closed,4/21/2026 14:11,6/5/2026 14:11,LULUS,                    ,LULUS,Y,                    ,10875,0,0,0,10875,10875,0,0,,,,NET45,                    ,                    ,FREESIA,,,220215,,,WIRE,4/21/2026 0:00,PRIVATE LABEL,                    ,,,,STANFORD,,,,,,,,,,,,,,,,435,,,,,,,                    ,                    ,0,0,,,146,5/6/2026 13:37,1,,adrian,4/21/2026 14:11,0,,,,,,,,,,,,,,0,,0,,,,,,,,,,,,,,,,,,,,,,,,,0,,,,,,,,,,0,,,,,,,,,,,,,,,,,,,,,,,,,,,,,,,,,,,,,,,,,,,,,ORDERS@LULUS.COM,,,,,,adrian,5/6/2026 13:37,LULU'S FASHION LOUNGE,,,,,,,,,,,,,,,,,,,,,,,,,,,,,,,,,,,,,,,,,,,,,,,,,,,,,,,,,,,,,,,,,,,,,,,,,,,,
0,38,Closed,4/21/2026 14:09,6/5/2026 14:09,LULUS,                    ,LULUS,Y,                    ,7600,0,0,0,7600,7600,0,0,,,,NET45,                    ,                    ,FREESIA,,,219814,,,WIRE,4/21/2026 0:00,PRIVATE LABEL,                    ,,,,STANFORD,,,,,,,,,,,,,,,,400,,,,,,,                    ,                    ,0,0,,,144,5/6/2026 13:37,1,,adrian,4/21/2026 14:09,0,,,,,,,,,,,,,,0,,0,,,,,,,,,,,,,,,,,,,,,,,,,0,,,,,,,,,,0,,,,,,,,,,,,,,,,,,,,,,,,,,,,,,,,,,,,,,,,,,,,,ORDERS@LULUS.COM,,,,,,adrian,5/6/2026 13:37,LULU'S FASHION LOUNGE,,,,,,,,,,,,,,,,,,,,,,,,,,,,,,,,,,,,,,,,,,,,,,,,,,,,,,,,,,,,,,,,,,,,,,,,,,,,
0,37,Closed,4/21/2026 14:03,6/5/2026 14:03,LULUS,                    ,LULUS,Y,                    ,8380.22,0,0,0,8380.22,8380.22,0,0,,,,NET45,                    ,                    ,FREESIA,,,219191,,,WIRE,4/21/2026 0:00,PRIVATE LABEL,                    ,,,,STANFORD,,,,,,,,,,,,,,,,353,,,,,,,                    ,                    ,0,0,,,139,5/6/2026 13:36,2,,adrian,4/21/2026 14:04,0,,,,,,,,,,,,,,0,,0,,,,,,,,,,,,,,,,,,,,,,,,,0,,,,,,,,,,0,,,,,,,,,,,,,,,,,,,,,,,,,,,,,,,,,,,,,,,,,,,,,ORDERS@LULUS.COM,,,,,,adrian,5/6/2026 13:36,LULU'S FASHION LOUNGE,,,,,,,,,,,,,,,,,,,,,,,,,,,,,,,,,,,,,,,,,,,,,,,,,,,,,,,,,,,,,,,,,,,,,,,,,,,,
0,36,Closed,4/21/2026 13:54,6/5/2026 13:54,LULUS,                    ,LULUS,Y,                    ,3708,0,0,0,3708,3708,0,0,,,,NET45,                    ,                    ,FREESIA,,,219633,,,WIRE,4/21/2026 0:00,PRIVATE LABEL,                    ,,,,STANFORD,,,,,,,,,,,,,,,,206,,,,,,,                    ,                    ,0,0,,,142,5/6/2026 13:36,1,,adrian,4/21/2026 13:54,0,,,,,,,,,,,,,,0,,0,,,,,,,,,,,,,,,,,,,,,,,,,0,,,,,,,,,,0,,,,,,,,,,,,,,,,,,,,,,,,,,,,,,,,,,,,,,,,,,,,,ORDERS@LULUS.COM,,,,,,adrian,5/6/2026 13:36,LULU'S FASHION LOUNGE,,,,,,,,,,,,,,,,,,,,,,,,,,,,,,,,,,,,,,,,,,,,,,,,,,,,,,,,,,,,,,,,,,,,,,,,,,,,
0,35,Closed,4/21/2026 13:48,6/5/2026 13:48,LULUS,                    ,LULUS,Y,                    ,7189,0,0,0,7189,7189,0,0,,,,NET45,                    ,                    ,FREESIA,,,219192,,,WIRE,4/21/2026 0:00,PRIVATE LABEL,                    ,,,,STANFORD,,,,,,,,,,,,,,,,364,,,,,,,                    ,                    ,0,0,,,140,5/6/2026 13:36,1,,adrian,4/21/2026 13:48,0,,,,,,,,,,,,,,0,,0,,,,,,,,,,,,,,,,,,,,,,,,,0,,,,,,,,,,0,,,,,,,,,,,,,,,,,,,,,,,,,,,,,,,,,,,,,,,,,,,,,ORDERS@LULUS.COM,,,,,,adrian,5/6/2026 13:36,LULU'S FASHION LOUNGE,,,,,,,,,,,,,,,,,,,,,,,,,,,,,,,,,,,,,,,,,,,,,,,,,,,,,,,,,,,,,,,,,,,,,,,,,,,,
0,34,Closed,4/21/2026 13:31,6/5/2026 13:31,LULUS,                    ,LULUS,Y,,7334,0,0,0,7334,7334,0,0,,,,NET45,                    ,                    ,FREESIA,,,218737,,,WIRE,4/21/2026 0:00,PRIVATE LABEL,                    ,,,,STANFORD,,,,,,,,,,,,,,,,386,,,,,,,                    ,                    ,0,0,,,135,5/6/2026 13:35,1,,adrian,4/21/2026 13:32,0,,,,,,,,,,,,,,0,,0,,,,,,,,,,,,,,,,,,,,,,,,,0,,,,,,,,,,0,,,,,,,,,,,,,,,,,,,,,,,,,,,,,,,,,,,,,,,,,,,,,ORDERS@LULUS.COM,,,,,,adrian,5/6/2026 13:35,LULU'S FASHION LOUNGE,,,,,,,,,,,,,,,,,,,,,,,,,,,,,,,,,,,,,,,,,,,,,,,,,,,,,,,,,,,,,,,,,,,,,,,,,,,,
0,33,Closed,4/21/2026 13:26,6/5/2026 0:00,LULUS,,LULUS,Y,                    ,8699.6,0,0,0,8699.6,8699.6,0,0,,,,NET45,                    ,                    ,FREESIA,,,218662,,,WIRE,4/17/2026 0:00,PRIVATE LABEL,                    ,,,,STANFORD,,,,,,,,,,,,,,,,364,,,,,,,                    ,                    ,0,0,,,132,5/6/2026 13:35,1,,adrian,4/21/2026 13:26,0,,,,,,,,,,,,,,0,,0,,,,,,,,,,,,,,,,,,,,,,,,,0,,,,,,,,,,0,,,,,,,,,,,,,,,,,,,,,,,,,,,,,,,,,,,,,,,,,,,,,ORDERS@LULUS.COM,,,,,,adrian,5/6/2026 13:35,LULU'S FASHION LOUNGE,,,,,,,,,,,,,,,,,,,,,,,,,,,,,,,,,,,,,,,,,,,,,,,,,,,,,,,,,,,,,,,,,,,,,,,,,,,,
0,32,Closed,3/30/2026 0:00,5/30/2026 0:00,NUULY,                    ,NUULY,Y,                    ,32,0,0,0,32,32,0,0,,,,NET60,UPSG,                    ,ELEVATOR DISCO,,,6811530,,,WIRE,5/26/2026 0:00,MAJOR,                    ,,,,STANFORD,,,,,,,,,,,,,,,,2,,,,,103605190,,                    ,                    ,0,0,,,126,5/28/2026 10:02,,,adrian,4/21/2026 11:44,0,,,,,,,,,,,,,,0,,0,,,,,,,,,,,,,,,,,,,,,,,,,0,,,,,,,,,,0,,,,,,,,,,,,,,,,,,,,,,,,,,,,,,,,,,,,,,,,,,,,,,,,,,,adrian,,NUULY,,,,,,,,,,,,,,,,,,,,,,,,,,,,,,,,,,,,,,,,,,,,,,,,,,,,,,,,,,,,,,,,,,,,,,,,,,,,
0,31,Closed,3/26/2026 0:00,5/26/2026 0:00,NUULY,                    ,NUULY,Y,                    ,42,0,0,0,42,42,0,0,,,,NET60,                    ,                    ,ELEVATOR DISCO,,,6798612,,,WIRE,5/26/2026 0:00,MAJOR,                    ,,,,STANFORD,,,,,,,,,,,,,,,,2,,,,,103601969,,                    ,                    ,0,0,,,96,5/28/2026 10:02,,,adrian,4/21/2026 11:41,0,,,,,,,,,,,,,,0,,0,,,,,,,,,,,,,,,,,,,,,,,,,0,,,,,,,,,,0,,,,,,,,,,,,,,,,,,,,,,,,,,,,,,,,,,,,,,,,,,,,,,,,,,,adrian,,NUULY,,,,,,,,,,,,,,,,,,,,,,,,,,,,,,,,,,,,,,,,,,,,,,,,,,,,,,,,,,,,,,,,,,,,,,,,,,,,
0,30,Closed,3/30/2026 0:00,5/30/2026 0:00,NUULY,                    ,NUULY,Y,                    ,82,0,0,0,82,82,0,0,,,,NET60,                    ,                    ,ELEVATOR DISCO,,,6786496,,,WIRE,5/26/2026 0:00,MAJOR,                    ,,,,STANFORD,,,,,,,,,,,,,,,,2,,,,,103605184,,                    ,                    ,0,0,,,93,5/28/2026 10:02,,,adrian,4/21/2026 11:39,0,,,,,,,,,,,,,,0,,0,,,,,,,,,,,,,,,,,,,,,,,,,0,,,,,,,,,,0,,,,,,,,,,,,,,,,,,,,,,,,,,,,,,,,,,,,,,,,,,,,,,,,,,,adrian,,NUULY,,,,,,,,,,,,,,,,,,,,,,,,,,,,,,,,,,,,,,,,,,,,,,,,,,,,,,,,,,,,,,,,,,,,,,,,,,,,
0,29,Open,4/2/2026 0:00,6/2/2026 0:00,NUULY,                    ,NUULY,Y,                    ,56,0,0,0,56,,,,,,,NET60,                    ,                    ,ELEVATOR DISCO,,,6786489,,,WIRE,,MAJOR,                    ,,,,STANFORD,,,,,,,,,,,,,,,,2,,,,,103609382,,                    ,                    ,0,0,,,90,4/23/2026 10:16,,,adrian,4/21/2026 11:38,0,,,,,,,,,,,,,,0,,0,,,,,,,,,,,,,,,,,,,,,,,,,0,,,,,,,,,,56,,,,,,,,,,,,,,,,,,,,,,,,,,,,,,,,,,,,,,,,,,,,,,,,,,,adrian,,NUULY,,,,,,,,,,,,,,,,,,,,,,,,,,,,,,,,,,,,,,,,,,,,,,,,,,,,,,,,,,,,,,,,,,,,,,,,,,,,
0,28,Open,3/30/2026 0:00,5/30/2026 0:00,NUULY,                    ,NUULY,Y,                    ,68,0,0,0,68,,,,,,,NET60,                    ,                    ,ELEVATOR DISCO,,,6811516,,,WIRE,,MAJOR,                    ,,,,STANFORD,,,,,,,,,,,,,,,,2,,,,,103605187,,                    ,                    ,0,0,,,123,4/21/2026 11:35,,,adrian,4/21/2026 11:35,0,,,,,,,,,,,,,,0,,0,,,,,,,,,,,,,,,,,,,,,,,,,0,,,,,,,,,,68,,,,,,,,,,,,,,,,,,,,,,,,,,,,,,,,,,,,,,,,,,,,,,,,,,,adrian,,NUULY,,,,,,,,,,,,,,,,,,,,,,,,,,,,,,,,,,,,,,,,,,,,,,,,,,,,,,,,,,,,,,,,,,,,,,,,,,,,
0,25,Closed,3/30/2026 0:00,6/30/2026 0:00,NUULY,                    ,NUULY,Y,                    ,72,0,0,0,72,72,0,0,,,,NET60,                    ,                    ,ELEVATOR DISCO,,,6786293,,,WIRE,5/26/2026 0:00,MAJOR,                    ,,,,STANFORD,,,,,,,,,,,,,,,,2,,,,,103605169,,                    ,                    ,0,0,,,66,5/28/2026 10:02,,,adrian,4/21/2026 11:32,0,,,,,,,,,,,,,,0,,0,,,,,,,,,,,,,,,,,,,,,,,,,0,,,,,,,,,,0,,,,,,,,,,,,,,,,,,,,,,,,,,,,,,,,,,,,,,,,,,,,,,,,,,,adrian,,NUULY,,,,,,,,,,,,,,,,,,,,,,,,,,,,,,,,,,,,,,,,,,,,,,,,,,,,,,,,,,,,,,,,,,,,,,,,,,,,
0,23,Open,4/2/2026 0:00,6/2/2026 0:00,NUULY,                    ,NUULY,Y,                    ,56,0,0,0,56,,,,,,,NET60,                    ,                    ,ELEVATOR DISCO,,,6786334,,,WIRE,,MAJOR,                    ,,,,STANFORD,,,,,,,,,,,,,,,,2,,,,,103609377,,                    ,                    ,0,0,,,72,5/6/2026 14:14,,,adrian,4/21/2026 11:30,0,,,,,,,,,,,,,,0,,0,,,,,,,,,,,,,,,,,,,,,,,,,0,,,,,,,,,,56,,,,,,,,,,,,,,,,,,,,,,,,,,,,,,,,,,,,,,,,,,,,,,,,,,,adrian,,NUULY,,,,,,,,,,,,,,,,,,,,,,,,,,,,,,,,,,,,,,,,,,,,,,,,,,,,,,,,,,,,,,,,,,,,,,,,,,,,
0,22,Open,4/6/2026 0:00,6/6/2026 0:00,NUULY,                    ,NUULY,Y,                    ,88,0,0,0,88,,,,,,,NET60,                    ,                    ,ELEVATOR DISCO,,,6786309,,,WIRE,,MAJOR,                    ,,,,STANFORD,,,,,,,,,,,,,,,,2,,,,,103611908,,                    ,                    ,0,0,,,69,4/21/2026 11:28,,,adrian,4/21/2026 11:28,0,,,,,,,,,,,,,,0,,0,,,,,,,,,,,,,,,,,,,,,,,,,0,,,,,,,,,,88,,,,,,,,,,,,,,,,,,,,,,,,,,,,,,,,,,,,,,,,,,,,,,,,,,,adrian,,NUULY,,,,,,,,,,,,,,,,,,,,,,,,,,,,,,,,,,,,,,,,,,,,,,,,,,,,,,,,,,,,,,,,,,,,,,,,,,,,
0,21,Open,4/2/2026 0:00,6/2/2026 0:00,NUULY,                    ,NUULY,Y,                    ,56,0,0,0,56,,,,,,,NET60,                    ,                    ,ELEVATOR DISCO,,,6786274,,,WIRE,,MAJOR,                    ,,,,STANFORD,,,,,,,,,,,,,,,,2,,,,,103609374,,                    ,                    ,0,0,,,60,4/21/2026 11:26,,,adrian,4/21/2026 11:25,0,,,,,,,,,,,,,,0,,0,,,,,,,,,,,,,,,,,,,,,,,,,0,,,,,,,,,,56,,,,,,,,,,,,,,,,,,,,,,,,,,,,,,,,,,,,,,,,,,,,,,,,,,,adrian,,NUULY,,,,,,,,,,,,,,,,,,,,,,,,,,,,,,,,,,,,,,,,,,,,,,,,,,,,,,,,,,,,,,,,,,,,,,,,,,,,
0,20,Closed,3/25/2026 0:00,5/25/2026 0:00,NUULY,                    ,NUULY,Y,                    ,66,0,0,0,66,66,0,0,,,,NET60,                    ,                    ,ELEVATOR DISCO,,,6811503,,,WIRE,5/26/2026 0:00,MAJOR,                    ,,,,STANFORD,,,,,,,,,,,,,,,,2,,,,,103600535,,                    ,                    ,0,0,,,117,5/28/2026 10:02,,,adrian,4/21/2026 11:20,0,,,,,,,,,,,,,,0,,0,,,,,,,,,,,,,,,,,,,,,,,,,0,,,,,,,,,,0,,,,,,,,,,,,,,,,,,,,,,,,,,,,,,,,,,,,,,,,,,,,,,,,,,,adrian,,NUULY,,,,,,,,,,,,,,,,,,,,,,,,,,,,,,,,,,,,,,,,,,,,,,,,,,,,,,,,,,,,,,,,,,,,,,,,,,,,
0,19,Closed,3/30/2026 0:00,5/30/2026 0:00,NUULY,                    ,NUULY,Y,                    ,70,0,0,0,70,70,0,0,,,,NET60,                    ,                    ,ELEVATOR DISCO,,,6786459,,,WIRE,5/26/2026 0:00,MAJOR,                    ,,,,STANFORD,,,,,,,,,,,,,,,,2,,,,,103605180,,                    ,                    ,0,0,,,87,5/28/2026 10:02,,,adrian,4/21/2026 11:19,0,,,,,,,,,,,,,,0,,0,,,,,,,,,,,,,,,,,,,,,,,,,0,,,,,,,,,,0,,,,,,,,,,,,,,,,,,,,,,,,,,,,,,,,,,,,,,,,,,,,,,,,,,,adrian,,NUULY,,,,,,,,,,,,,,,,,,,,,,,,,,,,,,,,,,,,,,,,,,,,,,,,,,,,,,,,,,,,,,,,,,,,,,,,,,,,
0,18,Open,4/2/2026 0:00,6/2/2026 0:00,NUULY,                    ,NUULY,Y,                    ,88,0,0,0,88,,,,,,,NET60,                    ,                    ,ELEVATOR DISCO,,,6786375,,,WIRE,,MAJOR,                    ,,,,STANFORD,,,,,,,,,,,,,,,,2,,,,,103609371,,                    ,                    ,0,0,,,81,4/23/2026 10:18,,,adrian,4/21/2026 11:16,0,,,,,,,,,,,,,,0,,0,,,,,,,,,,,,,,,,,,,,,,,,,0,,,,,,,,,,88,,,,,,,,,,,,,,,,,,,,,,,,,,,,,,,,,,,,,,,,,,,,,,,,,,,adrian,,NUULY,,,,,,,,,,,,,,,,,,,,,,,,,,,,,,,,,,,,,,,,,,,,,,,,,,,,,,,,,,,,,,,,,,,,,,,,,,,,
0,17,Open,4/2/2026 0:00,6/2/2026 0:00,NUULY,                    ,NUULY,Y,                    ,72,0,0,0,72,,,,,,,NET60,                    ,                    ,ELEVATOR DISCO,,,6786349,,,WIRE,,MAJOR,                    ,,,,STANFORD,,,,,,,,,,,,,,,,2,,,,,103609366,,                    ,                    ,0,0,,,75,4/23/2026 10:18,,,adrian,4/21/2026 11:13,0,,,,,,,,,,,,,,0,,0,,,,,,,,,,,,,,,,,,,,,,,,,0,,,,,,,,,,72,,,,,,,,,,,,,,,,,,,,,,,,,,,,,,,,,,,,,,,,,,,,,,,,,,,adrian,,NUULY,,,,,,,,,,,,,,,,,,,,,,,,,,,,,,,,,,,,,,,,,,,,,,,,,,,,,,,,,,,,,,,,,,,,,,,,,,,,
0,16,Closed,3/25/2026 0:00,5/25/2026 0:00,NUULY,                    ,NUULY,Y,                    ,70,0,0,0,70,70,0,0,,,,NET60,                    ,                    ,ELEVATOR DISCO,,,6811500,,,WIRE,5/26/2026 0:00,MAJOR,                    ,,,,STANFORD,,,,,,,,,,,,,,,,2,,,,,103600534,,                    ,                    ,0,0,,,114,5/28/2026 10:02,,,adrian,4/21/2026 11:11,0,,,,,,,,,,,,,,0,,0,,,,,,,,,,,,,,,,,,,,,,,,,0,,,,,,,,,,0,,,,,,,,,,,,,,,,,,,,,,,,,,,,,,,,,,,,,,,,,,,,,,,,,,,adrian,,NUULY,,,,,,,,,,,,,,,,,,,,,,,,,,,,,,,,,,,,,,,,,,,,,,,,,,,,,,,,,,,,,,,,,,,,,,,,,,,,
0,15,Closed,4/16/2026 0:00,6/16/2026 0:00,NUULY,                    ,NUULY,Y,                    ,88,0,0,0,88,88,0,0,,,,NET60,                    ,                    ,ELEVATOR DISCO,,,6786424,,,WIRE,6/17/2026 0:00,MAJOR,                    ,,,,STANFORD,,,,,,,,,,,,,,,,2,,,,,103623291,,                    ,                    ,0,0,,,84,6/17/2026 16:45,3,,adrian,4/21/2026 11:05,0,,,,,,,,,,,,,,0,,0,,,,,,,,,,,,,,,,,,,,,,,,,0,,,,,,,,,,0,,,,,,,,,,,,,,,,,,,,,,,,,,,,,,,,,,,,,,,,,,,,,,,,,,,mike,6/17/2026 15:07,NUULY,,,,,,,,,,,,,,,,,,,,,,,,,,,,,,,,,,,,,,,,,,,,,,,,,,,,,,,,,,,,,,,,,,,,,,,,,,,,
0,14,Closed,3/25/2026 0:00,5/25/2026 0:00,NUULY,                    ,NUULY,Y,                    ,42,0,0,0,42,42,0,0,,,,NET60,                    ,                    ,ELEVATOR DISCO,,,6798658,,,WIRE,5/26/2026 0:00,MAJOR,                    ,,,,STANFORD,,,,,,,,,,,,,,,,2,,,,,103600530,,                    ,                    ,0,0,,,99,5/28/2026 10:02,,,adrian,4/21/2026 11:01,0,,,,,,,,,,,,,,0,,0,,,,,,,,,,,,,,,,,,,,,,,,,0,,,,,,,,,,0,,,,,,,,,,,,,,,,,,,,,,,,,,,,,,,,,,,,,,,,,,,,,,,,,,,adrian,,NUULY,,,,,,,,,,,,,,,,,,,,,,,,,,,,,,,,,,,,,,,,,,,,,,,,,,,,,,,,,,,,,,,,,,,,,,,,,,,,
0,13,Closed,3/26/2026 0:00,5/26/2026 0:00,NUULY,                    ,NUULY,Y,                    ,42,0,0,0,42,42,0,0,,,,NET60,                    ,                    ,ELEVATOR DISCO,,,6798720,,,WIRE,5/26/2026 0:00,MAJOR,                    ,,,,STANFORD,,,,,,,,,,,,,,,,2,,,,,103601950,,                    ,                    ,0,0,,,111,5/28/2026 10:02,,,adrian,4/21/2026 10:55,0,,,,,,,,,,,,,,0,,0,,,,,,,,,,,,,,,,,,,,,,,,,0,,,,,,,,,,0,,,,,,,,,,,,,,,,,,,,,,,,,,,,,,,,,,,,,,,,,,,,,,,,,,,adrian,,NUULY,,,,,,,,,,,,,,,,,,,,,,,,,,,,,,,,,,,,,,,,,,,,,,,,,,,,,,,,,,,,,,,,,,,,,,,,,,,,
0,12,Closed,3/25/2026 0:00,5/25/2026 0:00,NUULY,                    ,NUULY,Y,                    ,48,0,0,0,48,48,0,0,,,,NET60,                    ,                    ,ELEVATOR DISCO,,,6798673,,,WIRE,5/26/2026 0:00,MAJOR,                    ,,,,STANFORD,,,,,,,,,,,,,,,,2,,,,,103600528,,                    ,                    ,0,0,,,102,5/28/2026 10:02,,,adrian,4/21/2026 10:54,0,,,,,,,,,,,,,,0,,0,,,,,,,,,,,,,,,,,,,,,,,,,0,,,,,,,,,,0,,,,,,,,,,,,,,,,,,,,,,,,,,,,,,,,,,,,,,,,,,,,,,,,,,,adrian,,NUULY,,,,,,,,,,,,,,,,,,,,,,,,,,,,,,,,,,,,,,,,,,,,,,,,,,,,,,,,,,,,,,,,,,,,,,,,,,,,
0,11,Closed,3/25/2026 0:00,5/25/2026 0:00,NUULY,                    ,NUULY,Y,                    ,48,0,0,0,48,48,0,0,,,,NET60,                    ,                    ,ELEVATOR DISCO,,,6798693,,,WIRE,5/26/2026 0:00,MAJOR,                    ,,,,STANFORD,,,,,,,,,,,,,,,,2,,,,,103600463,,                    ,                    ,0,0,,,105,5/28/2026 10:02,,,adrian,4/21/2026 10:49,0,,,,,,,,,,,,,,0,,0,,,,,,,,,,,,,,,,,,,,,,,,,0,,,,,,,,,,0,,,,,,,,,,,,,,,,,,,,,,,,,,,,,,,,,,,,,,,,,,,,,,,,,,,adrian,,NUULY,,,,,,,,,,,,,,,,,,,,,,,,,,,,,,,,,,,,,,,,,,,,,,,,,,,,,,,,,,,,,,,,,,,,,,,,,,,,
0,10,Open,4/6/2026 0:00,6/6/2026 0:00,NUULY,                    ,NUULY,Y,                    ,84,0,0,0,84,,,,,,,NET60,                    ,                    ,ELEVATOR DISCO,,,6811513,,,WIRE,,MAJOR,                    ,,,,STANFORD,,,,,,,,,,,,,,,,2,,,,,103611916,,                    ,                    ,0,0,,,120,4/21/2026 10:47,,,adrian,4/21/2026 10:47,0,,,,,,,,,,,,,,0,,0,,,,,,,,,,,,,,,,,,,,,,,,,0,,,,,,,,,,84,,,,,,,,,,,,,,,,,,,,,,,,,,,,,,,,,,,,,,,,,,,,,,,,,,,adrian,,NUULY,,,,,,,,,,,,,,,,,,,,,,,,,,,,,,,,,,,,,,,,,,,,,,,,,,,,,,,,,,,,,,,,,,,,,,,,,,,,
0,9,Open,4/8/2026 0:00,6/8/2026 0:00,NUULY,                    ,NUULY,Y,                    ,66,0,0,0,66,,,,,,,NET60,                    ,                    ,ELEVATOR DISCO,,,6786367,,,WIRE,,MAJOR,                    ,,,,STANFORD,,,,,,,,,,,,,,,,2,,,,,103614746,,                    ,                    ,0,0,,,78,4/21/2026 10:34,,,adrian,4/21/2026 10:12,0,,,,,,,,,,,,,,0,,0,,,,,,,,,,,,,,,,,,,,,,,,,0,,,,,,,,,,66,,,,,,,,,,,,,,,,,,,,,,,,,,,,,,,,,,,,,,,,,,,,,,,,,,,adrian,,NUULY,,,,,,,,,,,,,,,,,,,,,,,,,,,,,,,,,,,,,,,,,,,,,,,,,,,,,,,,,,,,,,,,,,,,,,,,,,,,
0,8,Open,4/6/2026 0:00,6/6/2026 0:00,NUULY,                    ,NUULY,Y,                    ,66,0,0,0,66,,,,,,,NET60,                    ,                    ,ELEVATOR DISCO,,,6786284,,,WIRE,,MAJOR,                    ,,,,STANFORD,,,,,,,,,,,,,,,,2,,,,,103611909,,                    ,                    ,0,0,,,63,4/21/2026 10:34,,,adrian,4/21/2026 10:01,0,,,,,,,,,,,,,,0,,0,,,,,,,,,,,,,,,,,,,,,,,,,0,,,,,,,,,,66,,,,,,,,,,,,,,,,,,,,,,,,,,,,,,,,,,,,,,,,,,,,,,,,,,,adrian,,NUULY,,,,,,,,,,,,,,,,,,,,,,,,,,,,,,,,,,,,,,,,,,,,,,,,,,,,,,,,,,,,,,,,,,,,,,,,,,,,
0,7,Closed,1/5/2026 0:00,2/19/2026 0:00,LULUS,,LULUS,Y,,7727.1,0,0,0,7727.1,7727.1,0,0,,,,NET45,,                    ,ELEVATOR DISCO,,,                    ,,,WIRE,3/9/2026 0:00,                    ,                    ,,,,STANFORD,,,,,,,,,,,,,,,,258,,,,,,PO#216280 INV#L-71353,                    ,                    ,0,0,,,,4/14/2026 16:57,,,lillian,4/14/2026 16:55,0,,,,,,,,,,,,,,0,,0,,,,,,,,,,,,,,,,,,,,,,,,,0,,,,,,,,,,0,,,,,,,,,,,,,,,,,,,,,,,,,,,,,,,,,,,,,,,,,,,,,ORDERS@LULUS.COM,,,,,,lillian,,LULU'S FASHION LOUNGE,,,,,,,,,,,,,,,,,,,,,,,,,,,,,,,,,,,,,,,,,,,,,,,,,,,,,,,,,,,,,,,,,,,,,,,,,,,,
0,6,Closed,1/5/2026 0:00,2/19/2026 0:00,LULUS,,LULUS,Y,,2688,0,0,0,2688,2688,0,0,,,,NET45,,                    ,ELEVATOR DISCO,,,                    ,,,WIRE,3/2/2026 0:00,                    ,                    ,,,,STANFORD,,,,,,,,,,,,,,,,168,,,,,,PO#218130,                    ,                    ,0,0,,,,4/14/2026 16:43,,,lillian,4/14/2026 16:31,0,,,,,,,,,,,,,,0,,0,,,,,,,,,,,,,,,,,,,,,,,,,0,,,,,,,,,,0,,,,,,,,,,,,,,,,,,,,,,,,,,,,,,,,,,,,,,,,,,,,,ORDERS@LULUS.COM,,,,,,lillian,,LULU'S FASHION LOUNGE,,,,,,,,,,,,,,,,,,,,,,,,,,,,,,,,,,,,,,,,,,,,,,,,,,,,,,,,,,,,,,,,,,,,,,,,,,,,
0,5,Closed,4/13/2026 17:28,4/13/2026 17:28,TESTN41,                    ,TESTN41,Y,,50,0,0,0,50,50,0,0,,,,COD,UPSG,,ELEVATOR DISCO,,,test,,,CREDIT CARD,4/14/2026 0:00,SPECIALTY,                    ,,,,STANFORD,,,,,,,,,,,,,,,,5,,,,,,,,,0,0,,,134,4/14/2026 14:20,2,,adrian,4/13/2026 17:28,0,,,,,,,,,,,,,,0,,0,,,,,,,,,,,,,,,,,,,,,,,,,0,,,,,,,,,,0,,,,,,,,,,,,,,,,,,,,,,,,,,,,,,,,,,,,,,,,,,,,,,,,,,,adrian,4/13/2026 17:30,TestN41,,,,,,,,,,,,,,,,,,,,,,,,,,,,,,,,,,,,,,,,,,,,,,,,,,,,,,,,,,,,,,,,,,,,,,,,,,,,
