poNo,orderDate,startDate,cancelDate,vendor,status,voids,type,customer,custPo,onBoardDate,terms,shipVia,shipMark,lcNo,lcDate,blNo,blDate,quota,duty,freight,createUser,createDate,updateUser,updateDate,soNo,memoCode,processType,cancelReason,cancelReasonDate,etaDate,shipTo,warehouse,cutPo,poclhExist,processCount,lastProcess,userfDate,userDate,userDate1,userDate2,soCustomer,style,shipDate,totalQty,receiveQty,orderType,division,location1,vendor1,price1,location2,vendor2,price2,color,extPrice,rcvExtPrice,stylePrice1,componentType,cutReleaseDate,cutFinishDate,sewingPickupDate,sewingDueDate,currentLocation,currentVendor,bomReqQty,bomUsedQty,firstPoPrice,currentTask,processExist,logisticDate,soCancelDate,soStore,soUser1,vendorShipDate,childCount,rcvdChildPoCount,rcvdChildPoQty,assCompPoCount,rcvdAssCompPoCount,rcvdAssCompPoQty,styleUser1,lastReceiveDate,memo,unit1,unit2,unit3,unit4,unit5,unit6,unit7,unit8,unit9,unit10,unit11,unit12,style2,color2,user1,user2,user3,user4,user5,user6,user7,user8,user9,user10,markerNo,custName,season,memo2,booked,shipViaOa,planEtd,planEta,designer,paidAmt,paidStatus,styleCost,totalCost,tchildCount,treqCount,freqCount,fchildCount,facompPoCount,tacompPoCount
554,"2026-06-26 00:00:00",,"2026-08-20 00:00:00",STENUE,Open,,Confirmed,,11082,,,MATSON,,,,,,,,,Marie,"2026-06-26 19:55:18",Marie,"2026-06-26 19:55:18",0,,PO,,,"2026-08-20 00:00:00",,,PO,,,,,,,,"                    ",CP1008V,"2026-07-30 00:00:00",300.00,0.00,,FREESIA,,,,,,,CREAM,2010.000000,0.000000,14.5400,Style,,,,,,,,,,,,,,,,,0,0,,0,0,,,,,,,,,,,,,,,,,,,,,,,,,,,,,,,,,,,,,,0.000000,Unpaid,6.7000,2010.000000,0,0,0,0,0,0
553,"2026-06-26 00:00:00",,,INLOOK,Open,,,,229519,,,MATSON,,,,,,,,,minji,"2026-06-26 11:22:51",minji,"2026-06-26 11:24:16",0,,PO,,,,,,PO,,,,,,,,"                    ",FRD2207,,400.00,0.00,,FREESIA,,,,,,,"BLACK PINK GREEN",0.000000,0.000000,0.0000,Style,,,,,,,,,,,,,,,,,0,0,,0,0,,,,,,,,,,,,,,,,,,,,,,,,,,,,,,,,,,,,,,0.000000,Unpaid,22.6000,9040.000000,0,0,0,0,0,0
552,"2026-06-26 00:00:00",,"2026-07-24 00:00:00",STENUE,Open,,,,10392,,,"                    ",,,,,,,,,adrian,"2026-06-26 11:08:03",adrian,"2026-06-26 11:08:03",1681,,PO,,,"2026-07-24 00:00:00",,,PO,,,,,,,,"12TH TRIBE",EP4045VD,"2026-06-26 00:00:00",381.00,223.00,,"ELEVATOR DISCO",,,,,,,OLIVE,3352.800000,1962.400000,15.9400,Style,,,,,,,,,,,,,,,,,0,0,,0,0,,,,,,,,,,,,,,,,,,,,,,,,,,,,,,,,,,,,,,0.000000,Unpaid,8.8000,3352.800000,0,0,0,0,0,0
551,"2026-06-26 00:00:00",,,INLOOK,Open,,,,229518,,,MATSON,,,,,,,,,minji,"2026-06-26 11:06:41",minji,"2026-06-26 11:08:14",0,,PO,,,,,,PO,,,,,,,,"                    ",FRD2177,,200.00,0.00,,FREESIA,,,,,,,BLACK,0.000000,0.000000,0.0000,Style,,,,,,,,,,,,,,,,,0,0,,0,0,,,,,,,,,,,,,,,,,,,,,,,,,,,,,,,,,,,,,,0.000000,Unpaid,17.0000,3400.000000,0,0,0,0,0,0
550,"2026-06-25 00:00:00",,"2026-07-23 00:00:00",STENUE,Closed,,,,6884202,,,"                    ",,,,,,,,,shipping,"2026-06-25 17:08:13",shipping,"2026-06-25 17:08:13",1628,,PO,,,"2026-07-23 00:00:00",,,PO,,,,,,,,BLOOMINGDALES,SET8341B,"2026-06-25 00:00:00",30.00,28.00,,"ELEVATOR DISCO",,,,,,,BROWN,0.000000,0.000000,28.0000,Style,,,,,,,,,,,,,,,,,0,0,,0,0,,,,,,,,,,,,,,,,,,,,,,,,,,,,,,,,,,,,,,0.000000,Unpaid,0.0000,0.000000,0,0,0,0,0,0
549,"2026-06-25 00:00:00",,"2026-07-23 00:00:00",STENUE,Closed,,,,6884202,,,"                    ",,,,,,,,,shipping,"2026-06-25 17:08:13",shipping,"2026-06-25 17:08:13",1628,,PO,,,"2026-07-23 00:00:00",,,PO,,,,,,,,BLOOMINGDALES,SET8341A,"2026-06-25 00:00:00",50.00,49.00,,"ELEVATOR DISCO",,,,,,,BROWN,0.000000,0.000000,24.0000,Style,,,,,,,,,,,,,,,,,0,0,,0,0,,,,,,,,,,,,,,,,,,,,,,,,,,,,,,,,,,,,,,0.000000,Unpaid,0.0000,0.000000,0,0,0,0,0,0
548,"2026-06-25 00:00:00",,"2026-07-23 00:00:00",STENUE,Closed,,,,6884202,,,"                    ",,,,,,,,,shipping,"2026-06-25 17:08:12",shipping,"2026-06-25 17:08:12",1628,,PO,,,"2026-07-23 00:00:00",,,PO,,,,,,,,BLOOMINGDALES,CS1021,"2026-06-25 00:00:00",50.00,47.00,,"ELEVATOR DISCO",,,,,,,BROWN,0.000000,0.000000,24.0000,Style,,,,,,,,,,,,,,,,,0,0,,0,0,,,,,,,,,,,,,,,,,,,,,,,,,,,,,,,,,,,,,,0.000000,Unpaid,0.0000,0.000000,0,0,0,0,0,0
547,"2026-06-25 00:00:00",,,STENUE,Open,,,,229517,,,MATSON,,,,,,,,,minji,"2026-06-25 17:01:56",minji,"2026-06-25 17:09:48",0,,PO,,,,,,PO,,,,,,,,"                    ",FRD1388,,300.00,0.00,,"ELEVATOR DISCO",,,,,,,CREAM,5880.000000,0.000000,0.0000,Style,,,,,,,,,,,,,,,,,0,0,,0,0,,,,,,,,,,,,,,,,,,,,,,,,,,,,,,,,,,,,,,0.000000,Unpaid,20.0000,6000.000000,0,0,0,0,0,0
546,"2026-06-25 00:00:00",,,INLOOK,Open,,,,229516,,,MATSON,,,,,,,,,minji,"2026-06-25 16:42:20",minji,"2026-06-25 16:47:03",0,,PO,,,,,,PO,,,,,,,,"                    ",EDX2332,,449.00,0.00,,FREESIA,,,,,,,WINE,5298.200000,0.000000,0.0000,Style,,,,,,,,,,,,,,,,,0,0,,0,0,,,,,,,,,,,,,,,,,,,,,,,,,,,,,,,,,,,,,,0.000000,Unpaid,11.0000,4939.000000,0,0,0,0,0,0
545,"2026-06-25 00:00:00",,,STENUE,Open,,,,229509,,,MATSON,,,,,,,,,minji,"2026-06-25 16:20:09",minji,"2026-06-25 16:59:58",0,,PO,,,,,,PO,,,,,,,,"                    ",EDX1719,,400.00,0.00,,FREESIA,,,,,,,BLACK,5880.000000,0.000000,0.0000,Style,,,,,,,,,,,,,,,,,0,0,,0,0,,,,,,,,,,,,,,,,,,,,,,,,,,,,,,,,,,,,,,0.000000,Unpaid,14.5000,5800.000000,0,0,0,0,0,0
544,"2026-06-25 00:00:00",,"2026-07-23 00:00:00",STENUE,Closed,,,,6884202,,,"                    ",,,,,,,,,shipping,"2026-06-25 15:08:11",shipping,"2026-06-25 15:08:11",1628,,PO,,,"2026-07-23 00:00:00",,,PO,,,,,,,,BLOOMINGDALES,CT1045,"2026-06-25 00:00:00",50.00,50.00,,"ELEVATOR DISCO",,,,,,,BROWN,590.000000,590.000000,24.0000,Style,,,,,,,,,,,,,,,,,0,0,,0,0,,,,,,,,,,,,,,,,,,,,,,,,,,,,,,,,,,,,,,0.000000,Unpaid,11.8000,590.000000,0,0,0,0,0,0
543,"2026-06-24 00:00:00",,,INLOOK,Open,,,,229442,,,MATSON,,,,,,,,,minji,"2026-06-24 15:05:13",minji,"2026-06-24 15:09:39",1835,,PO,,,,,,PO,,,,,,,,LULUS,ESWD6043,,500.00,0.00,,FREESIA,,,,,,,"BLACK IVORY",5375.000000,0.000000,0.0000,Style,,,,,,,,,,,,,,,,,0,0,,0,0,,,,,,,,,,,,,,,,,,,,,,,,,,,,,,,,,,,,,,0.000000,Unpaid,10.7500,5375.000000,0,0,0,0,0,0
542,"2026-06-24 00:00:00",,,INLOOK,Open,,,,229443,,,MATSON,,,,,,,,,minji,"2026-06-24 14:13:29",minji,"2026-06-24 14:14:39",0,,PO,,,,,,PO,,,,,,,,"                    ",EDD1227,,500.00,0.00,,FREESIA,,,,,,,BLACK,5975.000000,0.000000,0.0000,Style,,,,,,,,,,,,,,,,,0,0,,0,0,,,,,,,,,,,,,,,,,,,,,,,,,,,,,,,,,,,,,,0.000000,Unpaid,11.9500,5975.000000,0,0,0,0,0,0
541,"2026-06-24 00:00:00",,,DONGJING,Open,,,,229353,,,,,,,,,,,,minji,"2026-06-24 14:06:14",minji,"2026-06-24 15:22:22",1836,,PO,,,,,,PO,,,,,,,,LULUS,ED1649D,,401.00,0.00,,FREESIA,,,,,,,"BLUE BLACK CREAM",4411.000000,0.000000,19.0000,Style,,,,,,,,,,,,,,,,,0,0,,0,0,,,,,,,,,,,,,,,,,,,,,,,,,,,,,,,,,,,,,,0.000000,Unpaid,11.2000,4491.200000,0,0,0,0,0,0
540,"2026-06-24 00:00:00",,,STENUE,Open,,,,"                    ",,,AIR,,,,,,,,,minji,"2026-06-24 11:44:47",minji,"2026-06-24 11:44:47",0,,PO,,,,,,PO,,,,,,,,"                    ",SET8341A,,180.00,0.00,,"ELEVATOR DISCO",,,,,,,BROWN,2119.000000,0.000000,24.0000,Style,,,,,,,,,,,,,,,,,0,0,,0,0,,,,,,,,,,,,,,,,,,,,,,,,,,,,,,,,,,,,,,0.000000,Unpaid,0.0000,590.000000,0,0,0,0,0,0
539,"2026-06-22 00:00:00",,"2026-08-20 00:00:00",STENUE,Open,,Confirmed,,11082,,,MATSON,,,,,,,,,Marie,"2026-06-22 20:47:43",minji,"2026-06-24 16:15:36",0,,PO,,,"2026-08-20 00:00:00",,,PO,,,,,,,,"                    ",ET3237VD,"2026-07-30 00:00:00",250.00,0.00,,FREESIA,,,,,,,BONE,1650.000000,0.000000,13.0400,Style,,,,,,,,,,,,,,,,,0,0,,0,0,,,,,,,,,,,,,,,,,,,,,,,,,,,,,,,,,,,,,,0.000000,Unpaid,6.6000,1650.000000,0,0,0,0,0,0
538,"2026-06-22 00:00:00",,"2026-08-20 00:00:00",STENUE,Open,,Confirmed,,11082,,,MATSON,,,,,,,,,Marie,"2026-06-22 20:37:53",minji,"2026-06-23 08:39:20",0,,PO,,,"2026-08-20 00:00:00",,,PO,,,,,,,,"                    ",ET3237VD,"2026-07-30 00:00:00",250.00,0.00,,FREESIA,,,,,,,BLACK,1650.000000,0.000000,13.0400,Style,,,,,,,,,,,,,,,,,0,0,,0,0,,,,,,,,,,,,,,,,,,,,,,,,,,,,,,,,,,,,,,0.000000,Unpaid,6.6000,1650.000000,0,0,0,0,0,0
537,"2026-06-19 00:00:00",,,STENUE,Open,,Confirmed,,11082,,,MATSON,,,,,,,,,Marie,"2026-06-19 20:14:05",Marie,"2026-06-19 20:16:31",0,,PO,,,"2026-08-14 00:00:00",,,PO,,,,,,,,"                    ",EPD4028,"2026-07-24 00:00:00",400.00,0.00,,FREESIA,,,,,,,BLACK,2960.000000,0.000000,15.7900,Style,,,,,,,,,,,,,,,,,0,0,,0,0,,,,,,,,,,,,,,,,,,,,,,,,,,,,,,,,,,,,,,0.000000,Unpaid,7.4000,2960.000000,0,0,0,0,0,0
536,"2026-06-19 00:00:00",,,STENUE,Open,,,,"                    ",,,MATSON,,,,,,,,,minji,"2026-06-19 15:59:53",minji,"2026-06-19 16:00:29",0,,PO,,,,,,PO,,,,,,,,"                    ",ET2631B,,300.00,0.00,,FREESIA,,,,,,,LEOPARD,2280.000000,0.000000,17.0400,Style,,,,,,,,,,,,,,,,,0,0,,0,0,,,,,,,,,,,,,,,,,,,,,,,,,,,,,,,,,,,,,,0.000000,Unpaid,7.6000,2280.000000,0,0,0,0,0,0
535,"2026-01-13 00:00:00",,,STENUE,Open,,,,"                    ",,,,,,,,,,,,minji,"2026-06-16 09:44:36",minji,"2026-06-16 09:44:36",0,,PO,,,,,,PO,,,,,,,,"                    ",CD1058,,30.00,0.00,,"ELEVATOR DISCO",,,,,,,BROWN,495.000000,0.000000,42.0000,Style,,,,,,,,,,,,,,,,,0,0,,0,0,,,,,,,,,,,,,,,,,,,,,,,,,,,,,,,,,,,,,,0.000000,Unpaid,16.5000,495.000000,0,0,0,0,0,0
534,"2026-06-15 00:00:00",,,STENUE,Open,,,,"                    ",,,MATSON,,,,,,,,,minji,"2026-06-15 16:45:00",minji,"2026-06-15 16:46:15",0,,PO,,,,,,PO,,,,,,,,"                    ",FSET8043M,,251.00,0.00,,FREESIA,,,,,,,SAGE,3263.000000,0.000000,20.0000,Style,,,,,,,,,,,,,,,,,0,0,,0,0,,,,,,,,,,,,,,,,,,,,,,,,,,,,,,,,,,,,,,0.000000,Unpaid,13.0000,3263.000000,0,0,0,0,0,0
533,"2026-06-15 00:00:00",,,STENUE,Open,,,,"                    ",,,MATSON,,,,,,,,,minji,"2026-06-15 16:41:45",minji,"2026-06-17 12:08:21",0,,PO,,,,,,PO,,,,,,,,"                    ",FSET8043M,,301.00,0.00,,FREESIA,,,,,,,BURGUNDY,3913.000000,0.000000,20.0000,Style,,,,,,,,,,,,,,,,,0,0,,0,0,,,,,,,,,,,,,,,,,,,,,,,,,,,,,,,,,,,,,,0.000000,Unpaid,13.0000,3913.000000,0,0,0,0,0,0
532,"2026-06-15 00:00:00",,,STENUE,Open,,,,"                    ",,,MATSON,,,,,,,,,minji,"2026-06-15 16:35:05",minji,"2026-06-15 16:35:40",0,,PO,,,,,,PO,,,,,,,,"                    ",FRD2061,,400.00,0.00,,FREESIA,,,,,,,"BROWN YELLOW PINK",6720.000000,0.000000,0.0000,Style,,,,,,,,,,,,,,,,,0,0,,0,0,,,,,,,,,,,,,,,,,,,,,,,,,,,,,,,,,,,,,,0.000000,Unpaid,16.8000,6720.000000,0,0,0,0,0,0
531,"2026-06-15 00:00:00",,,STENUE,Open,,,,"                    ",,,MATSON,,,,,,,,,minji,"2026-06-15 16:14:09",minji,"2026-06-15 16:15:41",0,,PO,,,,,,PO,,,,,,,,"                    ",FSET8055T,,600.00,0.00,,FREESIA,,,,,,,"BURGUNDY  BABY PINK",3120.000000,0.000000,0.0000,Style,,,,,,,,,,,,,,,,,0,0,,0,0,,,,,,,,,,,,,,,,,,,,,,,,,,,,,,,,,,,,,,0.000000,Unpaid,5.6000,3210.000000,0,0,0,0,0,0
530,"2026-06-15 00:00:00",,,DONGJING,Open,,,,"                    ",,,MATSON,,,,,,,,,minji,"2026-06-15 08:57:52",minji,"2026-06-15 08:58:45",0,,PO,,,,,,PO,,,,,,,,"                    ",FRD2476,,300.00,0.00,,FREESIA,,,,,,,"BLACK PINK GREEN",2460.000000,0.000000,0.0000,Style,,,,,,,,,,,,,,,,,0,0,,0,0,,,,,,,,,,,,,,,,,,,,,,,,,,,,,,,,,,,,,,0.000000,Unpaid,8.2000,2460.000000,0,0,0,0,0,0
529,"2026-06-15 00:00:00",,,UNISI,Open,,,,11082,,,MATSON,,,,,,,,,minji,"2026-06-15 08:42:36",minji,"2026-06-18 09:18:49",1821,,PO,,,,,,PO,,,,,,,,"12TH TRIBE",SET8357-T,,250.00,0.00,,FREESIA,,,,,,,IVORY,1632.500000,0.000000,12.5400,Style,,,,,,,,,,,,,,,,,0,0,,0,0,,,,,,,,,,,,,,,,,,,,,,,,,,,,,,,,,,,,,,0.000000,Unpaid,0.0000,0.000000,0,0,0,0,0,0
528,"2026-06-11 00:00:00",,,STENUE,Open,,,,"                    ",,,MATSON,,,,,,,,,minji,"2026-06-11 17:06:24",minji,"2026-06-11 17:06:24",0,,PO,,,,,,PO,,,,,,,,"                    ",EP4045VD,,100.00,0.00,,FREESIA,,,,,,,OLIVE,880.000000,0.000000,15.9400,Style,,,,,,,,,,,,,,,,,0,0,,0,0,,,,,,,,,,,,,,,,,,,,,,,,,,,,,,,,,,,,,,0.000000,Unpaid,8.8000,880.000000,0,0,0,0,0,0
527,"2026-06-11 00:00:00",,,DONGJING,Open,,,,11044,,,MATSON,,,,,,,,,minji,"2026-06-11 16:50:19",minji,"2026-06-11 16:50:32",1798,,PO,,,,,,PO,,,,,,,,"12TH TRIBE",FRD1879-12,,400.00,0.00,,FREESIA,,,,,,,MULTI,3400.000000,0.000000,19.9400,Style,,,,,,,,,,,,,,,,,0,0,,0,0,,,,,,,,,,,,,,,,,,,,,,,,,,,,,,,,,,,,,,0.000000,Unpaid,8.5000,3400.000000,0,0,0,0,0,0
526,"2026-06-11 00:00:00",,,DONGJING,Open,,,,11026,,,MATSON,,,,,,,,,minji,"2026-06-11 10:12:16",minji,"2026-06-11 10:15:12",1777,,PO,,,,,,PO,,,,,,,,"12TH TRIBE",EDX2853,,50.00,0.00,,FREESIA,,,,,,,OLIVE,430.000000,0.000000,16.2400,Style,,,,,,,,,,,,,,,,,0,0,,0,0,,,,,,,,,,,,,,,,,,,,,,,,,,,,,,,,,,,,,,0.000000,Unpaid,8.6000,430.000000,0,0,0,0,0,0
525,"2026-06-10 00:00:00",,"2026-10-01 00:00:00",STENUE,Open,,,,299513597-1,,,MATSON,,,,,,,,,mike,"2026-06-10 11:14:33",mike,"2026-06-10 11:14:33",1773,,PO,,,"2026-09-22 00:00:00",,,PO,,,,,,,,"HAZEL GREY BOUTIQUE",EVT2035,"2026-09-11 00:00:00",6.00,0.00,,"ELEVATOR DISCO",,,,,,,BLACK,57.000000,0.000000,24.0000,Style,,,,,,,,,,,,,,,,,0,0,,0,0,,,,,,,,,,,,,,,,,,,,,,,,,,,,,,,,,,,,,,0.000000,Unpaid,9.5000,57.000000,0,0,0,0,0,0
524,"2026-06-10 00:00:00",,"2026-10-01 00:00:00",STENUE,Open,,,,299513597-1,,,MATSON,,,,,,,,,mike,"2026-06-10 11:14:32",mike,"2026-06-10 11:14:32",1773,,PO,,,"2026-09-22 00:00:00",,,PO,,,,,,,,"HAZEL GREY BOUTIQUE",EVD1133,"2026-09-11 00:00:00",6.00,0.00,,"ELEVATOR DISCO",,,,,,,BLACK,133.800000,0.000000,46.0000,Style,,,,,,,,,,,,,,,,,0,0,,0,0,,,,,,,,,,,,,,,,,,,,,,,,,,,,,,,,,,,,,,0.000000,Unpaid,22.3000,133.800000,0,0,0,0,0,0
523,"2026-06-09 00:00:00",,,STENUE,Open,,,,"                    ",,,MATSON,,,,,,,,,minji,"2026-06-09 11:42:57",minji,"2026-06-10 09:57:40",0,,PO,,,,,,PO,,,,,,,,"                    ",EDX2768V,,250.00,0.00,,FREESIA,,,,,,,IVORY,3000.000000,0.000000,20.5400,Style,,,,,,,,,,,,,,,,,0,0,,0,0,,,,,,,,,,,,,,,,,,,,,,,,,,,,,,,,,,,,,,0.000000,Unpaid,0.0000,0.000000,0,0,0,0,0,0
522,"2026-06-04 00:00:00",,,STENUE,Open,,,,"                    ",,,MATSON,,,,,,,,,minji,"2026-06-04 14:38:29",minji,"2026-06-04 14:38:48",0,,PO,,,,,,PO,,,,,,,,"                    ",FRJ6034,,350.00,0.00,,FREESIA,,,,,,,BEIGE,5950.000000,0.000000,41.0000,Style,,,,,,,,,,,,,,,,,0,0,,0,0,,,,,,,,,,,,,,,,,,,,,,,,,,,,,,,,,,,,,,0.000000,Unpaid,17.0000,5950.000000,0,0,0,0,0,0
521,"2026-06-01 00:00:00",,,KJ,Open,,,,"                    ",,,MATSON,,,,,,,,,minji,"2026-06-01 11:33:59",minji,"2026-06-01 11:33:59",0,,PO,,,,,,PO,,,,,,,,"                    ",EVT2050,,114.00,0.00,,"ELEVATOR DISCO",,,,,,,BLACK,1732.800000,0.000000,28.0000,Style,,,,,,,,,,,,,,,,,0,0,,0,0,,,,,,,,,,,,,,,,,,,,,,,,,,,,,,,,,,,,,,0.000000,Unpaid,15.2000,1732.800000,0,0,0,0,0,0
520,"2026-05-29 00:00:00",,,STENUE,Open,,,,"                    ",,,MATSON,,,,,,,,,minji,"2026-05-29 18:49:43",Marie,"2026-06-12 09:12:14",0,,PO,,,,,,PO,,,,,,,,"                    ",EVB3038,,42.00,0.00,,"ELEVATOR DISCO",,,,,,,BLACK,751.800000,0.000000,33.0000,Style,,,,,,,,,,,,,,,,,0,0,,0,0,,,,,,,,,,,,,,,,,,,,,,,,,,,,,,,,,,,,,,0.000000,Unpaid,17.9000,751.800000,0,0,0,0,0,0
519,"2026-05-29 00:00:00",,,DONGJING,Open,,,,"                    ",,,MATSON,,,,,,,,,minji,"2026-05-29 18:45:46",minji,"2026-05-29 18:46:00",0,,PO,,,,,,PO,,,,,,,,"                    ",EVT2034,,102.00,0.00,,"ELEVATOR DISCO",,,,,,,PINK,1040.400000,0.000000,21.0000,Style,,,,,,,,,,,,,,,,,0,0,,0,0,,,,,,,,,,,,,,,,,,,,,,,,,,,,,,,,,,,,,,0.000000,Unpaid,10.2000,1040.400000,0,0,0,0,0,0
518,"2026-05-29 00:00:00",,,STENUE,Open,,,,"                    ",,,MATSON,,,,,,,,,minji,"2026-05-29 18:41:07",Marie,"2026-06-14 21:18:59",0,,PO,,,,,,PO,,,,,,,,"                    ",FRJ6034,,71.00,0.00,,"ELEVATOR DISCO",,,,,,,"LIGHT BROWN",1207.000000,0.000000,41.0000,Style,,,,,,,,,,,,,,,,,0,0,,0,0,,,,,,,,,,,,,,,,,,,,,,,,,,,,,,,,,,,,,,0.000000,Unpaid,17.0000,1207.000000,0,0,0,0,0,0
517,"2026-05-29 00:00:00",,,STENUE,Open,,,,"                    ",,,MATSON,,,,,,,,,minji,"2026-05-29 18:36:40",minji,"2026-05-29 18:36:40",0,,PO,,,,,,PO,,,,,,,,"                    ",EVB3023,,102.00,0.00,,"ELEVATOR DISCO",,,,,,,"DARK BROWN",1224.000000,0.000000,27.0000,Style,,,,,,,,,,,,,,,,,0,0,,0,0,,,,,,,,,,,,,,,,,,,,,,,,,,,,,,,,,,,,,,0.000000,Unpaid,12.0000,1224.000000,0,0,0,0,0,0
516,"2026-05-29 00:00:00",,,STENUE,Open,,,,"                    ",,,MATSON,,,,,,,,,minji,"2026-05-29 18:32:57",minji,"2026-05-29 18:32:57",0,,PO,,,,,,PO,,,,,,,,"                    ",EVT2021,,102.00,0.00,,"ELEVATOR DISCO",,,,,,,"DARK BROWN",1326.000000,0.000000,27.0000,Style,,,,,,,,,,,,,,,,,0,0,,0,0,,,,,,,,,,,,,,,,,,,,,,,,,,,,,,,,,,,,,,0.000000,Unpaid,13.0000,1326.000000,0,0,0,0,0,0
515,"2026-05-29 00:00:00",,,STENUE,Open,,,,"                    ",,,MATSON,,,,,,,,,minji,"2026-05-29 18:26:51",minji,"2026-05-29 18:30:14",0,,PO,,,,,,PO,,,,,,,,"                    ",EVD1029,,102.00,0.00,,"ELEVATOR DISCO",,,,,,,"DARK BROWN",1407.600000,0.000000,30.0000,Style,,,,,,,,,,,,,,,,,0,0,,0,0,,,,,,,,,,,,,,,,,,,,,,,,,,,,,,,,,,,,,,0.000000,Unpaid,0.0000,0.000000,0,0,0,0,0,0
514,"2026-05-29 00:00:00",,,STENUE,Open,,,,"                    ",,,MATSON,,,,,,,,,minji,"2026-05-29 18:22:06",Marie,"2026-06-14 22:17:20",0,,PO,,,,,,PO,,,,,,,,"                    ",EVB3025,,14.00,0.00,,"ELEVATOR DISCO",,,,,,,BROWN,186.200000,0.000000,28.0000,Style,,,,,,,,,,,,,,,,,0,0,,0,0,,,,,,,,,,,,,,,,,,,,,,,,,,,,,,,,,,,,,,0.000000,Unpaid,13.3000,186.200000,0,0,0,0,0,0
513,"2026-05-29 00:00:00",,,STENUE,Open,,,,"                    ",,,MATSON,,,,,,,,,minji,"2026-05-29 17:53:07",minji,"2026-05-29 17:53:07",0,,PO,,,,,,PO,,,,,,,,"                    ",SET8356B,,150.00,0.00,,FREESIA,,,,,,,WHITE,1230.000000,0.000000,16.2900,Style,,,,,,,,,,,,,,,,,0,0,,0,0,,,,,,,,,,,,,,,,,,,,,,,,,,,,,,,,,,,,,,0.000000,Unpaid,8.2000,1230.000000,0,0,0,0,0,0
512,"2026-05-29 00:00:00",,,STENUE,Open,,,,"                    ",,,AIR,,,,,,,,,minji,"2026-05-29 17:51:44",minji,"2026-05-29 18:00:07",0,,PO,,,,,,PO,,,,,,,,"                    ",SET8356B,,150.00,0.00,,FREESIA,,,,,,,WHITE,1230.000000,0.000000,16.2900,Style,,,,,,,,,,,,,,,,,0,0,,0,0,,,,,,,,,,,,,,,,,,,,,,,,,,,,,,,,,,,,,,0.000000,Unpaid,8.2000,1230.000000,0,0,0,0,0,0
511,"2026-05-28 00:00:00",,,STENUE,Open,,,,227940,,,"CITY BUSINESS",,,,,,,,,minji,"2026-05-28 16:52:37",minji,"2026-06-10 09:57:27",1755,,PO,,,,,,PO,,,,,,,,LULUS,EDX2742,,300.00,0.00,,FREESIA,,,,,,,"BLACK CREAM",4680.000000,0.000000,0.0000,Style,,,,,,,,,,,,,,,,,0,0,,0,0,,,,,,,,,,,,,,,,,,,,,,,,,,,,,,,,,,,,,,0.000000,Unpaid,15.6000,4680.000000,0,0,0,0,0,0
510,"2026-05-28 00:00:00",,,STENUE,Open,,,,228008,,,MATSON,,,,,,,,,minji,"2026-05-28 16:44:35",adrian,"2026-05-28 17:09:05",1753,,PO,,,,,,PO,,,,,,,,LULUS,FRD2061,,450.00,0.00,,FREESIA,,,,,,,"BLACK PINK OLIVE",7560.000000,0.000000,0.0000,Style,,,,,,,,,,,,,,,,,0,0,,0,0,,,,,,,,,,,,,,,,,,,,,,,,,,,,,,,,,,,,,,0.000000,Unpaid,16.8000,7560.000000,0,0,0,0,0,0
509,"2026-05-28 00:00:00",,,INLOOK,Open,,,,228007,,,MATSON,,,,,,,,,minji,"2026-05-28 16:26:09",Marie,"2026-06-05 15:52:59",1752,,PO,,,,,,PO,,,,,,,,LULUS,EDX2332,,300.00,0.00,,FREESIA,,,,,,,"BLACK SHINY BLACK",3540.000000,0.000000,21.0000,Style,,,,,,,,,,,,,,,,,0,0,,0,0,,,,,,,,,,,,,,,,,,,,,,,,,,,,,,,,,,,,,,0.000000,Unpaid,0.0000,0.000000,0,0,0,0,0,0
508,"2026-05-28 00:00:00",,,INLOOK,Open,,,,228006,,,MATSON,,,,,,,,,minji,"2026-05-28 16:10:16",Marie,"2026-06-05 15:51:29",1751,,PO,,,,,,PO,,,,,,,,LULUS,EDX2332,,350.00,0.00,,FREESIA,,,,,,,"EMERALD GREEN",4130.000000,0.000000,21.0000,Style,,,,,,,,,,,,,,,,,0,0,,0,0,,,,,,,,,,,,,,,,,,,,,,,,,,,,,,,,,,,,,,0.000000,Unpaid,0.0000,0.000000,0,0,0,0,0,0
507,"2026-05-28 00:00:00",,,DONGJING,Open,,,,10936,,,MATSON,,,,,,,,,minji,"2026-05-28 15:51:58",adrian,"2026-05-28 17:12:25",1754,,PO,,,,,,PO,,,,,,,,"12TH TRIBE",SET8376C,,350.00,0.00,,FREESIA,,,,,,,WHITE,4375.000000,0.000000,23.1400,Style,,,,,,,,,,,,,,,,,0,0,,0,0,,,,,,,,,,,,,,,,,,,,,,,,,,,,,,,,,,,,,,0.000000,Unpaid,23.1400,8099.000000,0,0,0,0,0,0
506,"2026-05-28 00:00:00",,,GF,Open,,,,"                    ",,,MATSON,,,,,,,,,minji,"2026-05-28 15:28:22",Marie,"2026-06-17 12:00:15",0,,PO,,,,,,PO,,,,,,,,"                    ",CD1067,,121.00,0.00,,"ELEVATOR DISCO",,,,,,,BLACK,1512.500000,0.000000,31.0000,Style,,,,,,,,,,,,,,,,,0,0,,0,0,,,,,,,,,,,,,,,,,,,,,,,,,,,,,,,,,,,,,,0.000000,Unpaid,0.0000,0.000000,0,0,0,0,0,0
505,"2026-05-28 00:00:00",,,STENUE,Open,,,,"                    ",,,MATSON,,,,,,,,,minji,"2026-05-28 15:12:28",Marie,"2026-06-18 09:57:50",0,,PO,,,,,,PO,,,,,,,,"                    ",EVO7025,,346.00,0.00,,"ELEVATOR DISCO",,,,,,,"LIGHT BROWN",6885.400000,0.000000,41.0000,Style,,,,,,,,,,,,,,,,,0,0,,0,0,,,,,,,,,,,,,,,,,,,,,,,,,,,,,,,,,,,,,,0.000000,Unpaid,19.9000,6885.400000,0,0,0,0,0,0
504,"2026-06-22 00:00:00",,,UNISI,Open,,,,"                    ",,,MATSON,,,,,,,,,minji,"2026-05-28 14:42:09",minji,"2026-06-22 17:04:17",0,,PO,,,,,,PO,,,,,,,,"                    ",EVO7023,,132.00,0.00,,"ELEVATOR DISCO",,,,,,,BLACK,0.000000,0.000000,42.0000,Style,,,,,,,,,,,,,,,,,0,0,,0,0,,,,,,,,,,,,,,,,,,,,,,,,,,,,,,,,,,,,,,0.000000,Unpaid,0.0000,0.000000,0,0,0,0,0,0
503,"2026-05-28 00:00:00",,,KJ,Open,,,,"                    ",,,MATSON,,,,,,,,,minji,"2026-05-28 13:53:52",Marie,"2026-06-12 18:43:03",0,,PO,,,,,,PO,,,,,,,,"                    ",FRD2118,,245.00,0.00,,"ELEVATOR DISCO",,,,,,,BROWN,5635.000000,0.000000,35.0000,Style,,,,,,,,,,,,,,,,,0,0,,0,0,,,,,,,,,,,,,,,,,,,,,,,,,,,,,,,,,,,,,,0.000000,Unpaid,23.0000,5635.000000,0,0,0,0,0,0
502,"2026-05-28 00:00:00",,,STENUE,Open,,,,227727,,,MATSON,,,,,,,,,minji,"2026-05-28 09:05:30",minji,"2026-06-10 16:28:20",1749,,PO,,,,,,PO,,,,,,,,LULUS,FRD2216,,351.00,0.00,,FREESIA,,,,,,,WINE,3299.400000,0.000000,0.0000,Style,,,,,,,,,,,,,,,,,0,0,,0,0,,,,,,,,,,,,,,,,,,,,,,,,,,,,,,,,,,,,,,0.000000,Unpaid,9.4000,3299.400000,0,0,0,0,0,0
501,"2026-05-28 00:00:00",,,STENUE,Open,,,,227726,,,MATSON,,,,,,,,,minji,"2026-05-28 08:52:07",minji,"2026-06-10 16:28:30",1750,,PO,,,,,,PO,,,,,,,,LULUS,FRD2216,,351.00,0.00,,FREESIA,,,,,,,BLACK,3299.400000,0.000000,0.0000,Style,,,,,,,,,,,,,,,,,0,0,,0,0,,,,,,,,,,,,,,,,,,,,,,,,,,,,,,,,,,,,,,0.000000,Unpaid,9.4000,3299.400000,0,0,0,0,0,0
500,"2026-05-27 00:00:00",,"2026-06-24 00:00:00",STENUE,Closed,,,,"                    ",,,,,,,,,,,,adrian,"2026-05-27 13:17:11",adrian,"2026-05-27 13:17:11",0,,PO,,,"2026-06-24 00:00:00",,,PO,,,,,,,,"                    ",CD1046,"2026-05-27 00:00:00",50.00,68.00,,"ELEVATOR DISCO",,,,,,,BLACK,500.000000,680.000000,35.0000,Style,,,,,,,,,,,,,,,,,0,0,,0,0,,,,,,,,,,,,,,,,,,,,,,,,,,,,,,,,,,,,,,0.000000,Unpaid,10.0000,500.000000,0,0,0,0,0,0
499,"2026-05-27 00:00:00",,"2026-06-24 00:00:00",STENUE,Closed,,,,"                    ",,,,,,,,,,,,adrian,"2026-05-27 13:08:03",adrian,"2026-05-27 13:08:27",0,,PO,,,"2026-06-24 00:00:00",,,PO,,,,,,,,"                    ",CD1021,"2026-05-27 00:00:00",40.00,44.00,,"ELEVATOR DISCO",,,,,,,"PINK MULTI",440.000000,484.000000,28.0000,Style,,,,,,,,,,,,,,,,,0,0,,0,0,,,,,,,,,,,,,,,,,,,P1388,,,,,,,,,,,,,,,,,,,0.000000,Unpaid,11.0000,440.000000,0,0,0,0,0,0
498,"2026-05-22 00:00:00",,,DONGJING,Open,,,,10684,,,MATSON,,,,,,,,,minji,"2026-05-22 16:34:47",minji,"2026-06-10 16:28:40",1746,,PO,,,,,,PO,,,,,,,,"12TH TRIBE",SET8376C,,300.00,0.00,,FREESIA,,,,,,,WHITE,3750.000000,0.000000,23.1400,Style,,,,,,,,,,,,,,,,,0,0,,0,0,,,,,,,,,,,,,,,,,,,,,,,,,,,,,,,,,,,,,,0.000000,Unpaid,23.1400,6942.000000,0,0,0,0,0,0
497,"2025-12-31 00:00:00",,"2026-05-30 00:00:00",STENUE,Closed,,,,6469117,,,"                    ",,,,,,,,,mike,"2026-05-22 12:00:20",mike,"2026-05-22 12:05:42",0,,PO,,,,,,PO,,,,,,,,"                    ",CD1025,"2026-06-11 00:00:00",64.00,64.00,,"ELEVATOR DISCO",,,,,,,BLACK,908.800000,908.800000,31.0000,Style,,,,,,,,,,,,,,,,,0,0,,0,0,,,,,,,,,,,,,,,,,,,,,,,,,,,,,,,,,,,,,,0.000000,Unpaid,13.7000,876.800000,0,0,0,0,0,0
496,"2025-12-31 00:00:00",,"2026-05-30 00:00:00",STENUE,Closed,,,,6469117,,,MATSON,,,,,,,,,mike,"2026-05-22 12:00:17",mike,"2026-05-22 12:00:17",0,,PO,,,"2026-05-19 00:00:00",,,PO,,,,,,,,"                    ",CD1046,"2026-04-30 00:00:00",64.00,64.00,,"ELEVATOR DISCO",,,,,,,BLACK,640.000000,640.000000,35.0000,Style,,,,,,,,,,,,,,,,,0,0,,0,0,,,,,,,,,,,,,,,,,,,,,,,,,,,,,,,,,,,,,,0.000000,Unpaid,10.0000,640.000000,0,0,0,0,0,0
495,"2026-05-20 00:00:00",,,STENUE,Open,,,,227432,,,MATSON,,,,,,,,,minji,"2026-05-20 16:44:41",minji,"2026-06-10 16:28:54",1721,,PO,,,,,,PO,,,,,,,,LULUS,SETD1072,,301.00,0.00,,FREESIA,,,,,,,IVORY,3070.200000,0.000000,16.0000,Style,,,,,,,,,,,,,,,,,0,0,,0,0,,,,,,,,,,,,,,,,,,,,,,,,,,,,,,,,,,,,,,0.000000,Unpaid,10.2000,3070.200000,0,0,0,0,0,0
494,"2026-05-20 00:00:00",,"2026-06-17 00:00:00",STENUE,Closed,,,,6077847,,,"                    ",,,,,,,,,adrian,"2026-05-20 15:25:09",adrian,"2026-05-20 16:52:55",0,,PO,,,"2026-06-17 00:00:00",,,PO,,,,,,,,"                    ",CP1021,"2026-05-20 00:00:00",30.00,30.00,,"ELEVATOR DISCO",,,,,,,MINT,336.000000,336.000000,25.0000,Style,,,,,,,,,,,,,,,,,0,0,,0,0,,,,,,,,,,,,,,,,,,,P1512,,,,,,,,,,,,,,,,,,,0.000000,Unpaid,11.2000,336.000000,0,0,0,0,0,0
493,"2026-05-20 00:00:00",,"2026-06-17 00:00:00",STENUE,Closed,,,,"                    ",,,"                    ",,,,,,,,,adrian,"2026-05-20 10:42:22",adrian,"2026-05-20 10:42:22",0,,PO,,,"2026-06-17 00:00:00",,,PO,,,,,,,,"                    ",FRT2219-B,"2026-05-20 00:00:00",250.00,256.00,,"ELEVATOR DISCO",,,,,,,BEIGE,0.000000,0.000000,16.0400,Style,,,,,,,,,,,,,,,,,0,0,,0,0,,,,,,,,,,,,,,,,,,,,,,,,,,,,,,,,,,,,,,0.000000,Unpaid,0.0000,0.000000,0,0,0,0,0,0
492,"2026-05-20 00:00:00",,"2026-06-17 00:00:00",STENUE,Closed,,,,"                    ",,,"                    ",,,,,,,,,adrian,"2026-05-20 10:42:22",adrian,"2026-05-20 10:42:22",0,,PO,,,"2026-06-17 00:00:00",,,PO,,,,,,,,"                    ",FRT2219,"2026-05-20 00:00:00",319.00,319.00,,"ELEVATOR DISCO",,,,,,,BEIGE,0.000000,0.000000,14.0400,Style,,,,,,,,,,,,,,,,,0,0,,0,0,,,,,,,,,,,,,,,,,,,,,,,,,,,,,,,,,,,,,,0.000000,Unpaid,0.0000,0.000000,0,0,0,0,0,0
491,"2026-05-20 00:00:00",,"2026-06-17 00:00:00",STENUE,Closed,,,,10195,,,"                    ",,,,,,,,,adrian,"2026-05-20 09:53:15",adrian,"2026-05-20 09:53:22",1716,,PO,,,"2026-06-17 00:00:00",,,PO,,,,,,,,"12TH TRIBE",SET8357-T,"2026-05-20 00:00:00",300.00,292.00,,FREESIA,,,,,,,BROWN,1620.000000,1576.800000,12.5400,Style,,,,,,,,,,,,,,,,,0,0,,0,0,,,,,,,,,,,,,,,,,,,,,,,,,,,,,,,,,,,,,,0.000000,Unpaid,5.4000,1620.000000,0,0,0,0,0,0
490,"2026-05-20 00:00:00",,"2026-06-17 00:00:00",STENUE,Closed,,,,10195,,,"                    ",,,,,,,,,adrian,"2026-05-20 09:53:14",adrian,"2026-05-20 09:53:14",1716,,PO,,,"2026-06-17 00:00:00",,,PO,,,,,,,,"12TH TRIBE",SET8357-P,"2026-05-20 00:00:00",250.00,239.00,,FREESIA,,,,,,,BROWN,0.000000,0.000000,15.5400,Style,,,,,,,,,,,,,,,,,0,0,,0,0,,,,,,,,,,,,,,,,,,,,,,,,,,,,,,,,,,,,,,0.000000,Unpaid,0.0000,0.000000,0,0,0,0,0,0
489,"2026-03-13 00:00:00",,"2026-05-01 00:00:00",STENUE,Closed,,,,10520,,,AIR,,,,,,,,,mike,"2026-05-19 18:34:32",mike,"2026-05-19 18:35:47",1691,,PO,,,"2026-04-28 00:00:00",,,PO,,,,,,,,"12TH TRIBE",ET3237VD,"2026-04-09 00:00:00",441.00,441.00,,FREESIA,,,,,,,BLACK,2910.600000,2910.600000,13.0400,Style,,,,,,,,,,,,,,,,,0,0,,0,0,,,,,,,,,,,,,,,,,,,,,,,,,,,,,,,,,,,,,,0.000000,Unpaid,6.6000,2910.600000,0,0,0,0,0,0
488,"2026-05-19 00:00:00",,"2026-06-16 00:00:00",STENUE,Closed,,,,10519,,,"                    ",,,,,,,,,adrian,"2026-05-19 15:35:13",mike,"2026-06-17 11:54:08",0,,PO,,,"2026-06-16 00:00:00",,,PO,,,,,,,,"                    ",ET3237VD,"2026-05-19 00:00:00",500.00,521.00,,FREESIA,,,,,,,BONE,3300.000000,3438.600000,13.0400,Style,,,,,,,,,,,,,,,,,0,0,,0,0,,,,,,,,,,,,,,,,,,,,,,,,,,,,,,,,,,,,,,0.000000,Unpaid,6.6000,3300.000000,0,0,0,0,0,0
487,"2026-05-19 00:00:00",,"2026-06-16 00:00:00",STENUE,Closed,,,,10498,,,"                    ",,,,,,,,,adrian,"2026-05-19 15:27:25",adrian,"2026-05-19 15:27:25",0,,PO,,,"2026-06-16 00:00:00",,,PO,,,,,,,,"                    ",SET8370V,"2026-05-19 00:00:00",250.00,249.00,,"ELEVATOR DISCO",,,,,,,BLACK,4125.000000,4108.500000,23.5400,Style,,,,,,,,,,,,,,,,,0,0,,0,0,,,,,,,,,,,,,,,,,,,,,,,,,,,,,,,,,,,,,,0.000000,Unpaid,16.5000,4125.000000,0,0,0,0,0,0
486,"2026-05-19 00:00:00",,"2026-06-16 00:00:00",STENUE,Closed,,,,10506,,,"                    ",,,,,,,,,adrian,"2026-05-19 14:18:29",adrian,"2026-05-19 14:18:29",0,,PO,,,"2026-06-16 00:00:00",,,PO,,,,,,,,"                    ",EP3527A,"2026-05-19 00:00:00",400.00,455.00,,"ELEVATOR DISCO",,,,,,,TAN,3160.000000,3594.500000,15.8400,Style,,,,,,,,,,,,,,,,,0,0,,0,0,,,,,,,,,,,,,,,,,,,,,,,,,,,,,,,,,,,,,,0.000000,Unpaid,7.9000,3160.000000,0,0,0,0,0,0
485,"2026-05-19 00:00:00",,"2026-06-16 00:00:00",STENUE,Closed,,,,10475,,,"                    ",,,,,,,,,adrian,"2026-05-19 14:11:21",adrian,"2026-05-19 14:11:21",0,,PO,,,"2026-06-16 00:00:00",,,PO,,,,,,,,"                    ",ES3539VD,"2026-05-19 00:00:00",300.00,300.00,,"ELEVATOR DISCO",,,,,,,RUST,2460.000000,2460.000000,16.0400,Style,,,,,,,,,,,,,,,,,0,0,,0,0,,,,,,,,,,,,,,,,,,,,,,,,,,,,,,,,,,,,,,0.000000,Unpaid,8.2000,2460.000000,0,0,0,0,0,0
484,"2026-05-18 00:00:00",,,STENUE,Closed,,,,10853,,,MATSON,,,,,,,,,minji,"2026-05-18 23:50:19",Marie,"2026-06-12 16:05:45",0,,PO,,,,,,PO,,,,,,,,"                    ",ET2809-12,,400.00,0.00,,FREESIA,,,,,,,CREAM,3120.000000,0.000000,0.0000,Style,,,,,,,,,,,,,,,,,0,0,,0,0,,,,,,,,,,,,,,,,,,,,,,,,,,,,,,,,,,,,,,0.000000,Unpaid,0.0000,0.000000,0,0,0,0,0,0
483,"2026-05-18 00:00:00",,"2026-07-27 00:00:00",STENUE,Open,,,,10862,,,MATSON,,,,,,,,,minji,"2026-05-18 23:44:30",minji,"2026-06-10 16:29:10",0,,PO,,,,,,PO,,,,,,,,"                    ",ET2809-12,,350.00,0.00,,FREESIA,,,,,,,TAUPE,2730.000000,0.000000,0.0000,Style,,,,,,,,,,,,,,,,,0,0,,0,0,,,,,,,,,,,,,,,,,,,,,,,,,,,,,,,,,,,,,,0.000000,Unpaid,0.0000,0.000000,0,0,0,0,0,0
482,"2026-05-17 00:00:00",,"2026-07-30 00:00:00",STENUE,Open,,,,227117,,,MATSON,,,,,,,,,minji,"2026-05-17 15:32:28",minji,"2026-05-17 15:35:11",1715,,PO,,,,,,PO,,,,,,,,LULUS,FRD1989,,400.00,0.00,,FREESIA,,,,,,,CREAM,6720.000000,0.000000,26.5000,Style,,,,,,,,,,,,,,,,,0,0,,0,0,,,,,,,,,,,,,,,,,,,,,,,,,,,,,,,,,,,,,,0.000000,Unpaid,16.8000,6720.000000,0,0,0,0,0,0
481,"2026-05-17 00:00:00",,,STENUE,Open,,,,227113,,,MATSON,,,,,,,,,minji,"2026-05-17 15:23:21",Marie,"2026-05-28 14:43:09",1714,,PO,,,,,,PO,,,,,,,,LULUS,TD1051,,500.00,0.00,,FREESIA,,,,,,,"FOREST GREEN",7400.000000,0.000000,20.9000,Style,,,,,,,,,,,,,,,,,0,0,,0,0,,,,,,,,,,,,,,,,,,,,,,,,,,,,,,,,,,,,,,0.000000,Unpaid,14.8000,7400.000000,0,0,0,0,0,0
480,"2026-05-17 00:00:00",,"2026-08-14 00:00:00",STENUE,Open,,,,227111,,,MATSON,,,,,,,,,minji,"2026-05-17 15:16:49",minji,"2026-05-18 13:39:05",1713,,PO,,,,,,PO,,,,,,,,LULUS,FRD2061,,315.00,0.00,,FREESIA,,,,,,,"BLACK PINK OLIVE",5292.000000,0.000000,0.0000,Style,,,,,,,,,,,,,,,,,0,0,,0,0,,,,,,,,,,,,,,,,,,,,,,,,,,,,,,,,,,,,,,0.000000,Unpaid,16.8000,5292.000000,0,0,0,0,0,0
479,"2026-05-17 00:00:00",,"2026-08-07 00:00:00",INLOOK,Open,,,,227109,,,MATSON,,,,,,,,,minji,"2026-05-17 15:01:02",Marie,"2026-05-26 13:44:17",1712,,PO,,,,,,PO,,,,,,,,LULUS,FRD1226,,300.00,0.00,,FREESIA,,,,,,,RUST,4590.000000,0.000000,23.6000,Style,,,,,,,,,,,,,,,,,0,0,,0,0,,,,,,,,,,,,,,,,,,,,,,,,,,,,,,,,,,,,,,0.000000,Unpaid,15.3000,4590.000000,0,0,0,0,0,0
478,"2026-05-17 00:00:00",,"2026-08-07 00:00:00",INLOOK,Open,,,,227108,,,MATSON,,,,,,,,,minji,"2026-05-17 14:54:59",Marie,"2026-06-05 15:43:32",1711,,PO,,,,,,PO,,,,,,,,LULUS,EDX2332,,200.00,0.00,,FREESIA,,,,,,,"BLACK SHINY BLACK",2360.000000,0.000000,21.0000,Style,,,,,,,,,,,,,,,,,0,0,,0,0,,,,,,,,,,,,,,,,,,,,,,,,,,,,,,,,,,,,,,0.000000,Unpaid,0.0000,0.000000,0,0,0,0,0,0
477,"2026-05-17 00:00:00",,,INLOOK,Open,,,,227083,,,MATSON,,,,,,,,,minji,"2026-05-17 14:43:50",Marie,"2026-06-05 15:56:46",1710,,PO,,,,,,PO,,,,,,,,LULUS,EDX2332,,301.00,0.00,,FREESIA,,,,,,,WINE,3551.800000,0.000000,0.0000,Style,,,,,,,,,,,,,,,,,0,0,,0,0,,,,,,,,,,,,,,,,,,,,,,,,,,,,,,,,,,,,,,0.000000,Unpaid,11.0000,3311.000000,0,0,0,0,0,0
476,"2026-05-15 00:00:00",,"2026-08-21 00:00:00",KJ,Open,,,,"                    ",,,MATSON,,,,,,,,,minji,"2026-05-15 22:22:23",Marie,"2026-06-14 21:26:48",0,,PO,,,,,,PO,,,,,,,,"                    ",EVB3041,,114.00,0.00,,"ELEVATOR DISCO",,,,,,,"LIGHT BLUE",2508.000000,0.000000,35.0000,Style,,,,,,,,,,,,,,,,,0,0,,0,0,,,,,,,,,,,,,,,,,,,,,,,,,,,,,,,,,,,,,,0.000000,Unpaid,22.0000,2508.000000,0,0,0,0,0,0
475,"2026-05-15 00:00:00",,,KJ,Open,,,,"                    ",,,MATSON,,,,,,,,,minji,"2026-05-15 22:14:25",Marie,"2026-06-12 17:52:14",0,,PO,,,,,,PO,,,,,,,,"                    ",EVT2033,,126.00,0.00,,"ELEVATOR DISCO",,,,,,,"LIGHT BLUE",3061.800000,0.000000,36.0000,Style,,,,,,,,,,,,,,,,,0,0,,0,0,,,,,,,,,,,,,,,,,,,,,,,,,,,,,,,,,,,,,,0.000000,Unpaid,24.3000,3061.800000,0,0,0,0,0,0
474,"2026-05-15 00:00:00",,"2026-08-21 00:00:00",STENUE,Open,,,,"                    ",,,MATSON,,,,,,,,,minji,"2026-05-15 19:48:39",minji,"2026-05-15 20:01:10",0,,PO,,,,,,PO,,,,,,,,"                    ",EVB3002,,102.00,0.00,,"ELEVATOR DISCO",,,,,,,BLACK,1530.000000,0.000000,31.0000,Style,,,,,,,,,,,,,,,,,0,0,,0,0,,,,,,,,,,,,,,,,,,,,,,,,,,,,,,,,,,,,,,0.000000,Unpaid,0.0000,0.000000,0,0,0,0,0,0
473,"2026-05-15 00:00:00",,"2026-08-14 00:00:00",STENUE,Open,,,,"                    ",,,MATSON,,,,,,,,,minji,"2026-05-15 19:45:06",Marie,"2026-06-26 00:16:54",0,,PO,,,,,,PO,,,,,,,,"                    ",FRJ6048V,,102.00,0.00,,"ELEVATOR DISCO",,,,,,,WHITE,2244.000000,0.000000,42.0000,Style,,,,,,,,,,,,,,,,,0,0,,0,0,,,,,,,,,,,,,,,,,,,,,,,,,,,,,,,,,,,,,,0.000000,Unpaid,22.0000,2244.000000,0,0,0,0,0,0
472,"2026-05-15 00:00:00",,"2026-08-21 00:00:00",STENUE,Open,,,,"                    ",,,MATSON,,,,,,,,,minji,"2026-05-15 19:38:13",Marie,"2026-06-14 22:38:49",0,,PO,,,,,,PO,,,,,,,,"                    ",EVB3027,,114.00,0.00,,"ELEVATOR DISCO",,,,,,,PURPLE,2946.900000,0.000000,37.0000,Style,,,,,,,,,,,,,,,,,0,0,,0,0,,,,,,,,,,,,,,,,,,,,,,,,,,,,,,,,,,,,,,0.000000,Unpaid,25.8500,2946.900000,0,0,0,0,0,0
471,"2026-05-15 00:00:00",,"2026-08-21 00:00:00",STENUE,Open,,,,"                    ",,,MATSON,,,,,,,,,minji,"2026-05-15 19:33:48",minji,"2026-05-20 15:38:17",0,,PO,,,,,,PO,,,,,,,,"                    ",EVT2014,,102.00,0.00,,"ELEVATOR DISCO",,,,,,,PURPLE,2351.100000,0.000000,34.0000,Style,,,,,,,,,,,,,,,,,0,0,,0,0,,,,,,,,,,,,,,,,,,,,,,,,,,,,,,,,,,,,,,0.000000,Unpaid,23.0500,2351.100000,0,0,0,0,0,0
469,"2026-05-15 00:00:00",,"2026-05-30 00:00:00",STENUE,Closed,,,,6469139,,,"                    ",,,,,,,,,adrian,"2026-05-15 10:52:26",adrian,"2026-05-15 10:52:44",1626,,PO,,,"2026-06-12 00:00:00",,,PO,,,,,,,,BLOOMINGDALES,CD1043,"2026-05-15 00:00:00",50.00,49.00,,"ELEVATOR DISCO",,,,,,,BLACK,690.000000,676.200000,35.0000,Style,,,,,,,,,,,,,,,,,0,0,,0,0,,,,,,,,,,,,,,,,,,,P1391,,,,,,,,,,,,,,,,,,,0.000000,Unpaid,13.8000,690.000000,0,0,0,0,0,0
468,"2026-05-15 00:00:00",,"2026-05-30 00:00:00",STENUE,Closed,,,,6469117,,,"                    ",,,,,,,,,adrian,"2026-05-15 10:50:38",adrian,"2026-05-15 10:51:36",0,,PO,,,"2026-04-30 00:00:00",,,PO,,,,,,,,"                    ",CD1043,"2026-05-15 00:00:00",50.00,64.00,,"ELEVATOR DISCO",,,,,,,BLACK,690.000000,883.200000,35.0000,Style,,,,,,,,,,,,,,,,,0,0,,0,0,,,,,,,,,,,,,,,,,,,P1386,,,,,,,,,,,,,,,,,,,0.000000,Unpaid,13.8000,690.000000,0,0,0,0,0,0
467,"2026-05-14 00:00:00",,"2026-08-21 00:00:00",DONGJING,Open,,,,"                    ",,,MATSON,,,,,,,,,minji,"2026-05-14 20:01:40",Marie,"2026-06-12 16:45:38",0,,PO,,,,,,PO,,,,,,,,"                    ",EVB3043,,60.00,0.00,,"ELEVATOR DISCO",,,,,,,"LIGHT BROWN",462.000000,0.000000,21.0000,Style,,,,,,,,,,,,,,,,,0,0,,0,0,,,,,,,,,,,,,,,,,,,,,,,,,,,,,,,,,,,,,,0.000000,Unpaid,0.0000,0.000000,0,0,0,0,0,0
466,"2026-05-14 00:00:00",,,STENUE,Open,,,,"                    ",,,MATSON,,,,,,,,,minji,"2026-05-14 19:04:51",Marie,"2026-06-14 22:05:48",0,,PO,,,,,,PO,,,,,,,,"                    ",EVD1078,,62.00,0.00,,"ELEVATOR DISCO",,,,,,,"LIGHT BROWN",1202.800000,0.000000,41.0000,Style,,,,,,,,,,,,,,,,,0,0,,0,0,,,,,,,,,,,,,,,,,,,,,,,,,,,,,,,,,,,,,,0.000000,Unpaid,19.4000,1202.800000,0,0,0,0,0,0
465,"2026-05-14 00:00:00",,"2026-08-21 00:00:00",DONGJING,Open,,,,"                    ",,,MATSON,,,,,,,,,minji,"2026-05-14 18:57:28",Marie,"2026-06-12 16:53:45",0,,PO,,,,,,PO,,,,,,,,"                    ",EVT2045,,78.00,0.00,,"ELEVATOR DISCO",,,,,,,"LIGHT BROWN",1053.000000,0.000000,27.0000,Style,,,,,,,,,,,,,,,,,0,0,,0,0,,,,,,,,,,,,,,,,,,,,,,,,,,,,,,,,,,,,,,0.000000,Unpaid,0.0000,0.000000,0,0,0,0,0,0
464,"2026-05-14 00:00:00",,"2026-08-21 00:00:00",STENUE,Open,,,,"                    ",,,MATSON,,,,,,,,,minji,"2026-05-14 18:53:28",Marie,"2026-06-14 22:00:04",0,,PO,,,,,,PO,,,,,,,,"                    ",EVW5017,,138.00,0.00,,"ELEVATOR DISCO",,,,,,,"LIGHT BLUE",1738.800000,0.000000,27.0000,Style,,,,,,,,,,,,,,,,,0,0,,0,0,,,,,,,,,,,,,,,,,,,,,,,,,,,,,,,,,,,,,,0.000000,Unpaid,0.0000,0.000000,0,0,0,0,0,0
463,"2026-05-14 00:00:00",,,STENUE,Open,,,,"                    ",,,MATSON,,,,,,,,,minji,"2026-05-14 18:47:40",Marie,"2026-06-11 11:09:55",0,,PO,,,,,,PO,,,,,,,,"                    ",EVD1078,,40.00,0.00,,"ELEVATOR DISCO",,,,,,,"LIGHT BROWN",704.000000,0.000000,41.0000,Style,,,,,,,,,,,,,,,,,0,0,,0,0,,,,,,,,,,,,,,,,,,,,,,,,,,,,,,,,,,,,,,0.000000,Unpaid,19.4000,776.000000,0,0,0,0,0,0
462,"2026-05-14 00:00:00",,"2026-08-21 00:00:00",DONGJING,Open,,,,"                    ",,,MATSON,,,,,,,,,minji,"2026-05-14 18:29:09",minji,"2026-05-14 18:29:19",0,,PO,,,,,,PO,,,,,,,,"                    ",EVT2045,,147.00,0.00,,"ELEVATOR DISCO",,,,,,,"LIGHT BROWN",1984.500000,0.000000,27.0000,Style,,,,,,,,,,,,,,,,,0,0,,0,0,,,,,,,,,,,,,,,,,,,,,,,,,,,,,,,,,,,,,,0.000000,Unpaid,0.0000,0.000000,0,0,0,0,0,0
461,"2026-05-14 00:00:00",,,STENUE,Open,,,,"                    ",,,MATSON,,,,,,,,,minji,"2026-05-14 18:18:27",Marie,"2026-06-14 21:05:45",0,,PO,,,,,,PO,,,,,,,,"                    ",CT1061,,102.00,0.00,,"ELEVATOR DISCO",,,,,,,GRAY,1509.600000,0.000000,28.0000,Style,,,,,,,,,,,,,,,,,0,0,,0,0,,,,,,,,,,,,,,,,,,,,,,,,,,,,,,,,,,,,,,0.000000,Unpaid,14.8000,1509.600000,0,0,0,0,0,0
460,"2026-05-14 00:00:00",,"2026-09-23 00:00:00",INLOOK,Open,,,,"                    ",,,MATSON,,,,,,,,,minji,"2026-05-14 16:25:54",Marie,"2026-06-12 19:03:52",0,,PO,,,,,,PO,,,,,,,,"                    ",EVB3053,,102.00,0.00,,"ELEVATOR DISCO",,,,,,,BLACK,1708.500000,0.000000,28.0000,Style,,,,,,,,,,,,,,,,,0,0,,0,0,,,,,,,,,,,,,,,,,,,,,,,,,,,,,,,,,,,,,,0.000000,Unpaid,15.0000,1530.000000,0,0,0,0,0,0
459,"2026-05-14 00:00:00",,"2026-09-23 00:00:00",INLOOK,Open,,,,"                    ",,,MATSON,,,,,,,,,minji,"2026-05-14 16:20:22",minji,"2026-05-15 08:40:04",0,,PO,,,,,,PO,,,,,,,,"                    ",EVB3053,,40.00,0.00,,"ELEVATOR DISCO",,,,,,,BLACK,670.000000,0.000000,28.0000,Style,,,,,,,,,,,,,,,,,0,0,,0,0,,,,,,,,,,,,,,,,,,,,,,,,,,,,,,,,,,,,,,0.000000,Unpaid,15.0000,600.000000,0,0,0,0,0,0
458,"2026-05-14 00:00:00",,"2026-09-30 00:00:00",INLOOK,Open,,,,"                    ",,,MATSON,,,,,,,,,minji,"2026-05-14 16:12:54",adrian,"2026-06-02 20:28:28",0,,PO,,,,,,PO,,,,,,,,"                    ",EVT2029,,42.00,0.00,,"ELEVATOR DISCO",,,,,,,BLACK,514.500000,0.000000,21.0000,Style,,,,,,,,,,,,,,,,,0,0,,0,0,,,,,,,,,,,,,,,,,,,,,,,,,,,,,,,,,,,,,,0.000000,Unpaid,0.0000,0.000000,0,0,0,0,0,0
457,"2026-05-14 00:00:00",,"2026-09-23 00:00:00",INLOOK,Open,,,,"                    ",,,MATSON,,,,,,,,,minji,"2026-05-14 16:05:54",minji,"2026-05-14 19:14:43",0,,PO,,,,,,PO,,,,,,,,"                    ",EVT2029,,30.00,0.00,,"ELEVATOR DISCO",,,,,,,BLACK,367.500000,0.000000,21.0000,Style,,,,,,,,,,,,,,,,,0,0,,0,0,,,,,,,,,,,,,,,,,,,,,,,,,,,,,,,,,,,,,,0.000000,Unpaid,0.0000,0.000000,0,0,0,0,0,0
456,"2026-05-14 00:00:00",,,STENUE,Open,,,,226992,,,MATSON,,,,,,,,,minji,"2026-05-14 13:35:27",minji,"2026-06-10 16:27:49",1706,,PO,,,,,,PO,,,,,,,,LULUS,FRP3152,,300.00,0.00,,FREESIA,,,,,,,MAROON,1950.000000,0.000000,17.1000,Style,,,,,,,,,,,,,,,,,0,0,,0,0,,,,,,,,,,,,,,,,,,,,,,,,,,,,,,,,,,,,,,0.000000,Unpaid,0.0000,0.000000,0,0,0,0,0,0
455,"2026-05-14 00:00:00",,,STENUE,Open,,,,226994,,,MATSON,,,,,,,,,minji,"2026-05-14 13:32:43",minji,"2026-06-10 16:27:40",1705,,PO,,,,,,PO,,,,,,,,LULUS,FRP3152,,300.00,0.00,,FREESIA,,,,,,,SAGE,1950.000000,0.000000,17.1000,Style,,,,,,,,,,,,,,,,,0,0,,0,0,,,,,,,,,,,,,,,,,,,,,,,,,,,,,,,,,,,,,,0.000000,Unpaid,0.0000,0.000000,0,0,0,0,0,0
454,"2025-12-02 00:00:00",,"2026-03-27 00:00:00",STENUE,Closed,,,,221059,,,"                    ",,,,,,,,,mike,"2026-05-13 19:07:22",mike,"2026-05-13 19:07:22",1704,,PO,,,"2026-03-16 00:00:00",,,PO,,,,,,,,LULUS,FRD2391,"2026-03-16 00:00:00",400.00,400.00,,FREESIA,,,,,,,"IVORY GOLD",0.000000,0.000000,24.5000,Style,,,,,,,,,,,,,,,,,0,0,,0,0,,,,,,,,,,,,,,,,,,,,,,,,,,,,,,,,,,,,,,0.000000,Unpaid,0.0000,0.000000,0,0,0,0,0,0
453,"2025-11-20 00:00:00",,"2026-04-10 00:00:00",STENUE,Closed,,Estimate,,220311,,,MATSON,,,,,,,,,mike,"2026-05-13 18:24:08",mike,"2026-05-13 18:28:19",1703,,PO,,,"2026-03-25 00:00:00",,,PO,,,,,,,,LULUS,FRD2371,"2026-03-19 00:00:00",400.00,419.00,,FREESIA,,,,,,,LTPNK/PINK/GOLD,3880.000000,4064.300000,18.8000,Style,,,,,,,,,,,,,,,,,0,0,,0,0,,,,,,,,,,,,,,,,,,,,,,,,,,,,,,,,,,,,,,0.000000,Unpaid,0.0000,0.000000,0,0,0,0,0,0
452,"2026-05-13 00:00:00",,,STENUE,Open,,,,10819,,,AIR,,,,,,,,,minji,"2026-05-13 13:50:58",minji,"2026-06-10 16:27:30",1702,,PO,,,,,,PO,,,,,,,,"12TH TRIBE",EDX2787AV,,200.00,0.00,,FREESIA,,,,,,,"BROWN MULTI",2200.000000,0.000000,19.5400,Style,,,,,,,,,,,,,,,,,0,0,,0,0,,,,,,,,,,,,,,,,,,,,,,,,,,,,,,,,,,,,,,0.000000,Unpaid,11.0000,2200.000000,0,0,0,0,0,0
451,"2026-05-11 00:00:00",,"2026-07-10 00:00:00",STENUE,Open,,,,226701,,,"                    ",,,,,,,,,minji,"2026-05-11 19:24:47",minji,"2026-05-12 10:26:35",0,,PO,,,,,,PO,,,,,,,,"                    ",FRD2390,,345.00,0.00,,"ELEVATOR DISCO",,,,,,,"IVORY GOLD",5623.500000,0.000000,25.0000,Style,,,,,,,,,,,,,,,,,0,0,,0,0,,,,,,,,,,,,,,,,,,,,,,,,,,,,,,,,,,,,,,0.000000,Unpaid,0.0000,0.000000,0,0,0,0,0,0
450,"2026-05-11 00:00:00",,"2026-07-14 00:00:00",STENUE,Open,,,,226727,,,"                    ",,,,,,,,,minji,"2026-05-11 10:41:46",minji,"2026-05-11 10:42:20",0,,PO,,,,,,PO,,,,,,,,"                    ",FSET8043A,,200.00,0.00,,"ELEVATOR DISCO",,,,,,,CHAMPAGNE,2640.000000,0.000000,20.0000,Style,,,,,,,,,,,,,,,,,0,0,,0,0,,,,,,,,,,,,,,,,,,,,,,,,,,,,,,,,,,,,,,0.000000,Unpaid,13.2000,2640.000000,0,0,0,0,0,0
449,"2026-05-08 00:00:00",,"2026-05-30 00:00:00",INLOOK,Closed,,,,"                    ",,,,,,,,,,,,minji,"2026-05-08 17:15:31",adrian,"2026-05-11 15:55:29",0,,PO,,,,,,PO,,,,,,,,"                    ",FRP3047,,54.00,54.00,,"ELEVATOR DISCO",,,,,,,"WHITE BLACK",580.500000,580.500000,24.0000,Style,,,,,,,,,,,,,,,,,0,0,,0,0,,,,,,,,,,,,,,,,,,,P1490,,,,,,,,,,,,,,,,,,,0.000000,Unpaid,10.7500,580.500000,0,0,0,0,0,0
448,"2026-05-08 00:00:00",,"2026-08-21 00:00:00",DONGJING,Open,,,,"                    ",,,,,,,,,,,,minji,"2026-05-08 15:27:30",minji,"2026-05-14 18:44:41",0,,PO,,,,,,PO,,,,,,,,"                    ",EVB3043,,102.00,0.00,,"ELEVATOR DISCO",,,,,,,"LIGHT BROWN",785.400000,0.000000,21.0000,Style,,,,,,,,,,,,,,,,,0,0,,0,0,,,,,,,,,,,,,,,,,,,,,,,,,,,,,,,,,,,,,,0.000000,Unpaid,0.0000,0.000000,0,0,0,0,0,0
447,"2026-05-08 00:00:00",,"2026-06-05 00:00:00",STENUE,Closed,,,,10404,,,"                    ",,,,,,,,,adrian,"2026-05-08 10:18:14",adrian,"2026-05-08 10:18:14",1682,,PO,,,"2026-06-05 00:00:00",,,PO,,,,,,,,"12TH TRIBE",ES3479A,"2026-05-08 00:00:00",223.00,223.00,,FREESIA,,,,,,,CHAMPAGNE,2564.500000,2564.500000,19.0400,Style,,,,,,,,,,,,,,,,,0,0,,0,0,,,,,,,,,,,,,,,,,,,,,,,,,,,,,,,,,,,,,,0.000000,Unpaid,11.5000,2564.500000,0,0,0,0,0,0
446,"2026-05-08 00:00:00",,"2026-06-05 00:00:00",STENUE,Closed,,,,10453,,,"                    ",,,,,,,,,adrian,"2026-05-08 10:06:16",adrian,"2026-05-08 10:06:16",1684,,PO,,,"2026-06-05 00:00:00",,,PO,,,,,,,,"12TH TRIBE",EDX2787AV,"2026-05-08 00:00:00",222.00,222.00,,FREESIA,,,,,,,MULTI,0.000000,0.000000,19.5400,Style,,,,,,,,,,,,,,,,,0,0,,0,0,,,,,,,,,,,,,,,,,,,,,,,,,,,,,,,,,,,,,,0.000000,Unpaid,0.0000,0.000000,0,0,0,0,0,0
445,"2026-05-07 00:00:00",,"2026-08-14 00:00:00",STENUE,Open,,,,226481,,,"                    ",,,,,,,,,minji,"2026-05-07 09:43:42",minji,"2026-05-13 15:01:25",0,,PO,,,,,,PO,,,,,,,,"                    ",FRD2204,,300.00,0.00,,"ELEVATOR DISCO",,,,,,,NAVY,3960.000000,0.000000,24.0000,Style,,,,,,,,,,,,,,,,,0,0,,0,0,,,,,,,,,,,,,,,,,,,,,,,,,,,,,,,,,,,,,,0.000000,Unpaid,13.2000,3960.000000,0,0,0,0,0,0
442,"2026-05-04 00:00:00",,,GF,Open,,,,226092,,,MATSON,,,,,,,,,minji,"2026-05-04 11:51:08",minji,"2026-06-10 16:27:13",1676,,PO,,,,,,PO,,,,,,,,LULUS,FRD1947,,450.00,0.00,,FREESIA,,,,,,,BLACK,5625.000000,0.000000,21.0000,Style,,,,,,,,,,,,,,,,,0,0,,0,0,,,,,,,,,,,,,,,,,,,,,,,,,,,,,,,,,,,,,,0.000000,Unpaid,12.5000,5625.000000,0,0,0,0,0,0
441,"2026-05-04 00:00:00",,,INLOOK,Open,,,,226091,,,MATSON,,,,,,,,,minji,"2026-05-04 11:46:57",minji,"2026-06-10 16:26:59",1675,,PO,,,,,,PO,,,,,,,,LULUS,EDD1227,,400.00,0.00,,FREESIA,,,,,,,BLACK,4780.000000,0.000000,0.0000,Style,,,,,,,,,,,,,,,,,0,0,,0,0,,,,,,,,,,,,,,,,,,,,,,,,,,,,,,,,,,,,,,0.000000,Unpaid,11.9500,4780.000000,0,0,0,0,0,0
440,"2026-01-13 00:00:00",,"2026-06-23 00:00:00",STENUE,Closed,,,,"                    ",,,,,,,,,,,,minji,"2026-05-01 14:48:07",minji,"2026-06-17 17:17:16",0,,PO,,,,,,PO,,,,,,,,"                    ",CD1059,,60.00,66.00,,"ELEVATOR DISCO",,,,,,,BROWN,720.000000,792.000000,27.8600,Style,,,,,,,,,,,,,,,,,0,0,,0,0,,,,,,,,,,,,,,,,,,,P1485,,,,,,,,,,,,,,,,,,,0.000000,Unpaid,12.0000,720.000000,0,0,0,0,0,0
439,"2026-01-08 00:00:00",,"2026-06-23 00:00:00",STENUE,Open,,,,"                    ",,,,,,,,,,,,minji,"2026-05-01 14:47:23",Marie,"2026-05-26 15:33:18",0,,PO,,,,,,PO,,,,,,,,"                    ",CP1005,,102.00,0.00,,"ELEVATOR DISCO",,,,,,,MINT,1071.000000,0.000000,24.0000,Style,,,,,,,,,,,,,,,,,0,0,,0,0,,,,,,,,,,,,,,,,,,,P1433,,,,,,,,,,,,,,,,,,,0.000000,Unpaid,10.5000,1071.000000,0,0,0,0,0,0
438,"2026-01-13 00:00:00",,"2026-06-23 00:00:00",STENUE,Open,,,,"                    ",,,MATSON,,,,,,,,,minji,"2026-05-01 14:46:17",minji,"2026-05-13 15:23:05",0,,PO,,,,,,PO,,,,,,,,"                    ",SET8341B,,60.00,0.00,,"ELEVATOR DISCO",,,,,,,BROWN,828.000000,0.000000,28.0000,Style,,,,,,,,,,,,,,,,,0,0,,0,0,,,,,,,,,,,,,,,,,,,P1492,,,,,,,,,,,,,,,,,,,0.000000,Unpaid,0.0000,0.000000,0,0,0,0,0,0
437,"2026-01-13 00:00:00",,"2026-06-23 00:00:00",STENUE,Open,,,,"                    ",,,MATSON,,,,,,,,,minji,"2026-05-01 14:45:27",minji,"2026-05-13 15:18:42",0,,PO,,,,,,PO,,,,,,,,"                    ",SET8341A,,36.00,0.00,,"ELEVATOR DISCO",,,,,,,BROWN,504.000000,0.000000,24.0000,Style,,,,,,,,,,,,,,,,,0,0,,0,0,,,,,,,,,,,,,,,,,,,P1491,,,,,,,,,,,,,,,,,,,0.000000,Unpaid,0.0000,0.000000,0,0,0,0,0,0
436,"2026-01-13 00:00:00",,"2026-06-23 00:00:00",STENUE,Closed,,,,"                    ",,,,,,,,,,,,minji,"2026-05-01 14:42:48",minji,"2026-05-01 14:42:48",0,,PO,,,,,,PO,,,,,,,,"                    ",FRD1787,,66.00,90.00,,"ELEVATOR DISCO",,,,,,,WHITE,0.000000,0.000000,27.8600,Style,,,,,,,,,,,,,,,,,0,0,,0,0,,,,,,,,,,,,,,,,,,,P1488,,,,,,,,,,,,,,,,,,,0.000000,Unpaid,0.0000,0.000000,0,0,0,0,0,0
435,"2026-01-13 00:00:00",,"2026-06-23 00:00:00",STENUE,Closed,,,,"                    ",,,,,,,,,,,,minji,"2026-05-01 14:41:14",minji,"2026-05-01 14:41:21",0,,PO,,,,,,PO,,,,,,,,"                    ",CT1012,,102.00,102.00,,"ELEVATOR DISCO",,,,,,,"SAGE GREEN",1081.200000,1081.200000,24.0000,Style,,,,,,,,,,,,,,,,,0,0,,0,0,,,,,,,,,,,,,,,,,,,P1487,,,,,,,,,,,,,,,,,,,0.000000,Unpaid,10.2000,1040.400000,0,0,0,0,0,0
434,"2026-05-01 00:00:00",,"2026-06-23 00:00:00",STENUE,Open,,,,"                    ",,,MATSON,,,,,,,,,minji,"2026-05-01 14:37:54",minji,"2026-05-18 14:04:25",0,,PO,,,,,,PO,,,,,,,,"                    ",FRT2184B12,,66.00,0.00,,"ELEVATOR DISCO",,,,,,,"SAGE GREEN",858.000000,0.000000,28.0000,Style,,,,,,,,,,,,,,,,,0,0,,0,0,,,,,,,,,,,,,,,,,,,P1489,,,,,,,,,,,,,,,,,,,0.000000,Unpaid,0.0000,0.000000,0,0,0,0,0,0
433,"2026-01-09 00:00:00",,"2026-06-23 00:00:00",STENUE,Open,,,,"                    ",,,MATSON,,,,,,,,,minji,"2026-05-01 14:30:24",minji,"2026-05-20 15:26:07",0,,PO,,,,,,PO,,,,,,,,"                    ",CS1027,,72.00,0.00,,"ELEVATOR DISCO",,,,,,,"SAGE GREEN",1404.000000,0.000000,31.0000,Style,,,,,,,,,,,,,,,,,0,0,,0,0,,,,,,,,,,,,,,,,,,,P1463,,,,,,,,,,,,,,,,,,,0.000000,Unpaid,19.5000,1404.000000,0,0,0,0,0,0
432,"2026-01-13 00:00:00",,"2026-06-23 00:00:00",STENUE,Open,,,,"                    ",,,,,,,,,,,,minji,"2026-05-01 14:27:09",minji,"2026-05-01 14:29:20",0,,PO,,,,,,PO,,,,,,,,"                    ",CS1016,,102.00,0.00,,"ELEVATOR DISCO",,,,,,,"SAGE GREEN",1142.400000,0.000000,24.0000,Style,,,,,,,,,,,,,,,,,0,0,,0,0,,,,,,,,,,,,,,,,,,,P1338,,,,,,,,,,,,,,,,,,,0.000000,Unpaid,11.2000,1142.400000,0,0,0,0,0,0
431,"2026-01-13 00:00:00",,"2026-06-23 00:00:00",STENUE,Closed,,,,"                    ",,,,,,,,,,,,minji,"2026-05-01 14:26:10",minji,"2026-05-01 14:26:10",0,,PO,,,,,,PO,,,,,,,,"                    ",CP1026,,48.00,60.00,,"ELEVATOR DISCO",,,,,,,BROWN,576.000000,720.000000,31.0000,Style,,,,,,,,,,,,,,,,,0,0,,0,0,,,,,,,,,,,,,,,,,,,P1261,,,,,,,,,,,,,,,,,,,0.000000,Unpaid,12.0000,576.000000,0,0,0,0,0,0
430,"2026-01-13 00:00:00",,"2026-06-23 00:00:00",STENUE,Open,,,,"                    ",,,,,,,,,,,,minji,"2026-05-01 14:24:49",minji,"2026-05-01 14:24:49",0,,PO,,,,,,PO,,,,,,,,"                    ",CD1034,,66.00,0.00,,"ELEVATOR DISCO",,,,,,,CREAM,0.000000,0.000000,36.0000,Style,,,,,,,,,,,,,,,,,0,0,,0,0,,,,,,,,,,,,,,,,,,,P1481,,,,,,,,,,,,,,,,,,,0.000000,Unpaid,0.0000,0.000000,0,0,0,0,0,0
429,"2026-01-07 00:00:00",,"2026-06-23 00:00:00",STENUE,Open,,,,"                    ",,,,,,,,,,,,minji,"2026-05-01 14:23:20",minji,"2026-05-01 14:23:20",0,,PO,,,,,,PO,,,,,,,,"                    ",CD1025,,30.00,0.00,,"ELEVATOR DISCO",,,,,,,BLACK,426.000000,0.000000,31.0000,Style,,,,,,,,,,,,,,,,,0,0,,0,0,,,,,,,,,,,,,,,,,,,P1418,,,,,,,,,,,,,,,,,,,0.000000,Unpaid,13.7000,411.000000,0,0,0,0,0,0
428,"2026-01-06 00:00:00",,"2026-06-23 00:00:00",STENUE,Closed,,,,"                    ",,,,,,,,,,,,minji,"2026-05-01 14:21:42",minji,"2026-05-13 08:39:12",0,,PO,,,,,,PO,,,,,,,,"                    ",CD1020,,60.00,54.00,,"ELEVATOR DISCO",,,,,,,"PINK CREAM",876.000000,788.400000,31.0000,Style,,,,,,,,,,,,,,,,,0,0,,0,0,,,,,,,,,,,,,,,,,,,P1414,,,,,,,,,,,,,,,,,,,0.000000,Unpaid,14.6000,876.000000,0,0,0,0,0,0
427,"2026-01-06 00:00:00",,"2026-06-23 00:00:00",STENUE,Closed,,,,"                    ",,,,,,,,,,,,minji,"2026-05-01 14:20:57",minji,"2026-05-01 14:20:57",0,,PO,,,,,,PO,,,,,,,,"                    ",CD1011,,108.00,11.00,,"ELEVATOR DISCO",,,,,,,"SAGE GREEN",1684.800000,171.600000,35.0000,Style,,,,,,,,,,,,,,,,,0,0,,0,0,,,,,,,,,,,,,,,,,,,P1413,,,,,,,,,,,,,,,,,,,0.000000,Unpaid,15.6000,1684.800000,0,0,0,0,0,0
426,"2026-01-06 00:00:00",,"2026-06-23 00:00:00",STENUE,Open,,,,"                    ",,,,,,,,,,,,minji,"2026-05-01 14:17:12",Marie,"2026-06-18 10:16:35",0,,PO,,,,,,PO,,,,,,,,"                    ",CD1024,,72.00,0.00,,"ELEVATOR DISCO",,,,,,,BLACK,1123.200000,0.000000,46.0000,Style,,,,,,,,,,,,,,,,,0,0,,0,0,,,,,,,,,,,,,,,,,,,P1417,,,,,,,,,,,,,,,,,,,0.000000,Unpaid,15.6000,1123.200000,0,0,0,0,0,0
425,"2026-03-23 00:00:00",,"2026-06-23 00:00:00",STENUE,Open,,,,"                    ",,,MATSON,,,,,,,,,minji,"2026-05-01 14:16:16",minji,"2026-05-22 11:38:58",0,,PO,,,,,,PO,,,,,,,,"                    ",ET2748,,102.00,0.00,,"ELEVATOR DISCO",,,,,,,MINT,1101.600000,0.000000,24.2900,Style,,,,,,,,,,,,,,,,,0,0,,0,0,,,,,,,,,,,,,,,,,,,P1603,,,,,,,,,,,,,,,,,,,0.000000,Unpaid,10.8000,1101.600000,0,0,0,0,0,0
424,"2026-03-23 00:00:00",,"2026-06-23 00:00:00",STENUE,Closed,,,,"                    ",,,,,,,,,,,,minji,"2026-05-01 14:14:50",minji,"2026-05-01 14:19:19",0,,PO,,,,,,PO,,,,,,,,"                    ",CT1059,,102.00,114.00,,"ELEVATOR DISCO",,,,,,,"PINK MULTI",1591.200000,1778.400000,24.0000,Style,,,,,,,,,,,,,,,,,0,0,,0,0,,,,,,,,,,,,,,,,,,,P1609,,,,,,,,,,,,,,,,,,,0.000000,Unpaid,15.6000,1591.200000,0,0,0,0,0,0
423,"2026-01-02 00:00:00",,"2026-06-23 00:00:00",STENUE,Open,,,,"                    ",,,,,,,,,,,,minji,"2026-05-01 14:13:49",minji,"2026-05-01 14:14:00",0,,PO,,,,,,PO,,,,,,,,"                    ",CT1050,,102.00,0.00,,"ELEVATOR DISCO",,,,,,,"LIGHT BLUE",0.000000,0.000000,29.0000,Style,,,,,,,,,,,,,,,,,0,0,,0,0,,,,,,,,,,,,,,,,,,,P1410,,,,,,,,,,,,,,,,,,,0.000000,Unpaid,0.0000,0.000000,0,0,0,0,0,0
422,"2026-01-09 00:00:00",,"2026-06-23 00:00:00",STENUE,Closed,,,,"                    ",,,,,,,,,,,,minji,"2026-05-01 13:40:53",minji,"2026-05-01 13:40:53",0,,PO,,,,,,PO,,,,,,,,"                    ",CT1045,,54.00,54.00,,"ELEVATOR DISCO",,,,,,,BROWN,637.200000,637.200000,24.0000,Style,,,,,,,,,,,,,,,,,0,0,,0,0,,,,,,,,,,,,,,,,,,,P1474,,,,,,,,,,,,,,,,,,,0.000000,Unpaid,11.8000,637.200000,0,0,0,0,0,0
420,"2026-03-23 00:00:00",,"2026-06-23 00:00:00",STENUE,Closed,,,,"                    ",,,,,,,,,,,,minji,"2026-05-01 13:38:51",minji,"2026-05-07 18:05:15",0,,PO,,,,,,PO,,,,,,,,"                    ",CT1043,,102.00,108.00,,"ELEVATOR DISCO",,,,,,,"BLACK WHITE",744.600000,788.400000,21.0000,Style,,,,,,,,,,,,,,,,,0,0,,0,0,,,,,,,,,,,,,,,,,,,P1611,,,,,,,,,,,,,,,,,,,0.000000,Unpaid,9.8000,999.600000,0,0,0,0,0,0
419,"2026-03-23 00:00:00",,"2026-06-23 00:00:00",STENUE,Closed,,,,"                    ",,,,,,,,,,,,minji,"2026-05-01 13:37:46",minji,"2026-05-01 13:38:04",0,,PO,,,,,,PO,,,,,,,,"                    ",CT1017,,102.00,0.00,,"ELEVATOR DISCO",,,,,,,PINK,0.000000,0.000000,28.5700,Style,,,,,,,,,,,,,,,,,0,0,,0,0,,,,,,,,,,,,,,,,,,,P1605,,,,,,,,,,,,,,,,,,,0.000000,Unpaid,0.0000,0.000000,0,0,0,0,0,0
418,"2026-03-23 00:00:00",,"2026-06-23 00:00:00",STENUE,Closed,,,,"                    ",,,,,,,,,,,,minji,"2026-05-01 12:03:30",minji,"2026-05-01 12:03:35",0,,PO,,,,,,PO,,,,,,,,"                    ",CT1009,,102.00,0.00,,"ELEVATOR DISCO",,,,,,,CREAM,816.000000,0.000000,24.0000,Style,,,,,,,,,,,,,,,,,0,0,,0,0,,,,,,,,,,,,,,,,,,,P1606,,,,,,,,,,,,,,,,,,,0.000000,Unpaid,8.0000,816.000000,0,0,0,0,0,0
417,"2026-03-23 00:00:00",,"2026-06-23 00:00:00",STENUE,Closed,,,,"                    ",,,,,,,,,,,,minji,"2026-05-01 11:59:28",minji,"2026-05-01 12:02:34",0,,PO,,,,,,PO,,,,,,,,"                    ",CS1031,,102.00,114.00,,"ELEVATOR DISCO",,,,,,,"PINK MULTI",1071.000000,1197.000000,21.0000,Style,,,,,,,,,,,,,,,,,0,0,,0,0,,,,,,,,,,,,,,,,,,,P1608,,,,,,,,,,,,,,,,,,,0.000000,Unpaid,10.5000,1071.000000,0,0,0,0,0,0
416,"2026-01-09 00:00:00",,"2026-06-23 00:00:00",STENUE,Closed,,,,"                    ",,,,,,,,,,,,minji,"2026-05-01 11:58:05",shipping,"2026-06-25 15:20:36",0,,PO,,,,,,PO,,,,,,,,"                    ",CS1021,,54.00,54.00,,"ELEVATOR DISCO",,,,,,,BROWN,604.800000,604.800000,24.0000,Style,,,,,,,,,,,,,,,,,0,0,,0,0,,,,,,,,,,,,,,,,,,,P1461,,,,,,,,,,,,,,,,,,,0.000000,Unpaid,0.0000,0.000000,0,0,0,0,0,0
415,"2026-01-07 00:00:00",,"2026-06-23 00:00:00",STENUE,Open,,,,"                    ",,,MATSON,,,,,,,,,minji,"2026-05-01 11:56:35",minji,"2026-05-19 11:11:25",0,,PO,,,,,,PO,,,,,,,,"                    ",CS1014,,102.00,0.00,,"ELEVATOR DISCO",,,,,,,MINT,1632.000000,0.000000,33.0000,Style,,,,,,,,,,,,,,,,,0,0,,0,0,,,,,,,,,,,,,,,,,,,P1439,,,,,,,,,,,,,,,,,,,0.000000,Unpaid,0.0000,0.000000,0,0,0,0,0,0
414,"2026-03-23 00:00:00",,"2026-06-23 00:00:00",STENUE,Closed,,,,"                    ",,,,,,,,,,,,minji,"2026-05-01 11:55:08",minji,"2026-05-01 11:55:16",0,,PO,,,,,,PO,,,,,,,,"                    ",CP1025,,102.00,108.00,,"ELEVATOR DISCO",,,,,,,"PINK MULTI",1326.000000,1404.000000,28.0000,Style,,,,,,,,,,,,,,,,,0,0,,0,0,,,,,,,,,,,,,,,,,,,P1607,,,,,,,,,,,,,,,,,,,0.000000,Unpaid,13.0000,1326.000000,0,0,0,0,0,0
413,"2026-03-23 00:00:00",,"2026-06-23 00:00:00",STENUE,Closed,,,,"                    ",,,MATSON,,,,,,,,,minji,"2026-05-01 11:53:26",minji,"2026-05-13 14:25:04",0,,PO,,,,,,PO,,,,,,,,"                    ",CP1023,,102.00,102.00,,"ELEVATOR DISCO",,,,,,,"BLACK WHITE",907.800000,907.800000,21.0000,Style,,,,,,,,,,,,,,,,,0,0,,0,0,,,,,,,,,,,,,,,,,,,P1610,,,,,,,,,,,,,,,,,,,0.000000,Unpaid,8.9000,907.800000,0,0,0,0,0,0
412,"2026-03-23 00:00:00",,"2026-06-23 00:00:00",STENUE,Closed,,,,"                    ",,,,,,,,,,,,minji,"2026-05-01 11:45:13",minji,"2026-05-01 11:45:38",0,,PO,,,,,,PO,,,,,,,,"                    ",CP1020,,102.00,0.00,,"ELEVATOR DISCO",,,,,,,WHITE,1887.000000,0.000000,31.0000,Style,,,,,,,,,,,,,,,,,0,0,,0,0,,,,,,,,,,,,,,,,,,,P1604,,,,,,,,,,,,,,,,,,,0.000000,Unpaid,18.5000,1887.000000,0,0,0,0,0,0
411,"2026-01-15 00:00:00",,"2026-06-23 00:00:00",STENUE,Open,,,,"                    ",,,,,,,,,,,,minji,"2026-05-01 11:42:10",Marie,"2026-06-15 14:31:15",0,,PO,,,,,,PO,,,,,,,,"                    ",CD1053A,,60.00,0.00,,"ELEVATOR DISCO",,,,,,,NAVY,1536.000000,0.000000,39.0000,Style,,,,,,,,,,,,,,,,,0,0,,0,0,,,,,,,,,,,,,,,,,,,P1441,,,,,,,,,,,,,,,,,,,0.000000,Unpaid,25.6000,1536.000000,0,0,0,0,0,0
410,"2026-01-15 00:00:00",,"2026-06-23 00:00:00",STENUE,Open,,,,"                    ",,,,,,,,,,,,minji,"2026-05-01 11:39:52",shipping,"2026-06-16 16:36:22",0,,PO,,,,,,PO,,,,,,,,"                    ",CD1038,,102.00,0.00,,"ELEVATOR DISCO",,,,,,,WHITE,2060.400000,0.000000,31.0000,Style,,,,,,,,,,,,,,,,,0,0,,0,0,,,,,,,,,,,,,,,,,,,P1442,,,,,,,,,,,,,,,,,,,0.000000,Unpaid,20.2000,2060.400000,0,0,0,0,0,0
409,"2026-01-15 00:00:00",,"2026-06-23 00:00:00",STENUE,Closed,,,,"                    ",,,,,,,,,,,,minji,"2026-05-01 11:38:23",minji,"2026-05-01 11:38:23",0,,PO,,,,,,PO,,,,,,,,"                    ",CD1002,,102.00,114.00,,"ELEVATOR DISCO",,,,,,,"PINK MULTI",1887.000000,2109.000000,31.0000,Style,,,,,,,,,,,,,,,,,0,0,,0,0,,,,,,,,,,,,,,,,,,,P1427,,,,,,,,,,,,,,,,,,,0.000000,Unpaid,0.0000,0.000000,0,0,0,0,0,0
408,"2026-01-09 00:00:00",,"2026-06-23 00:00:00",STENUE,Open,,,,"                    ",,,,,,,,,,,,minji,"2026-05-01 11:31:50",minji,"2026-05-01 11:35:20",0,,PO,,,,,,PO,,,,,,,,"                    ",CD1049,,102.00,0.00,,"ELEVATOR DISCO",,,,,,,"PINK MULTI",1305.600000,0.000000,35.0000,Style,,,,,,,,,,,,,,,,,0,0,,0,0,,,,,,,,,,,,,,,,,,,P1336,,,,,,,,,,,,,,,,,,,0.000000,Unpaid,0.0000,0.000000,0,0,0,0,0,0
407,"2026-05-01 00:00:00",,"2026-05-29 00:00:00",STENUE,Closed,,,,10123,,,"                    ",,,,,,,,,adrian,"2026-05-01 10:47:32",adrian,"2026-05-01 10:47:32",1674,,PO,,,"2026-05-29 00:00:00",,,PO,,,,,,,,"12TH TRIBE",SET8376C,"2026-05-01 00:00:00",500.00,511.00,,FREESIA,,,,,,,WHITE,0.000000,0.000000,23.1400,Style,,,,,,,,,,,,,,,,,0,0,,0,0,,,,,,,,,,,,,,,,,,,,,,,,,,,,,,,,,,,,,,0.000000,Unpaid,23.1400,11570.000000,0,0,0,0,0,0
406,"2026-05-01 00:00:00",,"2026-05-29 00:00:00",STENUE,Closed,,,,10190,,,"                    ",,,,,,,,,adrian,"2026-05-01 10:41:07",adrian,"2026-05-01 10:41:07",1673,,PO,,,"2026-05-29 00:00:00",,,PO,,,,,,,,"12TH TRIBE",SET8356B1,"2026-05-01 00:00:00",425.00,433.00,,FREESIA,,,,,,,NATURAL,0.000000,0.000000,13.0400,Style,,,,,,,,,,,,,,,,,0,0,,0,0,,,,,,,,,,,,,,,,,,,,,,,,,,,,,,,,,,,,,,0.000000,Unpaid,0.0000,0.000000,0,0,0,0,0,0
405,"2026-01-13 00:00:00",,"2026-06-23 00:00:00",STENUE,Closed,,,,"                    ",,,MATSON,,,,,,,,,minji,"2026-05-01 10:38:29",minji,"2026-05-14 10:36:46",0,,PO,,,,,,PO,,,,,,,,"                    ",CD1040,,72.00,60.00,,"ELEVATOR DISCO",,,,,,,FUCHSIA,921.600000,768.000000,31.0000,Style,,,,,,,,,,,,,,,,,0,0,,0,0,,,,,,,,,,,,,,,,,,,P1419,,,,,,,,,,,,,,,,,,,0.000000,Unpaid,0.0000,0.000000,0,0,0,0,0,0
404,"2026-01-13 00:00:00",,"2026-06-23 00:00:00",STENUE,Closed,,,,"                    ",,,,,,,,,,,,minji,"2026-05-01 10:32:30",minji,"2026-05-01 10:32:30",0,,PO,,,,,,PO,,,,,,,,"                    ",CD1046,,30.00,30.00,,"ELEVATOR DISCO",,,,,,,BLACK,300.000000,300.000000,35.0000,Style,,,,,,,,,,,,,,,,,0,0,,0,0,,,,,,,,,,,,,,,,,,,P1422,,,,,,,,,,,,,,,,,,,0.000000,Unpaid,10.0000,300.000000,0,0,0,0,0,0
403,"2026-05-01 00:00:00",,"2026-05-29 00:00:00",STENUE,Closed,,,,10189,,,"                    ",,,,,,,,,adrian,"2026-05-01 10:32:23",adrian,"2026-05-01 10:32:23",0,,PO,,,"2026-05-29 00:00:00",,,PO,,,,,,,,"                    ",SET8356T,"2026-05-01 00:00:00",200.00,204.00,,"ELEVATOR DISCO",,,,,,,NATURAL,1320.000000,1346.400000,12.7900,Style,,,,,,,,,,,,,,,,,0,0,,0,0,,,,,,,,,,,,,,,,,,,,,,,,,,,,,,,,,,,,,,0.000000,Unpaid,6.6000,1320.000000,0,0,0,0,0,0
402,"2026-01-06 00:00:00",,"2026-06-23 00:00:00",STENUE,Closed,,,,"                    ",,,,,,,,,,,,minji,"2026-05-01 10:31:10",minji,"2026-06-02 10:14:57",0,,PO,,,,,,PO,,,,,,,,"                    ",CD1043,,78.00,78.00,,"ELEVATOR DISCO",,,,,,,BLACK,1076.400000,1076.400000,35.0000,Style,,,,,,,,,,,,,,,,,0,0,,0,0,,,,,,,,,,,,,,,,,,,P1421,,,,,,,,,,,,,,,,,,,0.000000,Unpaid,13.8000,1076.400000,0,0,0,0,0,0
401,"2026-01-06 00:00:00",,"2026-06-23 00:00:00",STENUE,Closed,,,,"                    ",,,,,,,,,,,,minji,"2026-05-01 10:29:58",minji,"2026-05-01 10:29:58",0,,PO,,,,,,PO,,,,,,,,"                    ",CD1021,,60.00,72.00,,"ELEVATOR DISCO",,,,,,,"PINK MULTI",660.000000,792.000000,28.0000,Style,,,,,,,,,,,,,,,,,0,0,,0,0,,,,,,,,,,,,,,,,,,,P1415,,,,,,,,,,,,,,,,,,,0.000000,Unpaid,11.0000,660.000000,0,0,0,0,0,0
400,"2026-01-09 00:00:00",,"2026-06-23 00:00:00",STENUE,Open,,,,"                    ",,,,,,,,,,,,minji,"2026-05-01 10:28:22",minji,"2026-05-01 10:28:36",0,,PO,,,,,,PO,,,,,,,,"                    ",CP1019,,102.00,0.00,,"ELEVATOR DISCO",,,,,,,"LIME GREEN",0.000000,0.000000,21.0000,Style,,,,,,,,,,,,,,,,,0,0,,0,0,,,,,,,,,,,,,,,,,,,P1335,,,,,,,,,,,,,,,,,,,0.000000,Unpaid,0.0000,0.000000,0,0,0,0,0,0
399,"2025-12-30 00:00:00",,"2026-06-23 00:00:00",STENUE,Open,,,,"                    ",,,,,,,,,,,,minji,"2026-05-01 10:26:28",minji,"2026-05-01 10:26:28",0,,PO,,,,,,PO,,,,,,,,"                    ",CT1027,,102.00,0.00,,"ELEVATOR DISCO",,,,,,,"LIME GREEN",0.000000,0.000000,21.0000,Style,,,,,,,,,,,,,,,,,0,0,,0,0,,,,,,,,,,,,,,,,,,,P1334,,,,,,,,,,,,,,,,,,,0.000000,Unpaid,0.0000,0.000000,0,0,0,0,0,0
398,"2026-05-01 00:00:00",,"2026-05-29 00:00:00",STENUE,Closed,,,,10172,,,"                    ",,,,,,,,,adrian,"2026-05-01 10:25:15",adrian,"2026-05-01 10:25:15",1671,,PO,,,"2026-05-29 00:00:00",,,PO,,,,,,,,"12TH TRIBE",ET3228VD,"2026-05-01 00:00:00",300.00,299.00,,FREESIA,,,,,,,NATURAL,0.000000,0.000000,14.0400,Style,,,,,,,,,,,,,,,,,0,0,,0,0,,,,,,,,,,,,,,,,,,,,,,,,,,,,,,,,,,,,,,0.000000,Unpaid,0.0000,0.000000,0,0,0,0,0,0
397,"2026-01-09 00:00:00",,"2026-06-23 00:00:00",STENUE,Closed,,,,"                    ",,,,,,,,,,,,minji,"2026-05-01 10:24:49",minji,"2026-05-01 10:24:57",0,,PO,,,,,,PO,,,,,,,,"                    ",CP1029,,30.00,90.00,,"ELEVATOR DISCO",,,,,,,"LIGHT BLUE",0.000000,0.000000,21.0000,Style,,,,,,,,,,,,,,,,,0,0,,0,0,,,,,,,,,,,,,,,,,,,P1350,,,,,,,,,,,,,,,,,,,0.000000,Unpaid,0.0000,0.000000,0,0,0,0,0,0
396,"2026-01-09 00:00:00",,"2026-06-23 00:00:00",STENUE,Closed,,,,"                    ",,,,,,,,,,,,minji,"2026-05-01 10:22:42",minji,"2026-05-01 10:22:42",0,,PO,,,"2026-04-26 00:00:00",,,PO,,,,,,,,"                    ",CT1015,,48.00,48.00,,"ELEVATOR DISCO",,,,,,,"PINK CREAM",590.400000,590.400000,28.0000,Style,,,,,,,,,,,,,,,,,0,0,,0,0,,,,,,,,,,,,,,,,,,,P1466,,,,,,,,,,,,,,,,,,,0.000000,Unpaid,12.3000,590.400000,0,0,0,0,0,0
394,"2026-01-08 00:00:00",,"2026-06-23 00:00:00",STENUE,Closed,,,,"                    ",,,,,,,,,,,,minji,"2026-05-01 10:19:29",minji,"2026-05-01 10:19:29",0,,PO,,,,,,PO,,,,,,,,"                    ",CP1010,,42.00,42.00,,"ELEVATOR DISCO",,,,,,,"PINK CREAM",462.000000,462.000000,24.0000,Style,,,,,,,,,,,,,,,,,0,0,,0,0,,,,,,,,,,,,,,,,,,,P1447,,,,,,,,,,,,,,,,,,,0.000000,Unpaid,11.0000,462.000000,0,0,0,0,0,0
393,"2026-01-13 00:00:00",,"2026-06-23 00:00:00",STENUE,Closed,,,,"                    ",,,,,,,,,,,,minji,"2026-05-01 10:16:12",minji,"2026-05-01 10:16:49",0,,PO,,,,,,PO,,,,,,,,"                    ",CD1051,,86.00,90.00,,"ELEVATOR DISCO",,,,,,,BROWN,1539.400000,1611.000000,44.0000,Style,,,,,,,,,,,,,,,,,0,0,,0,0,,,,,,,,,,,,,,,,,,,P1347,,,,,,,,,,,,,,,,,,,0.000000,Unpaid,17.9000,1539.400000,0,0,0,0,0,0
390,"2025-12-30 00:00:00",,"2026-06-23 00:00:00",INLOOK,Open,,,,"                    ",,,,,,,,,,,,minji,"2026-05-01 10:04:48",minji,"2026-05-01 10:10:42",0,,PO,,,,,,PO,,,,,,,,"                    ",CP1004,,108.00,0.00,,"ELEVATOR DISCO",,,,,,,WHITE,966.600000,0.000000,24.0000,Style,,,,,,,,,,,,,,,,,0,0,,0,0,,,,,,,,,,,,,,,,,,,P1349,,,,,,,,,,,,,,,,,,,0.000000,Unpaid,8.9500,966.600000,0,0,0,0,0,0
389,"2026-01-13 00:00:00",,"2026-06-23 00:00:00",STENUE,Open,,,,"                    ",,,,,,,,,,,,minji,"2026-05-01 09:55:01",minji,"2026-05-01 09:55:01",0,,PO,,,,,,PO,,,,,,,,"                    ",CS1023,,72.00,0.00,,"ELEVATOR DISCO",,,,,,,CREAM,777.600000,0.000000,21.0000,Style,,,,,,,,,,,,,,,,,0,0,,0,0,,,,,,,,,,,,,,,,,,,P1462,,,,,,,,,,,,,,,,,,,0.000000,Unpaid,10.8000,777.600000,0,0,0,0,0,0
388,"2026-01-13 00:00:00",,"2026-06-23 00:00:00",STENUE,Closed,,,,"                    ",,,,,,,,,,,,minji,"2026-05-01 09:14:19",minji,"2026-05-01 09:48:58",0,,PO,,,,,,PO,,,,,,,,"                    ",CP1034,,72.00,138.00,,"ELEVATOR DISCO",,,,,,,PINK,763.200000,1462.800000,21.0000,Style,,,,,,,,,,,,,,,,,0,0,,0,0,,,,,,,,,,,,,,,,,,,P1351,,,,,,,,,,,,,,,,,,,0.000000,Unpaid,10.6000,763.200000,0,0,0,0,0,0
387,"2026-01-13 00:00:00",,"2026-06-23 00:00:00",STENUE,Closed,,,,"                    ",,,,,,,,,,,,minji,"2026-05-01 09:05:33",minji,"2026-05-01 09:05:56",0,,PO,,,,,,PO,,,,,,,,"                    ",CP1006,,24.00,30.00,,"ELEVATOR DISCO",,,,,,,CREAM,213.600000,267.000000,24.0000,Style,,,,,,,,,,,,,,,,,0,0,,0,0,,,,,,,,,,,,,,,,,,,P1486,,,,,,,,,,,,,,,,,,,0.000000,Unpaid,8.9000,213.600000,0,0,0,0,0,0
385,"2026-01-02 00:00:00",,"2026-06-23 00:00:00",INLOOK,Open,,,,"                    ",,,,,,,,,,,,minji,"2026-05-01 09:02:57",minji,"2026-05-01 09:03:01",0,,PO,,,,,,PO,,,,,,,,"                    ",FRT2291,,72.00,0.00,,"ELEVATOR DISCO",,,,,,,WHITE,1004.400000,0.000000,24.0000,Style,,,,,,,,,,,,,,,,,0,0,,0,0,,,,,,,,,,,,,,,,,,,P1409,,,,,,,,,,,,,,,,,,,0.000000,Unpaid,13.9500,1004.400000,0,0,0,0,0,0
384,"2026-01-07 00:00:00",,"2026-06-23 00:00:00",INLOOK,Open,,,,"                    ",,,,,,,,,,,,minji,"2026-05-01 09:02:02",minji,"2026-05-01 09:02:02",0,,PO,,,,,,PO,,,,,,,,"                    ",CT1051,,102.00,0.00,,"ELEVATOR DISCO",,,,,,,CREAM,1157.700000,0.000000,20.7100,Style,,,,,,,,,,,,,,,,,0,0,,0,0,,,,,,,,,,,,,,,,,,,P1574,,,,,,,,,,,,,,,,,,,0.000000,Unpaid,10.5000,1071.000000,0,0,0,0,0,0
383,"2026-01-07 00:00:00",,"2026-06-23 00:00:00",STENUE,Open,,,,"                    ",,,,,,,,,,,,minji,"2026-05-01 09:00:02",minji,"2026-05-01 09:00:54",0,,PO,,,,,,PO,,,,,,,,"                    ",CD1041A,,78.00,0.00,,"ELEVATOR DISCO",,,,,,,"BLACK WHITE",1560.000000,0.000000,45.0000,Style,,,,,,,,,,,,,,,,,0,0,,0,0,,,,,,,,,,,,,,,,,,,P1435,,,,,,,,,,,,,,,,,,,0.000000,Unpaid,20.0000,1560.000000,0,0,0,0,0,0
381,"2026-01-13 00:00:00",,"2026-06-23 00:00:00",STENUE,Open,,,,"                    ",,,,,,,,,,,,minji,"2026-04-30 18:50:39",mike,"2026-06-04 15:15:01",0,,PO,,,,,,PO,,,,,,,,"                    ",CD1048,,45.00,0.00,,"ELEVATOR DISCO",,,,,,,"YELLOW PINK",621.000000,0.000000,33.0000,Style,,,,,,,,,,,,,,,,,0,0,,0,0,,,,,,,,,,,,,,,,,,,P1483,,,,,,,,,,,,,,,,,,,0.000000,Unpaid,13.8000,621.000000,0,0,0,0,0,0
380,"2026-01-08 00:00:00",,"2026-05-23 00:00:00",STENUE,Closed,,,,"                    ",,,,,,,,,,,,minji,"2026-04-30 18:16:44",minji,"2026-04-30 18:53:05",0,,PO,,,,,,PO,,,,,,,,"                    ",CD1061,,96.00,90.00,,"ELEVATOR DISCO",,,,,,,WHITE,2112.000000,1980.000000,45.0000,Style,,,,,,,,,,,,,,,,,0,0,,0,0,,,,,,,,,,,,,,,,,,,P1445,,,,,,,,,,,,,,,,,,,0.000000,Unpaid,22.0000,2112.000000,0,0,0,0,0,0
379,"2026-03-13 00:00:00",,"2026-05-28 00:00:00",STENUE,Closed,,,,"                    ",,,,,,,,,,,,minji,"2026-04-30 18:10:30",minji,"2026-04-30 18:15:42",0,,PO,,,,,,PO,,,,,,,,"                    ",CT1026,,102.00,48.00,,"ELEVATOR DISCO",,,,,,,WHITE,1173.000000,552.000000,21.0000,Style,,,,,,,,,,,,,,,,,0,0,,0,0,,,,,,,,,,,,,,,,,,,P1444,,,,,,,,,,,,,,,,,,,0.000000,Unpaid,10.7000,1091.400000,0,0,0,0,0,0
378,"2026-01-07 00:00:00",,"2026-05-23 00:00:00",STENUE,Closed,,,,"                    ",,,,,,,,,,,,minji,"2026-04-30 18:08:54",minji,"2026-04-30 18:08:54",0,,PO,,,,,,PO,,,,,,,,"                    ",CD1056,,222.00,210.00,,"ELEVATOR DISCO",,,,,,,PINK,2997.000000,2835.000000,31.0000,Style,,,,,,,,,,,,,,,,,0,0,,0,0,,,,,,,,,,,,,,,,,,,P1425,,,,,,,,,,,,,,,,,,,0.000000,Unpaid,13.5000,2997.000000,0,0,0,0,0,0
377,"2026-03-13 00:00:00",,"2026-05-23 00:00:00",STENUE,Closed,,,,"                    ",,,,,,,,,,,,minji,"2026-04-30 18:04:08",minji,"2026-05-07 13:25:00",0,,PO,,,,,,PO,,,,,,,,"                    ",CT1025,,102.00,120.00,,"ELEVATOR DISCO",,,,,,,"WHITE LIGHT BLUE",1224.000000,1440.000000,26.0000,Style,,,,,,,,,,,,,,,,,0,0,,0,0,,,,,,,,,,,,,,,,,,,P1581,,,,,,,,,,,,,,,,,,,0.000000,Unpaid,0.0000,0.000000,0,0,0,0,0,0
376,"2026-03-13 00:00:00",,"2026-05-23 00:00:00",STENUE,Closed,,,,"                    ",,,,,,,,,,,,minji,"2026-04-30 17:58:43",Marie,"2026-05-21 15:36:01",0,,PO,,,,,,PO,,,,,,,,"                    ",CT1016,,102.00,108.00,,"ELEVATOR DISCO",,,,,,,WHITE,1377.000000,1458.000000,21.0000,Style,,,,,,,,,,,,,,,,,0,0,,0,0,,,,,,,,,,,,,,,,,,,P1585,,,,,,,,,,,,,,,,,,,0.000000,Unpaid,13.5000,1377.000000,0,0,0,0,0,0
375,"2026-03-13 00:00:00",,"2026-05-23 00:00:00",STENUE,Closed,,,,"                    ",,,,,,,,,,,,minji,"2026-04-30 17:56:36",minji,"2026-04-30 17:56:43",0,,PO,,,,,,PO,,,,,,,,"                    ",CP1030,,102.00,66.00,,"ELEVATOR DISCO",,,,,,,BLUE,0.000000,0.000000,32.0000,Style,,,,,,,,,,,,,,,,,0,0,,0,0,,,,,,,,,,,,,,,,,,,P1438,,,,,,,,,,,,,,,,,,,0.000000,Unpaid,0.0000,0.000000,0,0,0,0,0,0
374,"2026-04-30 00:00:00",,"2026-05-23 00:00:00",STENUE,Closed,,,,"                    ",,,,,,,,,,,,minji,"2026-04-30 17:54:50",minji,"2026-04-30 17:54:50",0,,PO,,,,,,PO,,,,,,,,"                    ",CD1042,,66.00,66.00,,"ELEVATOR DISCO",,,,,,,PINK,1003.200000,1003.200000,36.0000,Style,,,,,,,,,,,,,,,,,0,0,,0,0,,,,,,,,,,,,,,,,,,,P1420,,,,,,,,,,,,,,,,,,,0.000000,Unpaid,15.2000,1003.200000,0,0,0,0,0,0
373,"2026-03-13 00:00:00",,"2026-05-23 00:00:00",STENUE,Closed,,,,"                    ",,,,,,,,,,,,minji,"2026-04-30 17:53:12",minji,"2026-04-30 17:53:12",0,,PO,,,,,,PO,,,,,,,,"                    ",CD1033,,102.00,0.00,,"ELEVATOR DISCO",,,,,,,"WHITE BLACK",0.000000,0.000000,36.0000,Style,,,,,,,,,,,,,,,,,0,0,,0,0,,,,,,,,,,,,,,,,,,,P1580,,,,,,,,,,,,,,,,,,,0.000000,Unpaid,0.0000,0.000000,0,0,0,0,0,0
372,"2026-03-13 00:00:00",,"2026-05-23 00:00:00",STENUE,Closed,,,,"                    ",,,,,,,,,,,,minji,"2026-04-30 17:50:39",minji,"2026-04-30 17:50:44",0,,PO,,,,,,PO,,,,,,,,"                    ",CD1031,,102.00,84.00,,"ELEVATOR DISCO",,,,,,,WHITE,1499.400000,1234.800000,44.0000,Style,,,,,,,,,,,,,,,,,0,0,,0,0,,,,,,,,,,,,,,,,,,,P1586,,,,,,,,,,,,,,,,,,,0.000000,Unpaid,14.7000,1499.400000,0,0,0,0,0,0
371,"2026-03-13 00:00:00",,"2026-05-23 00:00:00",STENUE,Closed,,,,"                    ",,,MATSON,,,,,,,,,minji,"2026-04-30 17:49:15",minji,"2026-05-19 15:00:56",0,,PO,,,,,,PO,,,,,,,,"                    ",CD1029,,120.00,120.00,,"ELEVATOR DISCO",,,,,,,WHITE,1824.000000,1824.000000,33.0000,Style,,,,,,,,,,,,,,,,,0,0,,0,0,,,,,,,,,,,,,,,,,,,P1579,,,,,,,,,,,,,,,,,,,0.000000,Unpaid,0.0000,0.000000,0,0,0,0,0,0
370,"2026-04-30 00:00:00",,"2026-05-23 00:00:00",STENUE,Closed,,,,"                    ",,,,,,,,,,,,minji,"2026-04-30 17:47:42",minji,"2026-04-30 17:47:54",0,,PO,,,,,,PO,,,,,,,,"                    ",CD1027,,102.00,66.00,,"ELEVATOR DISCO",,,,,,,BLUE,1356.600000,877.800000,31.4300,Style,,,,,,,,,,,,,,,,,0,0,,0,0,,,,,,,,,,,,,,,,,,,P1578,,,,,,,,,,,,,,,,,,,0.000000,Unpaid,13.3000,1356.600000,0,0,0,0,0,0
369,"2026-03-13 00:00:00",,"2026-05-23 00:00:00",STENUE,Closed,,,,"                    ",,,,,,,,,,,,minji,"2026-04-30 17:42:00",minji,"2026-05-08 17:00:32",0,,PO,,,,,,PO,,,,,,,,"                    ",CD1012,,102.00,0.00,,"ELEVATOR DISCO",,,,,,,"LIGHT BLUE",0.000000,0.000000,46.0000,Style,,,,,,,,,,,,,,,,,0,0,,0,0,,,,,,,,,,,,,,,,,,,P1577,,,,,,,,,,,,,,,,,,,0.000000,Unpaid,0.0000,0.000000,0,0,0,0,0,0
368,"2026-03-13 00:00:00",,"2026-05-23 00:00:00",STENUE,Closed,,,,"                    ",,,,,,,,,,,,minji,"2026-04-30 17:40:23",mike,"2026-05-28 10:20:39",0,,PO,,,,,,PO,,,,,,,,"                    ",CT1028,,102.00,102.00,,"ELEVATOR DISCO",,,,,,,"BLACK WHITE",1244.400000,1244.400000,28.0000,Style,,,,,,,,,,,,,,,,,0,0,,0,0,,,,,,,,,,,,,,,,,,,P1575,,,,,,,,,,,,,,,,,,,0.000000,Unpaid,12.2000,1244.400000,0,0,0,0,0,0
367,"2026-03-13 00:00:00",,"2026-05-23 00:00:00",STENUE,Closed,,,,"                    ",,,,,,,,,,,,minji,"2026-04-30 17:36:45",minji,"2026-04-30 17:37:20",0,,PO,,,,,,PO,,,,,,,,"                    ",CD1028,,24.00,24.00,,"ELEVATOR DISCO",,,,,,,WHITE,348.000000,348.000000,33.0000,Style,,,,,,,,,,,,,,,,,0,0,,0,0,,,,,,,,,,,,,,,,,,,P1344,,,,,,,,,,,,,,,,,,,0.000000,Unpaid,14.5000,348.000000,0,0,0,0,0,0
366,"2026-03-12 00:00:00",,"2026-05-23 00:00:00",STENUE,Closed,,,,"                    ",,,,,,,,,,,,minji,"2026-04-30 17:35:21",adrian,"2026-06-15 16:18:46",0,,PO,,,,,,PO,,,,,,,,"                    ",CD1017,,102.00,114.00,,"ELEVATOR DISCO",,,,,,,"LIGHT BLUE",1836.000000,2052.000000,33.0000,Style,,,,,,,,,,,,,,,,,0,0,,0,0,,,,,,,,,,,,,,,,,,,P1333,,,,,,,,,,,,,,,,,,,0.000000,Unpaid,18.0000,1836.000000,0,0,0,0,0,0
365,"2026-03-13 00:00:00",,"2026-05-23 00:00:00",STENUE,Closed,,,,"                    ",,,,,,,,,,,,minji,"2026-04-30 17:30:29",minji,"2026-05-11 19:14:58",0,,PO,,,,,,PO,,,,,,,,"                    ",ESWD5332,,36.00,36.00,,"ELEVATOR DISCO",,,,,,,PINK,1008.000000,1008.000000,35.0000,Style,,,,,,,,,,,,,,,,,0,0,,0,0,,,,,,,,,,,,,,,,,,,P1479,,,,,,,,,,,,,,,,,,,0.000000,Unpaid,0.0000,0.000000,0,0,0,0,0,0
364,"2026-01-09 00:00:00",,"2026-05-23 00:00:00",STENUE,Closed,,,,"                    ",,,,,,,,,,,,minji,"2026-04-30 17:28:15",minji,"2026-04-30 17:28:15",0,,PO,,,,,,PO,,,,,,,,"                    ",CT1002,,60.00,60.00,,"ELEVATOR DISCO",,,,,,,WHITE,498.000000,498.000000,21.0000,Style,,,,,,,,,,,,,,,,,0,0,,0,0,,,,,,,,,,,,,,,,,,,P1465,,,,,,,,,,,,,,,,,,,0.000000,Unpaid,8.3000,498.000000,0,0,0,0,0,0
363,"2026-01-06 00:00:00",,"2026-05-26 00:00:00",STENUE,Closed,,,,"                    ",,,,,,,,,,,,minji,"2026-04-30 17:26:57",minji,"2026-05-20 14:05:55",0,,PO,,,,,,PO,,,,,,,,"                    ",CD1055,,72.00,72.00,,"ELEVATOR DISCO",,,,,,,WHITE,1944.000000,1944.000000,47.0000,Style,,,,,,,,,,,,,,,,,0,0,,0,0,,,,,,,,,,,,,,,,,,,P1424,,,,,,,,,,,,,,,,,,,0.000000,Unpaid,27.0000,1944.000000,0,0,0,0,0,0
362,"2026-04-30 00:00:00",,"2026-05-23 00:00:00",STENUE,Closed,,,,"                    ",,,,,,,,,,,,minji,"2026-04-30 17:21:30",minji,"2026-04-30 17:23:39",0,,PO,,,,,,PO,,,,,,,,"                    ",CD1023,,66.00,114.00,,"ELEVATOR DISCO",,,,,,,"BLUE MULTI",798.600000,1379.400000,28.0000,Style,,,,,,,,,,,,,,,,,0,0,,0,0,,,,,,,,,,,,,,,,,,,P1416,,,,,,,,,,,,,,,,,,,0.000000,Unpaid,12.1000,798.600000,0,0,0,0,0,0
361,"2026-04-30 00:00:00",,"2026-05-23 00:00:00",STENUE,Open,,,,"                    ",,,,,,,,,,,,minji,"2026-04-30 17:17:06",minji,"2026-05-11 17:59:09",0,,PO,,,,,,PO,,,,,,,,"                    ",CD1009,,48.00,0.00,,"ELEVATOR DISCO",,,,,,,CREAM,1051.200000,0.000000,46.0000,Style,,,,,,,,,,,,,,,,,0,0,,0,0,,,,,,,,,,,,,,,,,,,P1260,,,,,,,,,,,,,,,,,,,0.000000,Unpaid,21.9000,1051.200000,0,0,0,0,0,0
360,"2026-03-13 00:00:00",,"2026-05-23 00:00:00",STENUE,Closed,,,,"                    ",,,,,,,,,,,,minji,"2026-04-30 17:14:34",minji,"2026-04-30 17:14:34",0,,PO,,,,,,PO,,,,,,,,"                    ",SETD1058B,,102.00,102.00,,"ELEVATOR DISCO",,,,,,,PINK,795.600000,795.600000,20.7100,Style,,,,,,,,,,,,,,,,,0,0,,0,0,,,,,,,,,,,,,,,,,,,P1588,,,,,,,,,,,,,,,,,,,0.000000,Unpaid,7.8000,795.600000,0,0,0,0,0,0
359,"2026-03-13 00:00:00",,"2026-05-23 00:00:00",STENUE,Closed,,,,"                    ",,,,,,,,,,,,minji,"2026-04-30 17:12:58",minji,"2026-04-30 17:13:05",0,,PO,,,,,,PO,,,,,,,,"                    ",SETD1058A,,102.00,102.00,,"ELEVATOR DISCO",,,,,,,PINK,1224.000000,1224.000000,27.0000,Style,,,,,,,,,,,,,,,,,0,0,,0,0,,,,,,,,,,,,,,,,,,,P1587,,,,,,,,,,,,,,,,,,,0.000000,Unpaid,12.0000,1224.000000,0,0,0,0,0,0
358,"2026-03-13 00:00:00",,"2026-06-23 00:00:00",STENUE,Closed,,,,"                    ",,,MATSON,,,,,,,,,minji,"2026-04-30 17:11:46",minji,"2026-05-15 17:43:54",0,,PO,,,,,,PO,,,,,,,,"                    ",FSET8080A,,102.00,102.00,,"ELEVATOR DISCO",,,,,,,BLUE,1091.400000,1091.400000,20.7100,Style,,,,,,,,,,,,,,,,,0,0,,0,0,,,,,,,,,,,,,,,,,,,P1576,,,,,,,,,,,,,,,,,,,0.000000,Unpaid,10.7000,1091.400000,0,0,0,0,0,0
357,"2026-03-13 00:00:00",,"2026-05-23 00:00:00",STENUE,Closed,,,,"                    ",,,,,,,,,,,,minji,"2026-04-30 17:08:20",jenna,"2026-05-20 09:50:52",0,,PO,,,,,,PO,,,,,,,,"                    ",CP1017,,102.00,120.00,,"ELEVATOR DISCO",,,,,,,WHITE,1581.000000,1860.000000,31.4300,Style,,,,,,,,,,,,,,,,,0,0,,0,0,,,,,,,,,,,,,,,,,,,P1582,,,,,,,,,,,,,,,,,,,0.000000,Unpaid,15.5000,1581.000000,0,0,0,0,0,0
356,"2025-12-08 00:00:00",,,STENUE,Open,,,,10172,,,"                    ",,,,,,,,,adrian,"2026-04-30 17:06:49",minji,"2026-06-10 16:26:17",1670,,PO,,,,,,PO,,,,,,,,"12TH TRIBE",ET3228VD,,300.00,0.00,,FREESIA,,,,,,,NATURAL,2340.000000,0.000000,14.0400,Style,,,,,,,,,,,,,,,,,0,0,,0,0,,,,,,,,,,,,,,,,,,,,,,,,,,,,,,,,,,,,,,0.000000,Unpaid,0.0000,0.000000,0,0,0,0,0,0
355,"2026-03-13 00:00:00",,"2026-05-23 00:00:00",STENUE,Closed,,,,"                    ",,,,,,,,,,,,minji,"2026-04-30 17:03:18",minji,"2026-04-30 17:03:18",0,,PO,,,,,,PO,,,,,,,,"                    ",CP1001,,102.00,102.00,,"ELEVATOR DISCO",,,,,,,WHITE,867.000000,867.000000,21.0000,Style,,,,,,,,,,,,,,,,,0,0,,0,0,,,,,,,,,,,,,,,,,,,P1584,,,,,,,,,,,,,,,,,,,0.000000,Unpaid,8.5000,867.000000,0,0,0,0,0,0
354,"2026-04-30 00:00:00",,"2026-05-23 00:00:00",STENUE,Closed,,,,"                    ",,,,,,,,,,,,minji,"2026-04-30 17:01:41",minji,"2026-04-30 17:01:52",0,,PO,,,,,,PO,,,,,,,,"                    ",CD1044,,102.00,108.00,,"ELEVATOR DISCO",,,,,,,PINK,1713.600000,1814.400000,28.0000,Style,,,,,,,,,,,,,,,,,0,0,,0,0,,,,,,,,,,,,,,,,,,,P1583,,,,,,,,,,,,,,,,,,,0.000000,Unpaid,16.8000,1713.600000,0,0,0,0,0,0
348,"2026-04-30 00:00:00",,"2026-05-28 00:00:00",STENUE,Closed,,,,225903,,,"                    ",,,,,,,,,adrian,"2026-04-30 16:47:30",adrian,"2026-04-30 16:47:30",1669,,PO,,,"2026-05-28 00:00:00",,,PO,,,,,,,,LULUS,FRD1226,"2026-04-30 00:00:00",161.00,161.00,,FREESIA,,,,,,,BLUE,2254.000000,2254.000000,23.6000,Style,,,,,,,,,,,,,,,,,0,0,,0,0,,,,,,,,,,,,,,,,,,,,,,,,,,,,,,,,,,,,,,0.000000,Unpaid,14.0000,2254.000000,0,0,0,0,0,0
344,"2026-01-09 00:00:00",,"2026-05-28 00:00:00",STENUE,Closed,,,,"                    ",,,,,,,,,,,,minji,"2026-04-30 16:43:22",minji,"2026-04-30 16:43:22",0,,PO,,,"2026-05-28 00:00:00",,,PO,,,,,,,,"                    ",CS1008,"2026-04-30 00:00:00",102.00,102.00,,"ELEVATOR DISCO",,,,,,,"LIGHT BLUE",1173.000000,1173.000000,24.0000,Style,,,,,,,,,,,,,,,,,0,0,,0,0,,,,,,,,,,,,,,,,,,,P1471,,,,,,,,,,,,,,,,,,,0.000000,Unpaid,11.5000,1173.000000,0,0,0,0,0,0
343,"2026-01-09 00:00:00",,"2026-05-28 00:00:00",STENUE,Closed,,,,"                    ",,,,,,,,,,,,minji,"2026-04-30 16:40:56",minji,"2026-04-30 16:41:01",0,,PO,,,,,,PO,,,,,,,,"                    ",CS1002,,96.00,108.00,,"ELEVATOR DISCO",,,,,,,PINK,1420.800000,1598.400000,31.0000,Style,,,,,,,,,,,,,,,,,0,0,,0,0,,,,,,,,,,,,,,,,,,,P1458,,,,,,,,,,,,,,,,,,,0.000000,Unpaid,14.8000,1420.800000,0,0,0,0,0,0
336,"2026-01-08 00:00:00",,"2026-05-23 00:00:00",STENUE,Closed,,,,"                    ",,,,,,,,,,,,minji,"2026-04-30 16:25:51",mike,"2026-05-20 11:59:41",0,,PO,,,,,,PO,,,,,,,,"                    ",CP1007,,72.00,72.00,,"ELEVATOR DISCO",,,,,,,BLUE,1044.000000,1044.000000,28.0000,Style,,,,,,,,,,,,,,,,,0,0,,0,0,,,,,,,,,,,,,,,,,,,P1446,,,,,,,,,,,,,,,,,,,0.000000,Unpaid,14.5000,1044.000000,0,0,0,0,0,0
334,"2026-03-13 00:00:00",,"2026-05-23 00:00:00",STENUE,Closed,,,,"                    ",,,,,,,,,,,,minji,"2026-04-30 16:20:43",minji,"2026-04-30 16:21:57",0,,PO,,,,,,PO,,,,,,,,"                    ",CD1032,,48.00,48.00,,"ELEVATOR DISCO",,,,,,,"BLACK WHITE",912.000000,912.000000,44.0000,Style,,,,,,,,,,,,,,,,,0,0,,0,0,,,,,,,,,,,,,,,,,,,P1482,,,,,,,,,,,,,,,,,,,0.000000,Unpaid,19.0000,912.000000,0,0,0,0,0,0
333,"2026-01-06 00:00:00",,"2026-05-23 00:00:00",STENUE,Closed,,,,"                    ",,,,,,,,,,,,minji,"2026-04-30 16:18:46",minji,"2026-04-30 16:19:25",0,,PO,,,,,,PO,,,,,,,,"                    ",CD1013,,72.00,66.00,,"ELEVATOR DISCO",,,,,,,"LIGHT BLUE",1360.800000,1247.400000,36.0000,Style,,,,,,,,,,,,,,,,,0,0,,0,0,,,,,,,,,,,,,,,,,,,P1343,,,,,,,,,,,,,,,,,,,0.000000,Unpaid,18.9000,1360.800000,0,0,0,0,0,0
332,"2026-03-13 00:00:00",,"2026-05-23 00:00:00",STENUE,Closed,,,,"                    ",,,,,,,,,,,,minji,"2026-04-30 16:16:19",minji,"2026-04-30 16:16:44",0,,PO,,,,,,PO,,,,,,,,"                    ",CD1004,,48.00,48.00,,"ELEVATOR DISCO",,,,,,,PINK,964.800000,964.800000,33.0000,Style,,,,,,,,,,,,,,,,,0,0,,0,0,,,,,,,,,,,,,,,,,,,"P1423, P1531",,,,,,,,,,,,,,,,,,,0.000000,Unpaid,20.1000,964.800000,0,0,0,0,0,0
331,"2026-03-13 00:00:00",,"2026-05-23 00:00:00",STENUE,Closed,,,,"                    ",,,,,,,,,,,,minji,"2026-04-30 16:13:44",minji,"2026-04-30 16:13:44",0,,PO,,,,,,PO,,,,,,,,"                    ",FSET8080B,,30.00,78.00,,"ELEVATOR DISCO",,,,,,,BLUE,270.000000,702.000000,20.7100,Style,,,,,,,,,,,,,,,,,0,0,,0,0,,,,,,,,,,,,,,,,,,,P1353,,,,,,,,,,,,,,,,,,,0.000000,Unpaid,9.0000,270.000000,0,0,0,0,0,0
329,"2026-03-13 00:00:00",,"2026-05-28 00:00:00",STENUE,Closed,,,,"                    ",,,,,,,,,,,,minji,"2026-04-30 16:06:38",adrian,"2026-05-20 12:57:00",0,,PO,,,,,,PO,,,,,,,,"                    ",CT1020,,42.00,34.00,,"ELEVATOR DISCO",,,,,,,"PINK BROWN",373.800000,302.600000,21.0000,Style,,,,,,,,,,,,,,,,,0,0,,0,0,,,,,,,,,,,,,,,,,,,P1467,,,,,,,,,,,,,,,,,,,0.000000,Unpaid,8.9000,373.800000,0,0,0,0,0,0
328,"2026-03-12 00:00:00",,"2026-05-28 00:00:00",INLOOK,Closed,,,,"                    ",,,,,,,,,,,,minji,"2026-04-30 16:04:08",minji,"2026-04-30 16:04:08",0,,PO,,,,,,PO,,,,,,,,"                    ",FSW5044A,,102.00,108.00,,"ELEVATOR DISCO",,,,,,,PINK,1198.500000,1269.000000,31.0000,Style,,,,,,,,,,,,,,,,,0,0,,0,0,,,,,,,,,,,,,,,,,,,P1571,,,,,,,,,,,,,,,,,,,0.000000,Unpaid,11.7500,1198.500000,0,0,0,0,0,0
325,"2026-04-30 00:00:00",,"2026-05-28 00:00:00",STENUE,Closed,,,,6077847,,,"                    ",,,,,,,,,lillian,"2026-04-30 14:21:57",adrian,"2026-05-20 16:47:45",1390,,PO,,,"2026-05-28 00:00:00",,,PO,,,,,,,,BLOOMINGDALES,CS1002,"2026-04-30 00:00:00",70.00,70.00,,"ELEVATOR DISCO",,,,,,,PINK,1036.000000,1036.000000,31.0000,Style,,,,,,,,,,,,,,,,,0,0,,0,0,,,,,,,,,,,,,,,,,,,P1513,,,,,,,,,,,,,,,,,,,0.000000,Unpaid,14.8000,1036.000000,0,0,0,0,0,0
323,"2026-04-30 00:00:00",,"2026-05-28 00:00:00",STENUE,Closed,,,,6077847,,,"                    ",,,,,,,,,lillian,"2026-04-30 14:21:56",minji,"2026-05-15 17:01:34",1390,,PO,,,"2026-05-28 00:00:00",,,PO,,,,,,,,BLOOMINGDALES,CD1061,"2026-04-30 00:00:00",50.00,50.00,,"ELEVATOR DISCO",,,,,,,WHITE,1100.000000,1100.000000,45.0000,Style,,,,,,,,,,,,,,,,,0,0,,0,0,,,,,,,,,,,,,,,,,,,P1511,,,,,,,,,,,,,,,,,,,0.000000,Unpaid,22.0000,1100.000000,0,0,0,0,0,0
321,"2026-04-16 00:00:00",,,STENUE,Open,,,,225385,,,"                    ",,,,,,,,,lillian,"2026-04-30 14:18:03",minji,"2026-06-10 16:25:01",0,,PO,,,,,,PO,,,,,,,,"                    ",FSET8043M,,301.00,0.00,,FREESIA,,,,,,,SAGE,3913.000000,0.000000,20.0000,Style,,,,,,,,,,,,,,,,,0,0,,0,0,,,,,,,,,,,,,,,,,,,,,,,,,,,,,,,,,,,,,,0.000000,Unpaid,13.0000,3913.000000,0,0,0,0,0,0
320,"2026-04-30 00:00:00",,,STENUE,Closed,,,,225386,,,"                    ",,,,,,,,,lillian,"2026-04-30 14:18:02",adrian,"2026-06-17 14:51:33",1376,,PO,,,,,,PO,,,,,,,,LULUS,FSET8043M,,301.00,0.00,,FREESIA,,,,,,,SAGE,3913.000000,0.000000,20.0000,Style,,,,,,,,,,,,,,,,,0,0,,0,0,,,,,,,,,,,,,,,,,,,,,,,,,,,,,,,,,,,,,,0.000000,Unpaid,13.0000,3913.000000,0,0,0,0,0,0
319,"2026-04-30 00:00:00",,"2026-10-07 00:00:00",STENUE,Open,,,,6990556,,,"                    ",,,,,,,,,lillian,"2026-04-30 14:17:06",adrian,"2026-05-22 14:25:18",1369,,PO,,,,,,PO,,,,,,,,NUULY,EVB3025,,250.00,0.00,,"ELEVATOR DISCO",,,,,,,BROWN,3325.000000,0.000000,28.0000,Style,,,,,,,,,,,,,,,,,0,0,,0,0,,,,,,,,,,,,,,,,,,,P1537,,,,,,,,,,,,,,,,,,,0.000000,Unpaid,13.3000,3325.000000,0,0,0,0,0,0
318,"2026-04-30 00:00:00",,"2026-10-07 00:00:00",STENUE,Open,,,,6990555,,,"                    ",,,,,,,,,lillian,"2026-04-30 14:16:40",adrian,"2026-05-22 14:24:54",1368,,PO,,,,,,PO,,,,,,,,NUULY,EVB3025,,148.00,0.00,,"ELEVATOR DISCO",,,,,,,BROWN,1968.400000,0.000000,28.0000,Style,,,,,,,,,,,,,,,,,0,0,,0,0,,,,,,,,,,,,,,,,,,,P1536,,,,,,,,,,,,,,,,,,,0.000000,Unpaid,13.3000,1968.400000,0,0,0,0,0,0
317,"2026-04-30 00:00:00",,"2026-09-30 00:00:00",INLOOK,Open,,,,7049773,,,MATSON,,,,,,,,,lillian,"2026-04-30 14:15:12",minji,"2026-05-14 15:57:00",0,,PO,,,,,,PO,,,,,,,,"                    ",EVT2029,,30.00,0.00,,"ELEVATOR DISCO",,,,,,,BLACK,367.500000,0.000000,21.0000,Style,,,,,,,,,,,,,,,,,0,0,,0,0,,,,,,,,,,,,,,,,,,,,,,,,,,,,,,,,,,,,,,0.000000,Unpaid,0.0000,0.000000,0,0,0,0,0,0
316,"2026-04-30 00:00:00",,,STENUE,Open,,,,6954481,,,"                    ",,,,,,,,,lillian,"2026-04-30 14:14:47",Marie,"2026-06-12 09:35:33",1359,,PO,,,,,,PO,,,,,,,,ANTHROPOLOGIE,EVB3038,,60.00,0.00,,"ELEVATOR DISCO",,,,,,,BLACK,1074.000000,0.000000,33.0000,Style,,,,,,,,,,,,,,,,,0,0,,0,0,,,,,,,,,,,,,,,,,,,,,,,,,,,,,,,,,,,,,,0.000000,Unpaid,17.9000,1074.000000,0,0,0,0,0,0
315,"2026-04-30 00:00:00",,"2026-09-23 00:00:00",INLOOK,Open,,,,6954480,,,MATSON,,,,,,,,,lillian,"2026-04-30 14:14:25",minji,"2026-05-14 16:17:59",1358,,PO,,,,,,PO,,,,,,,,ANTHROPOLOGIE,EVB3053,"2026-04-30 00:00:00",60.00,0.00,,"ELEVATOR DISCO",,,,,,,BLACK,1005.000000,0.000000,28.0000,Style,,,,,,,,,,,,,,,,,0,0,,0,0,,,,,,,,,,,,,,,,,,,,,,,,,,,,,,,,,,,,,,0.000000,Unpaid,15.0000,900.000000,0,0,0,0,0,0
314,"2026-04-30 00:00:00",,"2026-07-02 00:00:00",STENUE,Open,,,,6954479,,,"                    ",,,,,,,,,lillian,"2026-04-30 14:14:01",Marie,"2026-06-01 11:33:40",1357,,PO,,,,,,PO,,,,,,,,ANTHROPOLOGIE,EVB3005,"2026-04-30 00:00:00",40.00,0.00,,"ELEVATOR DISCO",,,,,,,CREAM,400.000000,0.000000,25.0000,Style,,,,,,,,,,,,,,,,,0,0,,0,0,,,,,,,,,,,,,,,,,,,,,,,,,,,,,,,,,,,,,,0.000000,Unpaid,10.0000,400.000000,0,0,0,0,0,0
313,"2026-04-30 00:00:00",,,STENUE,Open,,,,224855,,,MATSON,,,,,,,,,lillian,"2026-04-30 14:13:35",minji,"2026-06-10 16:11:32",205,,PO,,,,,,PO,,,,,,,,LULUS,FRJ6044S,,300.00,0.00,,FREESIA,,,,,,,CHAMPAGNE,2040.000000,0.000000,13.5000,Style,,,,,,,,,,,,,,,,,0,0,,0,0,,,,,,,,,,,,,,,,,,,,,,,,,,,,,,,,,,,,,,0.000000,Unpaid,6.8000,2040.000000,0,0,0,0,0,0
312,"2026-04-30 00:00:00",,,STENUE,Open,,,,224854,,,"                    ",,,,,,,,,lillian,"2026-04-30 14:13:09",minji,"2026-06-10 16:11:20",204,,PO,,,,,,PO,,,,,,,,LULUS,FSET8043BRD,,351.00,0.00,,FREESIA,,,,,,,IVORY,4633.200000,0.000000,20.0000,Style,,,,,,,,,,,,,,,,,0,0,,0,0,,,,,,,,,,,,,,,,,,,,,,,,,,,,,,,,,,,,,,0.000000,Unpaid,13.2000,4633.200000,0,0,0,0,0,0
311,"2026-04-30 00:00:00",,,STENUE,Open,,,,224434,,,"                    ",,,,,,,,,lillian,"2026-04-30 14:12:45",minji,"2026-06-10 16:11:09",203,,PO,,,,,,PO,,,,,,,,LULUS,FSET8043M,,301.00,0.00,,FREESIA,,,,,,,SAGE,3913.000000,0.000000,20.0000,Style,,,,,,,,,,,,,,,,,0,0,,0,0,,,,,,,,,,,,,,,,,,,,,,,,,,,,,,,,,,,,,,0.000000,Unpaid,13.0000,3913.000000,0,0,0,0,0,0
310,"2026-04-30 00:00:00",,,STENUE,Open,,,,224433,,,"                    ",,,,,,,,,lillian,"2026-04-30 14:12:24",minji,"2026-06-10 16:10:58",202,,PO,,,,,,PO,,,,,,,,LULUS,SETD1072,,301.00,0.00,,FREESIA,,,,,,,BURGUNDY,3070.200000,0.000000,16.0000,Style,,,,,,,,,,,,,,,,,0,0,,0,0,,,,,,,,,,,,,,,,,,,,,,,,,,,,,,,,,,,,,,0.000000,Unpaid,10.2000,3070.200000,0,0,0,0,0,0
309,"2026-04-30 00:00:00",,,STENUE,Open,,,,224431,,,"                    ",,,,,,,,,lillian,"2026-04-30 14:11:46",minji,"2026-06-10 16:10:47",201,,PO,,,,,,PO,,,,,,,,LULUS,FSET8043C,,300.00,0.00,,FREESIA,,,,,,,"CRM/PNK/BUR STRIPE",3840.000000,0.000000,23.0000,Style,,,,,,,,,,,,,,,,,0,0,,0,0,,,,,,,,,,,,,,,,,,,,,,,,,,,,,,,,,,,,,,0.000000,Unpaid,12.8000,3840.000000,0,0,0,0,0,0
308,"2026-04-30 00:00:00",,,STENUE,Open,,,,224428,,,"                    ",,,,,,,,,lillian,"2026-04-30 14:10:35",minji,"2026-06-10 16:10:12",200,,PO,,,,,,PO,,,,,,,,LULUS,FRD2204,,355.00,0.00,,FREESIA,,,,,,,"DEEP PLUM",4686.000000,0.000000,23.5000,Style,,,,,,,,,,,,,,,,,0,0,,0,0,,,,,,,,,,,,,,,,,,,,,,,,,,,,,,,,,,,,,,0.000000,Unpaid,13.2000,4686.000000,0,0,0,0,0,0
307,"2026-04-30 00:00:00",,,STENUE,Open,,,,224363,,,"                    ",,,,,,,,,lillian,"2026-04-30 14:10:13",minji,"2026-06-10 16:10:01",199,,PO,,,,,,PO,,,,,,,,LULUS,FSET8043A,,199.00,0.00,,FREESIA,,,,,,,CHAMPAGNE,2626.800000,0.000000,20.0000,Style,,,,,,,,,,,,,,,,,0,0,,0,0,,,,,,,,,,,,,,,,,,,,,,,,,,,,,,,,,,,,,,0.000000,Unpaid,13.2000,2626.800000,0,0,0,0,0,0
306,"2026-04-30 00:00:00",,,STENUE,Open,,,,224297,,,"                    ",,,,,,,,,lillian,"2026-04-30 14:09:51",minji,"2026-06-10 16:09:47",198,,PO,,,,,,PO,,,,,,,,LULUS,FRD2204,,305.00,0.00,,FREESIA,,,,,,,NAVY,4026.000000,0.000000,24.0000,Style,,,,,,,,,,,,,,,,,0,0,,0,0,,,,,,,,,,,,,,,,,,,,,,,,,,,,,,,,,,,,,,0.000000,Unpaid,13.2000,4026.000000,0,0,0,0,0,0
305,"2026-04-30 00:00:00",,,STENUE,Open,,,,224267,,,"                    ",,,,,,,,,lillian,"2026-04-30 14:09:24",minji,"2026-06-10 16:07:49",197,,PO,,,,,,PO,,,,,,,,LULUS,EDX2047,,350.00,0.00,,FREESIA,,,,,,,"LIME GREEN",3675.000000,0.000000,17.0800,Style,,,,,,,,,,,,,,,,,0,0,,0,0,,,,,,,,,,,,,,,,,,,,,,,,,,,,,,,,,,,,,,0.000000,Unpaid,10.5000,3675.000000,0,0,0,0,0,0
304,"2026-04-30 00:00:00",,,INLOOK,Open,,,,224266,,,"                    ",,,,,,,,,lillian,"2026-04-30 14:08:58",minji,"2026-06-10 16:07:26",196,,PO,,,,,,PO,,,,,,,,LULUS,FRD1226,,401.00,0.00,,FREESIA,,,,,,,IVORY,5614.000000,0.000000,25.0000,Style,,,,,,,,,,,,,,,,,0,0,,0,0,,,,,,,,,,,,,,,,,,,,,,,,,,,,,,,,,,,,,,0.000000,Unpaid,14.0000,5614.000000,0,0,0,0,0,0
303,"2026-04-30 00:00:00",,"2026-07-16 00:00:00",GF,Open,,,,224233,,,"                    ",,,,,,,,,lillian,"2026-04-30 14:08:06",minji,"2026-06-10 16:03:37",195,,PO,,,,,,PO,,,,,,,,LULUS,FRD1947,,300.00,0.00,,FREESIA,,,,,,,BLACK,3750.000000,0.000000,21.0000,Style,,,,,,,,,,,,,,,,,0,0,,0,0,,,,,,,,,,,,,,,,,,,,,,,,,,,,,,,,,,,,,,0.000000,Unpaid,12.5000,3750.000000,0,0,0,0,0,0
302,"2026-04-30 00:00:00",,,STENUE,Open,,,,224226,,,"                    ",,,,,,,,,lillian,"2026-04-30 14:07:40",minji,"2026-06-10 16:02:59",194,,PO,,,,,,PO,,,,,,,,LULUS,ED1649D,,452.00,0.00,,FREESIA,,,,,,,"GREEN FLORAL",5062.400000,0.000000,19.0000,Style,,,,,,,,,,,,,,,,,0,0,,0,0,,,,,,,,,,,,,,,,,,,,,,,,,,,,,,,,,,,,,,0.000000,Unpaid,11.2000,5062.400000,0,0,0,0,0,0
301,"2026-04-30 00:00:00",,,STENUE,Closed,,,,224209,,,"                    ",,,,,,,,,lillian,"2026-04-30 14:06:55",Marie,"2026-06-16 12:05:54",193,,PO,,,,,,PO,,,,,,,,LULUS,SETD1066T,,250.00,0.00,,FREESIA,,,,,,,"RED WHITE",1925.000000,0.000000,16.0000,Style,,,,,,,,,,,,,,,,,0,0,,0,0,,,,,,,,,,,,,,,,,,,,,,,,,,,,,,,,,,,,,,0.000000,Unpaid,7.7000,1925.000000,0,0,0,0,0,0
300,"2026-04-30 00:00:00",,,STENUE,Open,,,,224120,,,"                    ",,,,,,,,,lillian,"2026-04-30 14:06:23",minji,"2026-06-10 16:02:32",192,,PO,,,,,,PO,,,,,,,,LULUS,FRD2249,,400.00,0.00,,FREESIA,,,,,,,"OLIVE SHINY OLIVE",5880.000000,0.000000,24.5000,Style,,,,,,,,,,,,,,,,,0,0,,0,0,,,,,,,,,,,,,,,,,,,,,,,,,,,,,,,,,,,,,,0.000000,Unpaid,14.7000,5880.000000,0,0,0,0,0,0
299,"2026-04-30 00:00:00",,,STENUE,Open,,,,224094,,,"                    ",,,,,,,,,lillian,"2026-04-30 14:05:26",minji,"2026-06-10 16:02:21",191,,PO,,,,,,PO,,,,,,,,LULUS,FRD2066,,350.00,0.00,,FREESIA,,,,,,,"IVORY IVORY",5915.000000,0.000000,27.6500,Style,,,,,,,,,,,,,,,,,0,0,,0,0,,,,,,,,,,,,,,,,,,,,,,,,,,,,,,,,,,,,,,0.000000,Unpaid,16.9000,5915.000000,0,0,0,0,0,0
298,"2026-04-30 00:00:00",,,STENUE,Open,,,,223995,,,"                    ",,,,,,,,,lillian,"2026-04-30 14:04:13",minji,"2026-06-10 16:02:07",190,,PO,,,,,,PO,,,,,,,,LULUS,EDD1125,,400.00,0.00,,FREESIA,,,,,,,"ROYAL BLUE",5520.000000,0.000000,23.8500,Style,,,,,,,,,,,,,,,,,0,0,,0,0,,,,,,,,,,,,,,,,,,,,,,,,,,,,,,,,,,,,,,0.000000,Unpaid,13.8000,5520.000000,0,0,0,0,0,0
297,"2026-04-30 00:00:00",,,STENUE,Open,,,,223976,,,"                    ",,,,,,,,,lillian,"2026-04-30 14:02:54",minji,"2026-06-10 16:01:56",189,,PO,,,,,,PO,,,,,,,,LULUS,SETD1072GP,,249.00,0.00,,FREESIA,,,,,,,"GREEN PRINT",2539.800000,0.000000,18.8000,Style,,,,,,,,,,,,,,,,,0,0,,0,0,,,,,,,,,,,,,,,,,,,,,,,,,,,,,,,,,,,,,,0.000000,Unpaid,10.2000,2539.800000,0,0,0,0,0,0
296,"2026-04-30 00:00:00",,"2026-05-28 00:00:00",STENUE,Closed,,,,223961,,,"                    ",,,,,,,,,lillian,"2026-04-30 13:57:21",minji,"2026-05-28 17:22:31",188,,PO,,,"2026-05-28 00:00:00",,,PO,,,,,,,,LULUS,FRD1989,"2026-04-30 00:00:00",351.00,0.00,,FREESIA,,,,,,,NAVY,6142.500000,0.000000,26.5000,Style,,,,,,,,,,,,,,,,,0,0,,0,0,,,,,,,,,,,,,,,,,,,,,,,,,,,,,,,,,,,,,,0.000000,Unpaid,16.8000,5896.800000,0,0,0,0,0,0
295,"2026-04-30 00:00:00",,,STENUE,Open,,,,223960,,,"                    ",,,,,,,,,lillian,"2026-04-30 13:56:50",minji,"2026-06-10 16:01:34",187,,PO,,,,,,PO,,,,,,,,LULUS,EDD1326,,310.00,0.00,,FREESIA,,,,,,,BLACK,4898.000000,0.000000,24.2000,Style,,,,,,,,,,,,,,,,,0,0,,0,0,,,,,,,,,,,,,,,,,,,,,,,,,,,,,,,,,,,,,,0.000000,Unpaid,15.8000,4898.000000,0,0,0,0,0,0
294,"2026-04-30 00:00:00",,"2026-05-28 00:00:00",STENUE,Closed,,,,223810,,,"                    ",,,,,,,,,lillian,"2026-04-30 13:56:02",lillian,"2026-04-30 13:56:02",186,,PO,,,"2026-05-28 00:00:00",,,PO,,,,,,,,LULUS,ED1435,"2026-04-30 00:00:00",301.00,206.00,,FREESIA,,,,,,,"MUSTARD WHITE",3010.000000,2060.000000,20.6000,Style,,,,,,,,,,,,,,,,,0,0,,0,0,,,,,,,,,,,,,,,,,,,,,,,,,,,,,,,,,,,,,,0.000000,Unpaid,10.0000,3010.000000,0,0,0,0,0,0
293,"2026-04-30 00:00:00",,"2026-07-17 00:00:00",STENUE,Closed,,,,223760,,,MATSON,,,,,,,,,lillian,"2026-04-30 13:54:20",minji,"2026-06-05 14:38:00",185,,PO,,,,,,PO,,,,,,,,LULUS,ES3307A,,300.00,0.00,,FREESIA,,,,,,,"DK OLIVE PINK",2940.000000,0.000000,18.0000,Style,,,,,,,,,,,,,,,,,0,0,,0,0,,,,,,,,,,,,,,,,,,,,,,,,,,,,,,,,,,,,,,0.000000,Unpaid,0.0000,0.000000,0,0,0,0,0,0
292,"2026-04-30 00:00:00",,"2026-05-28 00:00:00",STENUE,Closed,,,,223659,,,"                    ",,,,,,,,,lillian,"2026-04-30 13:53:52",minji,"2026-05-07 12:02:24",184,,PO,,,"2026-05-28 00:00:00",,,PO,,,,,,,,LULUS,FRD2204,"2026-04-30 00:00:00",351.00,0.00,,FREESIA,,,,,,,"PALE YELLOW",4633.200000,0.000000,23.5000,Style,,,,,,,,,,,,,,,,,0,0,,0,0,,,,,,,,,,,,,,,,,,,,,,,,,,,,,,,,,,,,,,0.000000,Unpaid,13.2000,4633.200000,0,0,0,0,0,0
291,"2026-04-30 00:00:00",,,INLOOK,Open,,,,223632,,,"                    ",,,,,,,,,lillian,"2026-04-30 13:53:27",minji,"2026-06-10 16:01:45",183,,PO,,,,,,PO,,,,,,,,LULUS,FRD1806,,699.00,0.00,,FREESIA,,,,,,,IVORY,0.000000,0.000000,25.5000,Style,,,,,,,,,,,,,,,,,0,0,,0,0,,,,,,,,,,,,,,,,,,,,,,,,,,,,,,,,,,,,,,0.000000,Unpaid,16.0500,11218.950000,0,0,0,0,0,0
290,"2026-04-30 00:00:00",,"2026-05-28 00:00:00",STENUE,Closed,,,,223590,,,"                    ",,,,,,,,,lillian,"2026-04-30 13:53:03",lillian,"2026-04-30 13:53:03",182,,PO,,,"2026-05-28 00:00:00",,,PO,,,,,,,,LULUS,SETD1072,"2026-04-30 00:00:00",300.00,285.00,,FREESIA,,,,,,,IVORY,3060.000000,2907.000000,16.0000,Style,,,,,,,,,,,,,,,,,0,0,,0,0,,,,,,,,,,,,,,,,,,,,,,,,,,,,,,,,,,,,,,0.000000,Unpaid,10.2000,3060.000000,0,0,0,0,0,0
289,"2026-04-30 00:00:00",,,STENUE,Open,,,,223572,,,"                    ",,,,,,,,,lillian,"2026-04-30 13:52:38",minji,"2026-06-10 16:01:03",181,,PO,,,,,,PO,,,,,,,,LULUS,ES3537AV,,300.00,0.00,,FREESIA,,,,,,,LVNDR/IVO/ORANGE,4500.000000,0.000000,20.0000,Style,,,,,,,,,,,,,,,,,0,0,,0,0,,,,,,,,,,,,,,,,,,,,,,,,,,,,,,,,,,,,,,0.000000,Unpaid,15.0000,4500.000000,0,0,0,0,0,0
288,"2026-04-30 00:00:00",,,STENUE,Open,,,,223571,,,"                    ",,,,,,,,,lillian,"2026-04-30 13:48:12",minji,"2026-06-10 16:00:50",180,,PO,,,,,,PO,,,,,,,,LULUS,ES3537V,,300.00,0.00,,FREESIA,,,,,,,"NAVY WHITE",2370.000000,0.000000,18.8000,Style,,,,,,,,,,,,,,,,,0,0,,0,0,,,,,,,,,,,,,,,,,,,,,,,,,,,,,,,,,,,,,,0.000000,Unpaid,7.9000,2370.000000,0,0,0,0,0,0
287,"2026-04-30 00:00:00",,"2026-05-28 00:00:00",STENUE,Closed,,,,223381,,,"                    ",,,,,,,,,lillian,"2026-04-30 13:47:48",lillian,"2026-04-30 13:47:48",179,,PO,,,"2026-05-28 00:00:00",,,PO,,,,,,,,LULUS,FSET8043M,"2026-04-30 00:00:00",350.00,302.00,,FREESIA,,,,,,,SAGE,4550.000000,3926.000000,20.0000,Style,,,,,,,,,,,,,,,,,0,0,,0,0,,,,,,,,,,,,,,,,,,,,,,,,,,,,,,,,,,,,,,0.000000,Unpaid,13.0000,4550.000000,0,0,0,0,0,0
286,"2026-04-30 00:00:00",,,STENUE,Open,,,,223344,,,"                    ",,,,,,,,,lillian,"2026-04-30 13:46:46",minji,"2026-06-10 16:00:38",178,,PO,,,,,,PO,,,,,,,,LULUS,SET8375VDT,,354.00,0.00,,FREESIA,,,,,,,"DENIM BLUE",2194.800000,0.000000,15.0000,Style,,,,,,,,,,,,,,,,,0,0,,0,0,,,,,,,,,,,,,,,,,,,,,,,,,,,,,,,,,,,,,,0.000000,Unpaid,6.2000,2194.800000,0,0,0,0,0,0
285,"2026-04-30 00:00:00",,,STENUE,Open,,,,223344,,,"                    ",,,,,,,,,lillian,"2026-04-30 13:46:46",minji,"2026-06-10 16:00:27",178,,PO,,,,,,PO,,,,,,,,LULUS,SET8375VDS,,354.00,0.00,,FREESIA,,,,,,,"DENIM BLUE",3044.400000,0.000000,17.6000,Style,,,,,,,,,,,,,,,,,0,0,,0,0,,,,,,,,,,,,,,,,,,,,,,,,,,,,,,,,,,,,,,0.000000,Unpaid,9.0000,3186.000000,0,0,0,0,0,0
284,"2026-04-30 00:00:00",,,GF,Open,,,,223057,,,"                    ",,,,,,,,,lillian,"2026-04-30 13:46:12",minji,"2026-06-10 15:59:55",177,,PO,,,,,,PO,,,,,,,,LULUS,FRD1947,,450.00,0.00,,FREESIA,,,,,,,OLIVE,5625.000000,0.000000,21.0000,Style,,,,,,,,,,,,,,,,,0,0,,0,0,,,,,,,,,,,,,,,,,,,,,,,,,,,,,,,,,,,,,,0.000000,Unpaid,12.5000,5625.000000,0,0,0,0,0,0
283,"2026-04-30 00:00:00",,,STENUE,Open,,,,223048,,,"                    ",,,,,,,,,lillian,"2026-04-30 13:45:42",minji,"2026-06-10 15:59:35",0,,PO,,,,,,PO,,,,,,,,"                    ",EDD1326,,300.00,0.00,,FREESIA,,,,,,,"BEIGE SHINY GOLD",4740.000000,0.000000,24.2000,Style,,,,,,,,,,,,,,,,,0,0,,0,0,,,,,,,,,,,,,,,,,,,,,,,,,,,,,,,,,,,,,,0.000000,Unpaid,15.8000,4740.000000,0,0,0,0,0,0
282,"2026-04-30 00:00:00",,,STENUE,Open,,,,222858,,,MATSON,,,,,,,,,lillian,"2026-04-30 13:45:09",minji,"2026-06-10 15:59:44",175,,PO,,,,,,PO,,,,,,,,LULUS,SET8314BT,,380.00,0.00,,FREESIA,,,,,,,"NAVY IVORY",1900.000000,0.000000,13.0000,Style,,,,,,,,,,,,,,,,,0,0,,0,0,,,,,,,,,,,,,,,,,,,,,,,,,,,,,,,,,,,,,,0.000000,Unpaid,9.3000,3534.000000,0,0,0,0,0,0
281,"2026-04-30 00:00:00",,,STENUE,Open,,,,222858,,,MATSON,,,,,,,,,lillian,"2026-04-30 13:45:08",minji,"2026-06-10 15:59:25",175,,PO,,,,,,PO,,,,,,,,LULUS,SET8314BP,,380.00,0.00,,FREESIA,,,,,,,"NAVY IVORY",2964.000000,0.000000,16.0000,Style,,,,,,,,,,,,,,,,,0,0,,0,0,,,,,,,,,,,,,,,,,,,,,,,,,,,,,,,,,,,,,,0.000000,Unpaid,6.4000,2432.000000,0,0,0,0,0,0
280,"2026-04-30 00:00:00",,,STENUE,Open,,,,222867,,,"                    ",,,,,,,,,lillian,"2026-04-30 13:44:32",minji,"2026-06-10 15:59:11",174,,PO,,,,,,PO,,,,,,,,LULUS,FRD2215P,,15.00,0.00,,FREESIA,,,,,,,BURGUNDY,352.500000,0.000000,31.6000,Style,,,,,,,,,,,,,,,,,0,0,,0,0,,,,,,,,,,,,,,,,,,,,,,,,,,,,,,,,,,,,,,0.000000,Unpaid,23.5000,352.500000,0,0,0,0,0,0
279,"2026-04-30 00:00:00",,,STENUE,Open,,,,222867,,,"                    ",,,,,,,,,lillian,"2026-04-30 13:44:31",minji,"2026-06-10 15:59:01",174,,PO,,,,,,PO,,,,,,,,LULUS,FRD2215,,405.00,0.00,,FREESIA,,,,,,,BURGUNDY,8910.000000,0.000000,29.6000,Style,,,,,,,,,,,,,,,,,0,0,,0,0,,,,,,,,,,,,,,,,,,,,,,,,,,,,,,,,,,,,,,0.000000,Unpaid,22.0000,8910.000000,0,0,0,0,0,0
278,"2026-04-30 00:00:00",,,STENUE,Closed,,,,222854,,,"                    ",,,,,,,,,lillian,"2026-04-30 13:43:49",minji,"2026-06-10 15:58:40",173,,PO,,,,,,PO,,,,,,,,LULUS,FRD2215P,,15.00,15.00,,FREESIA,,,,,,,BLACK,367.500000,367.500000,31.6000,Style,,,,,,,,,,,,,,,,,0,0,,0,0,,,,,,,,,,,,,,,,,,,,,,,,,,,,,,,,,,,,,,0.000000,Unpaid,23.5000,352.500000,0,0,0,0,0,0
277,"2026-04-30 00:00:00",,"2026-06-19 00:00:00",STENUE,Closed,,,,222854,,,"                    ",,,,,,,,,lillian,"2026-04-30 13:43:48",minji,"2026-06-10 15:58:12",173,,PO,,,,,,PO,,,,,,,,LULUS,FRD2215,,405.00,407.00,,FREESIA,,,,,,,BLACK,8910.000000,8954.000000,29.6000,Style,,,,,,,,,,,,,,,,,0,0,,0,0,,,,,,,,,,,,,,,,,,,,,,,,,,,,,,,,,,,,,,0.000000,Unpaid,22.0000,8910.000000,0,0,0,0,0,0
276,"2026-04-30 00:00:00",,"2026-05-28 00:00:00",STENUE,Closed,,,,222675,,,"                    ",,,,,,,,,lillian,"2026-04-30 13:42:47",lillian,"2026-04-30 13:42:51",172,,PO,,,"2026-05-28 00:00:00",,,PO,,,,,,,,LULUS,SET8367VT,"2026-04-30 00:00:00",299.00,307.00,,FREESIA,,,,,,,"CREAM SHINY CLEAR",2033.200000,2087.600000,13.0000,Style,,,,,,,,,,,,,,,,,0,0,,0,0,,,,,,,,,,,,,,,,,,,,,,,,,,,,,,,,,,,,,,0.000000,Unpaid,6.8000,2033.200000,0,0,0,0,0,0
275,"2026-04-30 00:00:00",,"2026-05-28 00:00:00",STENUE,Closed,,,,222675,,,"                    ",,,,,,,,,lillian,"2026-04-30 13:42:46",lillian,"2026-04-30 13:42:46",172,,PO,,,"2026-05-28 00:00:00",,,PO,,,,,,,,LULUS,SET8367VB,"2026-04-30 00:00:00",300.00,314.00,,FREESIA,,,,,,,"CREAM SHINY CLEAR",3060.000000,3202.800000,16.8000,Style,,,,,,,,,,,,,,,,,0,0,,0,0,,,,,,,,,,,,,,,,,,,,,,,,,,,,,,,,,,,,,,0.000000,Unpaid,10.2000,3060.000000,0,0,0,0,0,0
274,"2026-04-30 00:00:00",,,STENUE,Open,,,,222592,,,"                    ",,,,,,,,,lillian,"2026-04-30 13:42:01",minji,"2026-06-10 15:57:58",0,,PO,,,,,,PO,,,,,,,,"                    ",FRD1989,,455.00,0.00,,FREESIA,,,,,,,CREAM,7644.000000,0.000000,26.5000,Style,,,,,,,,,,,,,,,,,0,0,,0,0,,,,,,,,,,,,,,,,,,,,,,,,,,,,,,,,,,,,,,0.000000,Unpaid,16.8000,7644.000000,0,0,0,0,0,0
273,"2026-04-30 00:00:00",,"2026-05-28 00:00:00",STENUE,Closed,,,,222379,,,"                    ",,,,,,,,,lillian,"2026-04-30 13:41:14",lillian,"2026-04-30 13:41:19",169,,PO,,,"2026-05-28 00:00:00",,,PO,,,,,,,,LULUS,FRD2215P,"2026-04-30 00:00:00",15.00,13.00,,FREESIA,,,,,,,SAGE,352.500000,305.500000,31.6000,Style,,,,,,,,,,,,,,,,,0,0,,0,0,,,,,,,,,,,,,,,,,,,,,,,,,,,,,,,,,,,,,,0.000000,Unpaid,23.5000,352.500000,0,0,0,0,0,0
272,"2026-04-30 00:00:00",,"2026-05-28 00:00:00",STENUE,Closed,,,,222379,,,"                    ",,,,,,,,,lillian,"2026-04-30 13:41:14",lillian,"2026-04-30 13:41:14",169,,PO,,,"2026-05-28 00:00:00",,,PO,,,,,,,,LULUS,FRD2215,"2026-04-30 00:00:00",405.00,367.00,,FREESIA,,,,,,,SAGE,8910.000000,8074.000000,29.6000,Style,,,,,,,,,,,,,,,,,0,0,,0,0,,,,,,,,,,,,,,,,,,,,,,,,,,,,,,,,,,,,,,0.000000,Unpaid,22.0000,8910.000000,0,0,0,0,0,0
271,"2026-04-30 00:00:00",,,STENUE,Open,,,,222378,,,"                    ",,,,,,,,,lillian,"2026-04-30 13:39:24",minji,"2026-06-10 15:57:44",168,,PO,,,,,,PO,,,,,,,,LULUS,EDD1124,,400.00,0.00,,FREESIA,,,,,,,BLACK,4880.000000,0.000000,23.7000,Style,,,,,,,,,,,,,,,,,0,0,,0,0,,,,,,,,,,,,,,,,,,,,,,,,,,,,,,,,,,,,,,0.000000,Unpaid,12.2000,4880.000000,0,0,0,0,0,0
270,"2026-04-30 00:00:00",,,STENUE,Open,,,,222375,,,"                    ",,,,,,,,,lillian,"2026-04-30 13:37:19",minji,"2026-06-10 15:57:29",167,,PO,,,,,,PO,,,,,,,,LULUS,GRD001,,275.00,0.00,,FREESIA,,,,,,,IVORY,2337.500000,0.000000,14.0000,Style,,,,,,,,,,,,,,,,,0,0,,0,0,,,,,,,,,,,,,,,,,,,,,,,,,,,,,,,,,,,,,,0.000000,Unpaid,8.5000,2337.500000,0,0,0,0,0,0
269,"2026-04-30 00:00:00",,"2026-05-28 00:00:00",INLOOK,Open,,,,222114,,,"                    ",,,,,,,,,lillian,"2026-04-30 13:30:13",minji,"2026-06-10 15:57:09",0,,PO,,,"2026-05-28 00:00:00",,,PO,,,,,,,,"                    ",ED1377,"2026-04-30 00:00:00",351.00,0.00,,FREESIA,,,,,,,SAND,4212.000000,0.000000,19.0000,Style,,,,,,,,,,,,,,,,,0,0,,0,0,,,,,,,,,,,,,,,,,,,,,,,,,,,,,,,,,,,,,,0.000000,Unpaid,12.0000,4212.000000,0,0,0,0,0,0
268,"2026-04-30 00:00:00",,,STENUE,Open,,,,226177,,,"                    ",,,,,,,,,minji,"2026-04-30 12:59:59",minji,"2026-06-10 15:49:32",0,,PO,,,,,,PO,,,,,,,,"                    ",EDX2742,,280.00,0.00,,FREESIA,,,,,,,"LT TAUPE BROWN BLACK",4368.000000,0.000000,0.0000,Style,,,,,,,,,,,,,,,,,0,0,,0,0,,,,,,,,,,,,,,,,,,,,,,,,,,,,,,,,,,,,,,0.000000,Unpaid,15.6000,4368.000000,0,0,0,0,0,0
253,"2026-04-29 00:00:00",,"2026-05-27 00:00:00",STENUE,Closed,,,,6077858,,,"                    ",,,,,,,,,adrian,"2026-04-29 16:25:07",adrian,"2026-05-11 15:43:47",1391,,PO,,,"2026-05-27 00:00:00",,,PO,,,,,,,,BLOOMINGDALES,CS1002,"2026-04-29 00:00:00",40.00,0.00,,"ELEVATOR DISCO",,,,,,,PINK,592.000000,0.000000,31.0000,Style,,,,,,,,,,,,,,,,,0,0,,0,0,,,,,,,,,,,,,,,,,,,,,,,,,,,,,,,,,,,,,,0.000000,Unpaid,14.8000,592.000000,0,0,0,0,0,0
245,"2026-04-29 00:00:00",,"2026-05-27 00:00:00",STENUE,Closed,,,,6077858,,,"                    ",,,,,,,,,adrian,"2026-04-29 16:25:05",adrian,"2026-05-15 12:24:43",1391,,PO,,,"2026-05-27 00:00:00",,,PO,,,,,,,,BLOOMINGDALES,CD1061,"2026-04-29 00:00:00",72.00,0.00,,"ELEVATOR DISCO",,,,,,,WHITE,1584.000000,0.000000,45.0000,Style,,,,,,,,,,,,,,,,,0,0,,0,0,,,,,,,,,,,,,,,,,,,P1371,,,,,,,,,,,,,,,,,,,0.000000,Unpaid,22.0000,1584.000000,0,0,0,0,0,0
241,"2026-04-28 00:00:00",,,STENUE,Open,,,,6990508,,,BOAT,,,,,,,,,minji,"2026-04-28 09:59:56",adrian,"2026-05-22 14:24:14",1366,,PO,,,,,,PO,,,,,,,,NUULY,EVB3017,,378.00,0.00,,"ELEVATOR DISCO",,,,,,,"DARK GREEN",5481.000000,0.000000,28.0000,Style,,,,,,,,,,,,,,,,,0,0,,0,0,,,,,,,,,,,,,,,,,,,P1564,,,,,,,,,,,,,,,,,,,0.000000,Unpaid,16.0000,6048.000000,0,0,0,0,0,0
240,"2026-04-28 00:00:00",,,STENUE,Open,,Confirmed,,6990507,,,BOAT,,,,,,,,,minji,"2026-04-28 09:48:47",adrian,"2026-05-22 14:23:44",1365,,PO,,,,,,PO,,,,,,,,NUULY,EVB3017,,195.00,0.00,,"ELEVATOR DISCO",,,,,,,"DARK GREEN",2827.500000,0.000000,28.0000,Style,,,,,,,,,,,,,,,,,0,0,,0,0,,,,,,,,,,,,,,,,,,,P1538,,,,,,,,,,,,,,,,,,,0.000000,Unpaid,16.0000,3120.000000,0,0,0,0,0,0
239,"2026-04-27 00:00:00",,"2026-09-23 00:00:00",KJ,Open,,,,"                    ",,,,,,,,,,,,minji,"2026-04-27 18:22:46",minji,"2026-05-15 19:53:49",0,,PO,,,,,,PO,,,,,,,,"                    ",EVD1072,,42.00,0.00,,"ELEVATOR DISCO",,,,,,,"DARK BROWN",903.000000,0.000000,35.0000,Style,,,,,,,,,,,,,,,,,0,0,,0,0,,,,,,,,,,,,,,,,,,,,,,,,,,,,,,,,,,,,,,0.000000,Unpaid,0.0000,0.000000,0,0,0,0,0,0
238,"2026-04-27 00:00:00",,"2026-09-30 00:00:00",KJ,Open,,,,7027065,,,"                    ",,,,,,,,,minji,"2026-04-27 18:02:57",adrian,"2026-05-22 17:08:30",0,,PO,,,,,,PO,,,,,,,,"                    ",EVD1072PT,"2026-09-04 00:00:00",52.00,0.00,,"ELEVATOR DISCO",,,,,,,"DARK BROWN",1118.000000,0.000000,35.0000,Style,,,,,,,,,,,,,,,,,0,0,,0,0,,,,,,,,,,,,,,,,,,,P1598,,,,,,,,,,,,,,,,,,,0.000000,Unpaid,0.0000,0.000000,0,0,0,0,0,0
237,"2026-04-27 00:00:00",,"2026-09-30 00:00:00",KJ,Open,,,,7027062,,,"                    ",,,,,,,,,minji,"2026-04-27 17:54:13",minji,"2026-05-15 19:52:48",1361,,PO,,,,,,PO,,,,,,,,ANTHROPOLOGIE,EVD1072PL,,60.00,0.00,,"ELEVATOR DISCO",,,,,,,"DARK BROWN",1290.000000,0.000000,37.5000,Style,,,,,,,,,,,,,,,,,0,0,,0,0,,,,,,,,,,,,,,,,,,,,,,,,,,,,,,,,,,,,,,0.000000,Unpaid,0.0000,0.000000,0,0,0,0,0,0
236,"2026-04-24 00:00:00",,"2026-07-30 00:00:00",STENUE,Open,,,,7023118,,,"                    ",,,,,,,,,minji,"2026-04-24 19:06:02",Marie,"2026-06-22 11:17:57",1360,,PO,,,,,,PO,,,,,,,,ANTHROPOLOGIE,EVO7011PT,,50.00,0.00,,"ELEVATOR DISCO",,,,,,,BEIGE,1300.000000,0.000000,50.0000,Style,,,,,,,,,,,,,,,,,0,0,,0,0,,,,,,,,,,,,,,,,,,,,,,,,,,,,,,,,,,,,,,0.000000,Unpaid,26.0000,1300.000000,0,0,0,0,0,0
235,"2026-04-24 00:00:00",,"2026-07-30 00:00:00",STENUE,Open,,,,7023118,,,"                    ",,,,,,,,,minji,"2026-04-24 19:06:02",minji,"2026-04-24 19:11:16",1360,,PO,,,,,,PO,,,,,,,,ANTHROPOLOGIE,EVO7011PL,,80.00,0.00,,"ELEVATOR DISCO",,,,,,,BEIGE,0.000000,0.000000,52.5000,Style,,,,,,,,,,,,,,,,,0,0,,0,0,,,,,,,,,,,,,,,,,,,,,,,,,,,,,,,,,,,,,,0.000000,Unpaid,29.5000,2360.000000,0,0,0,0,0,0
234,"2026-04-24 00:00:00",,"2026-07-30 00:00:00",STENUE,Open,,,,7049772,,,"                    ",,,,,,,,,minji,"2026-04-24 19:01:50",minji,"2026-04-24 19:02:46",0,,PO,,,,,,PO,,,,,,,,"                    ",EVT2002,,40.00,0.00,,"ELEVATOR DISCO",,,,,,,CREAM,440.000000,0.000000,25.0000,Style,,,,,,,,,,,,,,,,,0,0,,0,0,,,,,,,,,,,,,,,,,,,,,,,,,,,,,,,,,,,,,,0.000000,Unpaid,0.0000,0.000000,0,0,0,0,0,0
233,"2026-04-24 00:00:00",,"2026-07-23 00:00:00",STENUE,Open,,,,"                    ",,,,,,,,,,,,minji,"2026-04-24 17:13:36",Marie,"2026-06-01 11:34:11",0,,PO,,,,,,PO,,,,,,,,"                    ",EVB3005,,60.00,0.00,,"ELEVATOR DISCO",,,,,,,CREAM,600.000000,0.000000,25.0000,Style,,,,,,,,,,,,,,,,,0,0,,0,0,,,,,,,,,,,,,,,,,,,,,,,,,,,,,,,,,,,,,,0.000000,Unpaid,10.0000,600.000000,0,0,0,0,0,0
232,"2026-04-24 00:00:00",,"2026-07-23 00:00:00",STENUE,Open,,,,"                    ",,,,,,,,,,,,minji,"2026-04-24 17:04:31",Marie,"2026-06-14 22:31:19",0,,PO,,,,,,PO,,,,,,,,"                    ",EVT2002,,90.00,0.00,,"ELEVATOR DISCO",,,,,,,CREAM,990.000000,0.000000,25.0000,Style,,,,,,,,,,,,,,,,,0,0,,0,0,,,,,,,,,,,,,,,,,,,,,,,,,,,,,,,,,,,,,,0.000000,Unpaid,0.0000,0.000000,0,0,0,0,0,0
231,"2026-04-24 00:00:00",,"2026-07-23 00:00:00",INLOOK,Open,,,,"                    ",,,,,,,,,,,,minji,"2026-04-24 16:53:49",minji,"2026-05-08 17:50:18",0,,PO,,,,,,PO,,,,,,,,"                    ",FRS3051,,54.00,0.00,,"ELEVATOR DISCO",,,,,,,BROWN,729.000000,0.000000,35.0000,Style,,,,,,,,,,,,,,,,,0,0,,0,0,,,,,,,,,,,,,,,,,,,,,,,,,,,,,,,,,,,,,,0.000000,Unpaid,0.0000,0.000000,0,0,0,0,0,0
230,"2026-04-24 00:00:00",,"2026-07-23 00:00:00",STENUE,Open,,,,"                    ",,,,,,,,,,,,minji,"2026-04-24 16:52:07",minji,"2026-04-27 20:25:23",0,,PO,,,,,,PO,,,,,,,,"                    ",EVB3021,,102.00,0.00,,"ELEVATOR DISCO",,,,,,,CREAM,1785.000000,0.000000,33.0000,Style,,,,,,,,,,,,,,,,,0,0,,0,0,,,,,,,,,,,,,,,,,,,,,,,,,,,,,,,,,,,,,,0.000000,Unpaid,0.0000,0.000000,0,0,0,0,0,0
229,"2026-04-24 00:00:00",,"2026-07-23 00:00:00",STENUE,Open,,,,"                    ",,,,,,,,,,,,minji,"2026-04-24 16:49:33",minji,"2026-04-27 20:26:55",0,,PO,,,,,,PO,,,,,,,,"                    ",EVT2013,,102.00,0.00,,"ELEVATOR DISCO",,,,,,,CREAM,1428.000000,0.000000,29.0000,Style,,,,,,,,,,,,,,,,,0,0,,0,0,,,,,,,,,,,,,,,,,,,,,,,,,,,,,,,,,,,,,,0.000000,Unpaid,0.0000,0.000000,0,0,0,0,0,0
228,"2026-04-24 00:00:00",,"2026-07-23 00:00:00",LOSON,Open,,,,"                    ",,,,,,,,,,,,minji,"2026-04-24 16:48:03",minji,"2026-04-24 16:48:03",0,,PO,,,,,,PO,,,,,,,,"                    ",EVD1023,,102.00,0.00,,"ELEVATOR DISCO",,,,,,,"LIGHT RED",0.000000,0.000000,33.0000,Style,,,,,,,,,,,,,,,,,0,0,,0,0,,,,,,,,,,,,,,,,,,,,,,,,,,,,,,,,,,,,,,0.000000,Unpaid,0.0000,0.000000,0,0,0,0,0,0
227,"2026-04-24 00:00:00",,"2026-07-23 00:00:00",STENUE,Open,,,,"                    ",,,,,,,,,,,,minji,"2026-04-24 16:44:32",minji,"2026-04-24 18:34:38",0,,PO,,,,,,PO,,,,,,,,"                    ",EVO7006,,102.00,0.00,,"ELEVATOR DISCO",,,,,,,OLIVE,0.000000,0.000000,44.0000,Style,,,,,,,,,,,,,,,,,0,0,,0,0,,,,,,,,,,,,,,,,,,,,,,,,,,,,,,,,,,,,,,0.000000,Unpaid,0.0000,0.000000,0,0,0,0,0,0
226,"2026-04-24 00:00:00",,"2026-07-23 00:00:00",STENUE,Open,,,,"                    ",,,,,,,,,,,,minji,"2026-04-24 16:42:46",minji,"2026-04-27 20:28:05",0,,PO,,,,,,PO,,,,,,,,"                    ",EVB3004,,102.00,0.00,,"ELEVATOR DISCO",,,,,,,CREAM,1734.000000,0.000000,30.0000,Style,,,,,,,,,,,,,,,,,0,0,,0,0,,,,,,,,,,,,,,,,,,,,,,,,,,,,,,,,,,,,,,0.000000,Unpaid,0.0000,0.000000,0,0,0,0,0,0
225,"2026-04-24 00:00:00",,"2026-07-23 00:00:00",STENUE,Open,,,,"                    ",,,,,,,,,,,,minji,"2026-04-24 16:35:55",minji,"2026-04-27 20:29:33",0,,PO,,,,,,PO,,,,,,,,"                    ",EVD1011,,102.00,0.00,,"ELEVATOR DISCO",,,,,,,CREAM,2835.600000,0.000000,44.0000,Style,,,,,,,,,,,,,,,,,0,0,,0,0,,,,,,,,,,,,,,,,,,,,,,,,,,,,,,,,,,,,,,0.000000,Unpaid,0.0000,0.000000,0,0,0,0,0,0
224,"2026-04-24 00:00:00",,"2026-07-23 00:00:00",STENUE,Closed,,,,"                    ",,,,,,,,,,,,minji,"2026-04-24 16:33:53",Marie,"2026-06-12 15:59:03",0,,PO,,,,,,PO,,,,,,,,"                    ",EVW5017,,102.00,0.00,,"ELEVATOR DISCO",,,,,,,GRAY,1285.200000,0.000000,27.0000,Style,,,,,,,,,,,,,,,,,0,0,,0,0,,,,,,,,,,,,,,,,,,,,,,,,,,,,,,,,,,,,,,0.000000,Unpaid,12.6000,1285.200000,0,0,0,0,0,0
223,"2026-04-24 00:00:00",,"2026-06-18 00:00:00",GF,Open,,,,VRJHPR,,,"                    ",,,,,,,,,minji,"2026-04-24 15:57:51",minji,"2026-06-10 15:55:49",1660,,PO,,,,,,PO,,,,,,,,"SHORT STORY",FSW5063,,250.00,0.00,,FREESIA,,,,,,,BEIGE,1575.000000,0.000000,0.0000,Style,,,,,,,,,,,,,,,,,0,0,,0,0,,,,,,,,,,,,,,,,,,,,,,,,,,,,,,,,,,,,,,0.000000,Unpaid,0.0000,0.000000,0,0,0,0,0,0
222,"2026-04-24 00:00:00",,,INLOOK,Open,,,,225848,,,MATSON,,,,,,,,,minji,"2026-04-24 15:45:33",Marie,"2026-06-27 14:59:43",0,,PO,,,,,,PO,,,,,,,,"                    ",FRD1806,,500.00,0.00,,FREESIA,,,,,,,IVORY,8025.000000,0.000000,25.5000,Style,,,,,,,,,,,,,,,,,0,0,,0,0,,,,,,,,,,,,,,,,,,,,,,,,,,,,,,,,,,,,,,0.000000,Unpaid,16.0500,8025.000000,0,0,0,0,0,0
221,"2026-04-24 00:00:00",,"2026-06-25 00:00:00",INLOOK,Open,,,,225874,,,MATSON,,,,,,,,,minji,"2026-04-24 15:35:22",minji,"2026-06-10 15:56:20",0,,PO,,,,,,PO,,,,,,,,"                    ",FRD1226,,350.00,0.00,,FREESIA,,,,,,,YELLOW,4900.000000,0.000000,0.0000,Style,,,,,,,,,,,,,,,,,0,0,,0,0,,,,,,,,,,,,,,,,,,,,,,,,,,,,,,,,,,,,,,0.000000,Unpaid,14.0000,4900.000000,0,0,0,0,0,0
220,"2026-04-24 00:00:00",,"2026-07-16 00:00:00",STENUE,Open,,,,225788,,,"                    ",,,,,,,,,minji,"2026-04-24 15:06:30",minji,"2026-06-10 15:55:37",0,,PO,,,,,,PO,,,,,,,,"                    ",ET2699,,360.00,0.00,,FREESIA,,,,,,,"BRW ROSE GREEN",3672.000000,0.000000,0.0000,Style,,,,,,,,,,,,,,,,,0,0,,0,0,,,,,,,,,,,,,,,,,,,,,,,,,,,,,,,,,,,,,,0.000000,Unpaid,7.8000,2808.000000,0,0,0,0,0,0
219,"2026-04-24 00:00:00",,"2026-06-18 00:00:00",INLOOK,Open,,,,225761,,,"                    ",,,,,,,,,minji,"2026-04-24 14:40:11",minji,"2026-06-10 15:56:33",1659,,PO,,,,,,PO,,,,,,,,LULUS,ED1377,,400.00,0.00,,FREESIA,,,,,,,"NAVY BLUE",4800.000000,0.000000,19.0000,Style,,,,,,,,,,,,,,,,,0,0,,0,0,,,,,,,,,,,,,,,,,,,,,,,,,,,,,,,,,,,,,,0.000000,Unpaid,12.0000,4800.000000,0,0,0,0,0,0
218,"2026-04-24 00:00:00",,"2026-07-23 00:00:00",STENUE,Open,,,,"                    ",,,,,,,,,,,,minji,"2026-04-24 13:37:28",minji,"2026-04-27 20:38:08",0,,PO,,,,,,PO,,,,,,,,"                    ",EVO7003,,102.00,0.00,,"ELEVATOR DISCO",,,,,,,BEIGE,1989.000000,0.000000,28.0000,Style,,,,,,,,,,,,,,,,,0,0,,0,0,,,,,,,,,,,,,,,,,,,,,,,,,,,,,,,,,,,,,,0.000000,Unpaid,0.0000,0.000000,0,0,0,0,0,0
217,"2026-04-24 00:00:00",,"2026-07-23 00:00:00",STENUE,Open,,,,"                    ",,,MATSON,,,,,,,,,minji,"2026-04-24 12:16:59",Marie,"2026-06-14 21:46:08",0,,PO,,,,,,PO,,,,,,,,"                    ",EVO7011,,162.00,0.00,,"ELEVATOR DISCO",,,,,,,BEIGE,4212.000000,0.000000,50.0000,Style,,,,,,,,,,,,,,,,,0,0,,0,0,,,,,,,,,,,,,,,,,,,,,,,,,,,,,,,,,,,,,,0.000000,Unpaid,26.0000,4212.000000,0,0,0,0,0,0
216,"2026-04-24 00:00:00",,"2026-07-23 00:00:00",STENUE,Open,,,,"                    ",,,,,,,,,,,,minji,"2026-04-24 12:15:42",minji,"2026-04-27 20:34:07",0,,PO,,,,,,PO,,,,,,,,"                    ",EVB3020,,102.00,0.00,,"ELEVATOR DISCO",,,,,,,NAVY,1550.400000,0.000000,31.0000,Style,,,,,,,,,,,,,,,,,0,0,,0,0,,,,,,,,,,,,,,,,,,,,,,,,,,,,,,,,,,,,,,0.000000,Unpaid,0.0000,0.000000,0,0,0,0,0,0
215,"2026-04-24 00:00:00",,"2026-07-23 00:00:00",STENUE,Open,,,,"                    ",,,,,,,,,,,,minji,"2026-04-24 12:07:40",Marie,"2026-06-14 21:52:45",0,,PO,,,,,,PO,,,,,,,,"                    ",EVT2015,,132.00,0.00,,"ELEVATOR DISCO",,,,,,,NAVY,1636.800000,0.000000,27.0000,Style,,,,,,,,,,,,,,,,,0,0,,0,0,,,,,,,,,,,,,,,,,,,,,,,,,,,,,,,,,,,,,,0.000000,Unpaid,0.0000,0.000000,0,0,0,0,0,0
214,"2026-04-24 00:00:00",,"2026-07-23 00:00:00",STENUE,Open,,,,"                    ",,,,,,,,,,,,minji,"2026-04-24 12:06:43",Marie,"2026-06-14 21:55:31",0,,PO,,,,,,PO,,,,,,,,"                    ",EVW5014,,156.00,0.00,,"ELEVATOR DISCO",,,,,,,YELLOW,2371.200000,0.000000,28.0000,Style,,,,,,,,,,,,,,,,,0,0,,0,0,,,,,,,,,,,,,,,,,,,,,,,,,,,,,,,,,,,,,,0.000000,Unpaid,0.0000,0.000000,0,0,0,0,0,0
213,"2026-04-24 00:00:00",,"2026-07-23 00:00:00",KJ,Open,,,,"                    ",,,,,,,,,,,,minji,"2026-04-24 12:02:07",minji,"2026-05-06 17:06:01",0,,PO,,,,,,PO,,,,,,,,"                    ",EVB3003,,72.00,0.00,,"ELEVATOR DISCO",,,,,,,BLACK,1036.800000,0.000000,27.0000,Style,,,,,,,,,,,,,,,,,0,0,,0,0,,,,,,,,,,,,,,,,,,,,,,,,,,,,,,,,,,,,,,0.000000,Unpaid,0.0000,0.000000,0,0,0,0,0,0
212,"2026-04-24 00:00:00",,"2026-07-23 00:00:00",DONGJING,Open,,,,"                    ",,,,,,,,,,,,minji,"2026-04-24 11:57:39",minji,"2026-04-24 17:39:04",0,,PO,,,,,,PO,,,,,,,,"                    ",EVB3028,,102.00,0.00,,"ELEVATOR DISCO",,,,,,,BLACK,1530.000000,0.000000,31.0000,Style,,,,,,,,,,,,,,,,,0,0,,0,0,,,,,,,,,,,,,,,,,,,,,,,,,,,,,,,,,,,,,,0.000000,Unpaid,15.0000,1530.000000,0,0,0,0,0,0
211,"2026-04-24 00:00:00",,"2026-07-23 00:00:00",STENUE,Open,,,,"                    ",,,,,,,,,,,,minji,"2026-04-24 10:44:38",Marie,"2026-06-14 22:23:27",0,,PO,,,,,,PO,,,,,,,,"                    ",EVB3015,,144.00,0.00,,"ELEVATOR DISCO",,,,,,,YELLOW,1368.000000,0.000000,24.0000,Style,,,,,,,,,,,,,,,,,0,0,,0,0,,,,,,,,,,,,,,,,,,,,,,,,,,,,,,,,,,,,,,0.000000,Unpaid,9.5000,1368.000000,0,0,0,0,0,0
210,"2026-04-24 00:00:00",,"2026-07-23 00:00:00",STENUE,Open,,,,"                    ",,,,,,,,,,,,minji,"2026-04-24 10:29:38",minji,"2026-04-24 17:31:22",0,,PO,,,,,,PO,,,,,,,,"                    ",EVT2022,,102.00,0.00,,"ELEVATOR DISCO",,,,,,,YELLOW,969.000000,0.000000,24.0000,Style,,,,,,,,,,,,,,,,,0,0,,0,0,,,,,,,,,,,,,,,,,,,,,,,,,,,,,,,,,,,,,,0.000000,Unpaid,9.5000,969.000000,0,0,0,0,0,0
209,"2026-04-24 00:00:00",,"2026-07-23 00:00:00",STENUE,Closed,,,,"                    ",,,,,,,,,,,,minji,"2026-04-24 10:23:05",minji,"2026-06-01 13:37:52",0,,PO,,,,,,PO,,,,,,,,"                    ",EVD1076,,102.00,0.00,,"ELEVATOR DISCO",,,,,,,PINK,2907.000000,0.000000,46.0000,Style,,,,,,,,,,,,,,,,,0,0,,0,0,,,,,,,,,,,,,,,,,,,,,,,,,,,,,,,,,,,,,,0.000000,Unpaid,28.5000,2907.000000,0,0,0,0,0,0
208,"2026-04-24 00:00:00",,"2026-07-23 00:00:00",STENUE,Open,,,,"                    ",,,,,,,,,,,,minji,"2026-04-24 10:06:17",minji,"2026-04-28 14:04:16",0,,PO,,,,,,PO,,,,,,,,"                    ",EVD1015,,102.00,0.00,,"ELEVATOR DISCO",,,,,,,CREAM,2947.800000,0.000000,46.0000,Style,,,,,,,,,,,,,,,,,0,0,,0,0,,,,,,,,,,,,,,,,,,,,,,,,,,,,,,,,,,,,,,0.000000,Unpaid,28.9000,2947.800000,0,0,0,0,0,0
207,"2026-04-24 00:00:00",,"2026-07-23 00:00:00",STENUE,Open,,,,"                    ",,,,,,,,,,,,minji,"2026-04-24 10:03:22",minji,"2026-04-24 10:23:56",0,,PO,,,,,,PO,,,,,,,,"                    ",EVD1008,,102.00,0.00,,"ELEVATOR DISCO",,,,,,,CREAM,2550.000000,0.000000,53.0000,Style,,,,,,,,,,,,,,,,,0,0,,0,0,,,,,,,,,,,,,,,,,,,,,,,,,,,,,,,,,,,,,,0.000000,Unpaid,0.0000,0.000000,0,0,0,0,0,0
206,"2026-04-23 00:00:00",,"2026-07-23 00:00:00",STENUE,Open,,,,"                    ",,,,,,,,,,,,minji,"2026-04-23 17:53:53",Marie,"2026-06-10 14:53:30",0,,PO,,,,,,PO,,,,,,,,"                    ",EVT2054,,102.00,0.00,,"ELEVATOR DISCO",,,,,,,"LIGHT BROWN",1213.800000,0.000000,23.0000,Style,,,,,,,,,,,,,,,,,0,0,,0,0,,,,,,,,,,,,,,,,,,,,,,,,,,,,,,,,,,,,,,0.000000,Unpaid,11.9000,1213.800000,0,0,0,0,0,0
205,"2026-04-23 00:00:00",,"2026-07-23 00:00:00",STENUE,Open,,,,"                    ",,,,,,,,,,,,minji,"2026-04-23 17:06:25",Marie,"2026-06-22 11:17:36",0,,PO,,,,,,PO,,,,,,,,"                    ",EVO7011,,60.00,0.00,,"ELEVATOR DISCO",,,,,,,BEIGE,1560.000000,0.000000,50.0000,Style,,,,,,,,,,,,,,,,,0,0,,0,0,,,,,,,,,,,,,,,,,,,,,,,,,,,,,,,,,,,,,,0.000000,Unpaid,26.0000,1560.000000,0,0,0,0,0,0
204,"2026-04-23 00:00:00",,"2026-07-23 00:00:00",STENUE,Open,,,,"                    ",,,,,,,,,,,,minji,"2026-04-23 16:43:52",minji,"2026-04-24 10:24:30",0,,PO,,,,,,PO,,,,,,,,"                    ",EVW5017,,174.00,0.00,,"ELEVATOR DISCO",,,,,,,"LIGHT BLUE",0.000000,0.000000,27.0000,Style,,,,,,,,,,,,,,,,,0,0,,0,0,,,,,,,,,,,,,,,,,,,,,,,,,,,,,,,,,,,,,,0.000000,Unpaid,0.0000,0.000000,0,0,0,0,0,0
203,"2026-04-23 00:00:00",,,STENUE,Open,,,,"                    ",,,,,,,,,,,,minji,"2026-04-23 16:13:35",Marie,"2026-06-11 13:14:50",0,,PO,,,,,,PO,,,,,,,,"                    ",CT1061,,254.00,0.00,,"ELEVATOR DISCO",,,,,,,GRAY,3759.200000,0.000000,28.0000,Style,,,,,,,,,,,,,,,,,0,0,,0,0,,,,,,,,,,,,,,,,,,,,,,,,,,,,,,,,,,,,,,0.000000,Unpaid,14.8000,3759.200000,0,0,0,0,0,0
202,"2026-04-23 00:00:00",,"2026-07-23 00:00:00",STENUE,Open,,,,225183,,,"                    ",,,,,,,,,minji,"2026-04-23 14:24:37",minji,"2026-04-23 14:31:16",213,,PO,,,,,,PO,,,,,,,,LULUS,TD1051,"2026-06-26 00:00:00",300.00,0.00,,FREESIA,,,,,,,"FOREST GREEN",3900.000000,0.000000,20.9000,Style,,,,,,,,,,,,,,,,,0,0,,0,0,,,,,,,,,,,,,,,,,,,,,,,,,,,,,,,,,,,,,,0.000000,Unpaid,14.8000,4440.000000,0,0,0,0,0,0
201,"2026-04-22 00:00:00",,"2026-07-10 00:00:00",DONGJING,Open,,,,225385,,,MATSON,,,,,,,,,minji,"2026-04-22 20:19:33",minji,"2026-05-18 23:30:00",1375,,PO,,,,,,PO,,,,,,,,LULUS,SET8142,,200.00,0.00,,FREESIA,,,,,,,"IVORY BLUE",2600.000000,0.000000,18.0000,Style,,,,,,,,,,,,,,,,,0,0,,0,0,,,,,,,,,,,,,,,,,,,,,,,,,,,,,,,,,,,,,,0.000000,Unpaid,0.0000,0.000000,0,0,0,0,0,0
200,"2026-04-22 00:00:00",,"2026-07-17 00:00:00",STENUE,Open,,,,225386,,,"                    ",,,,,,,,,minji,"2026-04-22 20:14:27",minji,"2026-04-23 13:12:08",1374,,PO,,,,,,PO,,,,,,,,LULUS,FSET8043M,,301.00,0.00,,FREESIA,,,,,,,SAGE,3913.000000,0.000000,20.0000,Style,,,,,,,,,,,,,,,,,0,0,,0,0,,,,,,,,,,,,,,,,,,,,,,,,,,,,,,,,,,,,,,0.000000,Unpaid,13.0000,3913.000000,0,0,0,0,0,0
199,"2026-04-22 00:00:00",,"2026-07-03 00:00:00",STENUE,Open,,,,225103,,,"                    ",,,,,,,,,minji,"2026-04-22 20:08:04",minji,"2026-04-23 13:12:23",206,,PO,,,,,,PO,,,,,,,,LULUS,FRD2204,,405.00,0.00,,FREESIA,,,,,,,NAVY,5265.000000,0.000000,24.0000,Style,,,,,,,,,,,,,,,,,0,0,,0,0,,,,,,,,,,,,,,,,,,,,,,,,,,,,,,,,,,,,,,0.000000,Unpaid,13.2000,5346.000000,0,0,0,0,0,0
198,"2026-04-22 00:00:00",,"2026-06-26 00:00:00",STENUE,Closed,,,,225122,,,"                    ",,,,,,,,,minji,"2026-04-22 20:03:44",adrian,"2026-05-22 13:16:30",207,,PO,,,,,,PO,,,,,,,,LULUS,EDD1125,,600.00,604.00,,FREESIA,,,,,,,"LT YLW/WHT/SILVER",8280.000000,8335.200000,23.8500,Style,,,,,,,,,,,,,,,,,0,0,,0,0,,,,,,,,,,,,,,,,,,,,,,,,,,,,,,,,,,,,,,0.000000,Unpaid,13.8000,8280.000000,0,0,0,0,0,0
197,"2026-04-22 00:00:00",,"2026-06-26 00:00:00",STENUE,Open,,,,225166,,,"                    ",,,,,,,,,minji,"2026-04-22 19:59:35",minji,"2026-04-23 13:21:04",208,,PO,,,,,,PO,,,,,,,,LULUS,EDX2047,,350.00,0.00,,FREESIA,,,,,,,"LIME GREEN",3675.000000,0.000000,17.0800,Style,,,,,,,,,,,,,,,,,0,0,,0,0,,,,,,,,,,,,,,,,,,,,,,,,,,,,,,,,,,,,,,0.000000,Unpaid,10.5000,3675.000000,0,0,0,0,0,0
196,"2026-04-22 00:00:00",,"2026-07-10 00:00:00",STENUE,Open,,,,225169,,,"                    ",,,,,,,,,minji,"2026-04-22 19:54:11",minji,"2026-04-23 13:20:51",209,,PO,,,,,,PO,,,,,,,,LULUS,EDD1125,,375.00,0.00,,FREESIA,,,,,,,PEACH,5175.000000,0.000000,23.8500,Style,,,,,,,,,,,,,,,,,0,0,,0,0,,,,,,,,,,,,,,,,,,,,,,,,,,,,,,,,,,,,,,0.000000,Unpaid,13.8000,5175.000000,0,0,0,0,0,0
195,"2026-04-22 00:00:00",,,INLOOK,Open,,,,225177,,,MATSON,,,,,,,,,minji,"2026-04-22 19:46:24",minji,"2026-06-10 15:54:44",210,,PO,,,,,,PO,,,,,,,,LULUS,FRD1226,,501.00,0.00,,FREESIA,,,,,,,RUST,7665.300000,0.000000,23.6000,Style,,,,,,,,,,,,,,,,,0,0,,0,0,,,,,,,,,,,,,,,,,,,,,,,,,,,,,,,,,,,,,,0.000000,Unpaid,15.3000,7665.300000,0,0,0,0,0,0
194,"2026-04-22 00:00:00",,"2026-07-03 00:00:00",STENUE,Open,,,,225180,,,"                    ",,,,,,,,,minji,"2026-04-22 19:40:34",adrian,"2026-05-22 13:16:45",211,,PO,,,,,,PO,,,,,,,,LULUS,ED1649D,,299.00,0.00,,FREESIA,,,,,,,"GREEN FLORAL",3348.800000,0.000000,19.0000,Style,,,,,,,,,,,,,,,,,0,0,,0,0,,,,,,,,,,,,,,,,,,,,,,,,,,,,,,,,,,,,,,0.000000,Unpaid,11.2000,3348.800000,0,0,0,0,0,0
192,"2026-04-22 00:00:00",,"2026-06-26 00:00:00",STENUE,Open,,,,225182,,,"                    ",,,,,,,,,minji,"2026-04-22 19:02:30",minji,"2026-04-23 13:20:13",212,,PO,,,,,,PO,,,,,,,,LULUS,FRD1989,,450.00,0.00,,FREESIA,,,,,,,CREAM,7560.000000,0.000000,26.5000,Style,,,,,,,,,,,,,,,,,0,0,,0,0,,,,,,,,,,,,,,,,,,,,,,,,,,,,,,,,,,,,,,0.000000,Unpaid,16.8000,7560.000000,0,0,0,0,0,0
191,"2026-04-22 00:00:00",,"2026-07-09 00:00:00",STENUE,Open,,,,225571,,,"                    ",,,,,,,,,minji,"2026-04-22 14:45:14",Marie,"2026-06-16 13:04:37",1625,,PO,,,"2026-07-09 00:00:00",,,PO,,,,,,,,LULUS,FSET8043,"2026-06-18 00:00:00",300.00,0.00,,FREESIA,,,,,,,"IVORY BLUE",4800.000000,0.000000,26.5000,Style,,,,,,,,,,,,,,,,,0,0,,0,0,,,,,,,,,,,,,,,,,,,,,,,,,,,,,,,,,,,,,,0.000000,Unpaid,16.0000,4800.000000,0,0,0,0,0,0
190,"2026-04-22 00:00:00",,"2026-05-20 00:00:00",STENUE,Closed,,,,"                    ",,,,,,,,,,,,adrian,"2026-04-22 11:49:12",adrian,"2026-05-06 10:13:49",0,,PO,,,"2026-05-20 00:00:00",,,PO,,,,,,,,"                    ",CD1050,"2026-04-22 00:00:00",90.00,100.00,,"ELEVATOR DISCO",,,,,,,"PINK MULTI",1305.000000,1450.000000,28.0000,Style,,,,,,,,,,,,,,,,,0,0,,0,0,,,,,,,,,,,,,,,,,,,P1346,,,,,,,,,,,,,,,,,,,0.000000,Unpaid,14.5000,1305.000000,0,0,0,0,0,0
189,"2026-04-22 00:00:00",,"2026-05-20 00:00:00",STENUE,Closed,,,,"                    ",,,,,,,,,,,,adrian,"2026-04-22 11:48:35",adrian,"2026-05-11 15:55:10",0,,PO,,,"2026-05-20 00:00:00",,,PO,,,,,,,,"                    ",EDX2815V,"2026-04-22 00:00:00",42.00,30.00,,"ELEVATOR DISCO",,,,,,,PINK,579.600000,414.000000,28.0000,Style,,,,,,,,,,,,,,,,,0,0,,0,0,,,,,,,,,,,,,,,,,,,P1478,,,,,,,,,,,,,,,,,,,0.000000,Unpaid,13.8000,579.600000,0,0,0,0,0,0
188,"2026-04-22 00:00:00",,"2026-05-20 00:00:00",STENUE,Closed,,,,"                    ",,,,,,,,,,,,adrian,"2026-04-22 11:47:48",adrian,"2026-05-06 10:52:28",0,,PO,,,"2026-05-20 00:00:00",,,PO,,,,,,,,"                    ",CP1028,"2026-04-22 00:00:00",48.00,16.00,,"ELEVATOR DISCO",,,,,,,"WHITE BLUE",753.600000,251.200000,41.0000,Style,,,,,,,,,,,,,,,,,0,0,,0,0,,,,,,,,,,,,,,,,,,,P1456,,,,,,,,,,,,,,,,,,,0.000000,Unpaid,15.7000,753.600000,0,0,0,0,0,0
187,"2026-04-22 00:00:00",,"2026-05-20 00:00:00",STENUE,Closed,,,,"                    ",,,,,,,,,,,,adrian,"2026-04-22 11:47:15",adrian,"2026-05-06 09:37:12",0,,PO,,,"2026-05-20 00:00:00",,,PO,,,,,,,,"                    ",CD1060,"2026-04-22 00:00:00",60.00,98.00,,"ELEVATOR DISCO",,,,,,,PINK,1110.000000,1813.000000,36.0000,Style,,,,,,,,,,,,,,,,,0,0,,0,0,,,,,,,,,,,,,,,,,,,P1348,,,,,,,,,,,,,,,,,,,0.000000,Unpaid,18.5000,1110.000000,0,0,0,0,0,0
186,"2026-04-22 00:00:00",,"2026-05-20 00:00:00",STENUE,Closed,,,,"                    ",,,,,,,,,,,,adrian,"2026-04-22 11:46:39",adrian,"2026-04-22 11:46:39",0,,PO,,,"2026-05-20 00:00:00",,,PO,,,,,,,,"                    ",CT1037,"2026-04-22 00:00:00",48.00,9.00,,"ELEVATOR DISCO",,,,,,,"PINK MULTI",408.000000,76.500000,21.0000,Style,,,,,,,,,,,,,,,,,0,0,,0,0,,,,,,,,,,,,,,,,,,,,,,,,,,,,,,,,,,,,,,0.000000,Unpaid,8.5000,408.000000,0,0,0,0,0,0
185,"2026-04-22 00:00:00",,"2026-05-20 00:00:00",STENUE,Closed,,,,"                    ",,,,,,,,,,,,adrian,"2026-04-22 11:46:04",adrian,"2026-04-22 11:46:04",0,,PO,,,"2026-05-20 00:00:00",,,PO,,,,,,,,"                    ",CS1017,"2026-04-22 00:00:00",48.00,51.00,,"ELEVATOR DISCO",,,,,,,"PINK MULTI",470.400000,499.800000,21.0000,Style,,,,,,,,,,,,,,,,,0,0,,0,0,,,,,,,,,,,,,,,,,,,,,,,,,,,,,,,,,,,,,,0.000000,Unpaid,9.8000,470.400000,0,0,0,0,0,0
184,"2026-04-22 00:00:00",,"2026-05-20 00:00:00",STENUE,Closed,,,,"                    ",,,,,,,,,,,,adrian,"2026-04-22 11:44:51",adrian,"2026-04-22 11:44:51",0,,PO,,,"2026-05-20 00:00:00",,,PO,,,,,,,,"                    ",FRD2362,"2026-04-22 00:00:00",60.00,44.00,,"ELEVATOR DISCO",,,,,,,"YELLOW PINK",768.000000,563.200000,31.0000,Style,,,,,,,,,,,,,,,,,0,0,,0,0,,,,,,,,,,,,,,,,,,,,,,,,,,,,,,,,,,,,,,0.000000,Unpaid,12.8000,768.000000,0,0,0,0,0,0
183,"2026-04-22 00:00:00",,"2026-05-20 00:00:00",STENUE,Closed,,,,"                    ",,,,,,,,,,,,adrian,"2026-04-22 11:44:24",adrian,"2026-05-06 10:39:57",0,,PO,,,"2026-05-20 00:00:00",,,PO,,,,,,,,"                    ",CP1014,"2026-04-22 00:00:00",60.00,63.00,,"ELEVATOR DISCO",,,,,,,"BLUE MULTI",528.000000,554.400000,20.7100,Style,,,,,,,,,,,,,,,,,0,0,,0,0,,,,,,,,,,,,,,,,,,,P1449,,,,,,,,,,,,,,,,,,,0.000000,Unpaid,8.8000,528.000000,0,0,0,0,0,0
182,"2026-04-22 00:00:00",,"2026-05-20 00:00:00",STENUE,Closed,,,,"                    ",,,,,,,,,,,,adrian,"2026-04-22 11:43:46",adrian,"2026-04-22 11:43:46",0,,PO,,,"2026-05-20 00:00:00",,,PO,,,,,,,,"                    ",CT1022,"2026-04-22 00:00:00",60.00,60.00,,"ELEVATOR DISCO",,,,,,,"BLUE MULTI",540.000000,540.000000,17.1400,Style,,,,,,,,,,,,,,,,,0,0,,0,0,,,,,,,,,,,,,,,,,,,,,,,,,,,,,,,,,,,,,,0.000000,Unpaid,9.0000,540.000000,0,0,0,0,0,0
181,"2026-04-22 00:00:00",,"2026-05-20 00:00:00",STENUE,Closed,,,,"                    ",,,,,,,,,,,,adrian,"2026-04-22 11:43:18",adrian,"2026-05-06 11:14:52",0,,PO,,,"2026-05-20 00:00:00",,,PO,,,,,,,,"                    ",CT1030,"2026-04-22 00:00:00",72.00,73.00,,"ELEVATOR DISCO",,,,,,,MINT,720.000000,730.000000,21.0000,Style,,,,,,,,,,,,,,,,,0,0,,0,0,,,,,,,,,,,,,,,,,,,P1470,,,,,,,,,,,,,,,,,,,0.000000,Unpaid,10.0000,720.000000,0,0,0,0,0,0
180,"2026-04-22 00:00:00",,"2026-05-20 00:00:00",STENUE,Closed,,,,"                    ",,,,,,,,,,,,adrian,"2026-04-22 11:42:25",adrian,"2026-05-06 10:51:18",0,,PO,,,"2026-05-20 00:00:00",,,PO,,,,,,,,"                    ",CP1021,"2026-04-22 00:00:00",66.00,71.00,,"ELEVATOR DISCO",,,,,,,MINT,739.200000,795.200000,25.0000,Style,,,,,,,,,,,,,,,,,0,0,,0,0,,,,,,,,,,,,,,,,,,,P1455,,,,,,,,,,,,,,,,,,,0.000000,Unpaid,11.2000,739.200000,0,0,0,0,0,0
179,"2026-04-22 00:00:00",,"2026-05-20 00:00:00",STENUE,Closed,,,,"                    ",,,,,,,,,,,,adrian,"2026-04-22 11:41:57",mike,"2026-05-07 14:35:41",0,,PO,,,"2026-05-20 00:00:00",,,PO,,,,,,,,"                    ",CT1048,"2026-04-22 00:00:00",162.00,167.00,,"ELEVATOR DISCO",,,,,,,WHITE,1879.200000,1937.200000,28.0000,Style,,,,,,,,,,,,,,,,,0,0,,0,0,,,,,,,,,,,,,,,,,,,P1475,,,,,,,,,,,,,,,,,,,0.000000,Unpaid,11.6000,1879.200000,0,0,0,0,0,0
177,"2026-04-22 00:00:00",,"2026-05-20 00:00:00",STENUE,Closed,,,,"                    ",,,,,,,,,,,,adrian,"2026-04-22 11:39:13",minji,"2026-05-06 11:01:20",0,,PO,,,"2026-05-20 00:00:00",,,PO,,,,,,,,"                    ",CS1010,"2026-04-22 00:00:00",90.00,56.00,,"ELEVATOR DISCO",,,,,,,"WHITE MULTI",1035.000000,644.000000,24.0000,Style,,,,,,,,,,,,,,,,,0,0,,0,0,,,,,,,,,,,,,,,,,,,P1459,,,,,,,,,,,,,,,,,,,0.000000,Unpaid,11.5000,1035.000000,0,0,0,0,0,0
176,"2026-04-22 00:00:00",,"2026-05-20 00:00:00",STENUE,Closed,,,,"                    ",,,,,,,,,,,,adrian,"2026-04-22 11:38:36",adrian,"2026-05-06 10:44:35",0,,PO,,,"2026-05-20 00:00:00",,,PO,,,,,,,,"                    ",CP1016,"2026-04-22 00:00:00",144.00,227.00,,"ELEVATOR DISCO",,,,,,,BLUE,1425.600000,2247.300000,20.7100,Style,,,,,,,,,,,,,,,,,0,0,,0,0,,,,,,,,,,,,,,,,,,,P1450,,,,,,,,,,,,,,,,,,,0.000000,Unpaid,9.9000,1425.600000,0,0,0,0,0,0
175,"2026-04-22 00:00:00",,"2026-05-20 00:00:00",STENUE,Closed,,,,"                    ",,,,,,,,,,,,adrian,"2026-04-22 11:38:00",adrian,"2026-05-06 11:20:12",0,,PO,,,"2026-05-20 00:00:00",,,PO,,,,,,,,"                    ",CT1056,"2026-04-22 00:00:00",42.00,57.00,,"ELEVATOR DISCO",,,,,,,BLUE,336.000000,456.000000,17.0000,Style,,,,,,,,,,,,,,,,,0,0,,0,0,,,,,,,,,,,,,,,,,,,P1476,,,,,,,,,,,,,,,,,,,0.000000,Unpaid,8.0000,336.000000,0,0,0,0,0,0
174,"2026-04-22 00:00:00",,"2026-05-20 00:00:00",STENUE,Closed,,,,"                    ",,,,,,,,,,,,adrian,"2026-04-22 11:37:16",adrian,"2026-04-22 11:37:16",0,,PO,,,"2026-05-20 00:00:00",,,PO,,,,,,,,"                    ",CT1023,"2026-04-22 00:00:00",156.00,227.00,,"ELEVATOR DISCO",,,,,,,BLUE,2277.600000,3314.200000,28.5700,Style,,,,,,,,,,,,,,,,,0,0,,0,0,,,,,,,,,,,,,,,,,,,,,,,,,,,,,,,,,,,,,,0.000000,Unpaid,14.6000,2277.600000,0,0,0,0,0,0
172,"2026-04-22 00:00:00",,"2026-05-20 00:00:00",STENUE,Closed,,,,"                    ",,,,,,,,,,,,adrian,"2026-04-22 11:31:39",adrian,"2026-05-06 10:36:46",0,,PO,,,"2026-05-20 00:00:00",,,PO,,,,,,,,"                    ",CP1012,"2026-04-22 00:00:00",48.00,42.00,,"ELEVATOR DISCO",,,,,,,"PINK BROWN",345.600000,302.400000,21.0000,Style,,,,,,,,,,,,,,,,,0,0,,0,0,,,,,,,,,,,,,,,,,,,P1448,,,,,,,,,,,,,,,,,,,0.000000,Unpaid,7.2000,345.600000,0,0,0,0,0,0
171,"2026-04-22 00:00:00",,"2026-05-20 00:00:00",STENUE,Closed,,,,"                    ",,,,,,,,,,,,adrian,"2026-04-22 11:30:51",adrian,"2026-05-06 09:25:11",0,,PO,,,"2026-04-22 00:00:00",,,PO,,,,,,,,"                    ",CD1031A,,96.00,96.00,,"ELEVATOR DISCO",,,,,,,"BLACK WHITE",1248.000000,1248.000000,44.0000,Style,,,,,,,,,,,,,,,,,0,0,,0,0,,,,,,,,,,,,,,,,,,,P1345,,,,,,,,,,,,,,,,,,,0.000000,Unpaid,13.0000,1248.000000,0,0,0,0,0,0
170,"2026-04-22 00:00:00",,"2026-05-20 00:00:00",STENUE,Closed,,,,"                    ",,,,,,,,,,,,adrian,"2026-04-22 11:30:22",adrian,"2026-05-06 10:46:41",0,,PO,,,"2026-05-20 00:00:00",,,PO,,,,,,,,"                    ",CP1018,"2026-04-22 00:00:00",48.00,37.00,,"ELEVATOR DISCO",,,,,,,WHITE,672.000000,518.000000,31.0000,Style,,,,,,,,,,,,,,,,,0,0,,0,0,,,,,,,,,,,,,,,,,,,P1454,,,,,,,,,,,,,,,,,,,0.000000,Unpaid,14.0000,672.000000,0,0,0,0,0,0
169,"2026-04-22 00:00:00",,"2026-05-20 00:00:00",STENUE,Closed,,,,"                    ",,,,,,,,,,,,adrian,"2026-04-22 11:29:42",adrian,"2026-05-06 11:16:19",0,,PO,,,"2026-05-20 00:00:00",,,PO,,,,,,,,"                    ",CT1034,"2026-04-22 00:00:00",96.00,86.00,,"ELEVATOR DISCO",,,,,,,BLACK,768.000000,688.000000,17.0000,Style,,,,,,,,,,,,,,,,,0,0,,0,0,,,,,,,,,,,,,,,,,,,P1472,,,,,,,,,,,,,,,,,,,0.000000,Unpaid,8.0000,768.000000,0,0,0,0,0,0
168,"2026-04-22 00:00:00",,"2026-05-20 00:00:00",STENUE,Closed,,,,"                    ",,,,,,,,,,,,adrian,"2026-04-22 11:29:10",adrian,"2026-05-06 11:09:16",0,,PO,,,"2026-05-20 00:00:00",,,PO,,,,,,,,"                    ",CT1001,"2026-04-22 00:00:00",60.00,86.00,,"ELEVATOR DISCO",,,,,,,WHITE,594.000000,851.400000,21.0000,Style,,,,,,,,,,,,,,,,,0,0,,0,0,,,,,,,,,,,,,,,,,,,P1464,,,,,,,,,,,,,,,,,,,0.000000,Unpaid,9.9000,594.000000,0,0,0,0,0,0
167,"2026-04-22 00:00:00",,"2026-05-20 00:00:00",STENUE,Closed,,,,"                    ",,,,,,,,,,,,adrian,"2026-04-22 11:28:13",mike,"2026-05-07 14:34:44",0,,PO,,,"2026-05-20 00:00:00",,,PO,,,,,,,,"                    ",CS1001,"2026-04-22 00:00:00",60.00,83.00,,"ELEVATOR DISCO",,,,,,,CREAM,570.000000,788.500000,21.0000,Style,,,,,,,,,,,,,,,,,0,0,,0,0,,,,,,,,,,,,,,,,,,,P1457,,,,,,,,,,,,,,,,,,,0.000000,Unpaid,9.5000,570.000000,0,0,0,0,0,0
166,"2026-04-21 00:00:00",,"2026-05-19 00:00:00",STENUE,Closed,,,,222353,,,"                    ",,,,,,,,,adrian,"2026-04-21 17:25:10",adrian,"2026-04-21 17:25:10",166,,PO,,,"2026-05-19 00:00:00",,,PO,,,,,,,,LULUS,FSET8097T,"2026-04-21 00:00:00",200.00,194.00,,FREESIA,,,,,,,"CREAM LAVENDER IVORY",1280.000000,1241.600000,13.5000,Style,,,,,,,,,,,,,,,,,0,0,,0,0,,,,,,,,,,,,,,,,,,,,,,,,,,,,,,,,,,,,,,0.000000,Unpaid,6.4000,1280.000000,0,0,0,0,0,0
165,"2026-04-21 00:00:00",,"2026-05-19 00:00:00",STENUE,Closed,,,,222301,,,"                    ",,,,,,,,,adrian,"2026-04-21 17:24:12",adrian,"2026-06-22 11:38:43",165,,PO,,,"2026-05-19 00:00:00",,,PO,,,,,,,,LULUS,FRD1226,"2026-04-21 00:00:00",351.00,367.00,,FREESIA,,,,,,,IVORY,4914.000000,5138.000000,25.0000,Style,,,,,,,,,,,,,,,,,0,0,,0,0,,,,,,,,,,,,,,,,,,,,,,,,,,,,,,,,,,,,,,0.000000,Unpaid,14.0000,4914.000000,0,0,0,0,0,0
164,"2025-12-17 00:00:00",,,STENUE,Closed,,,,221679,,,"                    ",,,,,,,,,adrian,"2026-04-21 17:19:22",minji,"2026-06-10 15:52:04",162,,PO,,,,,,PO,,,,,,,,LULUS,SET8142,,200.00,210.00,,FREESIA,,,,,,,"IVORY BLUE",0.000000,0.000000,18.0000,Style,,,,,,,,,,,,,,,,,0,0,,0,0,,,,,,,,,,,,,,,,,,,,,,,,,,,,,,,,,,,,,,0.000000,Unpaid,0.0000,0.000000,0,0,0,0,0,0
163,"2026-04-21 00:00:00",,"2026-05-19 00:00:00",STENUE,Closed,,,,221700,,,"                    ",,,,,,,,,adrian,"2026-04-21 17:17:32",adrian,"2026-06-22 11:30:49",163,,PO,,,"2026-05-19 00:00:00",,,PO,,,,,,,,LULUS,ED1435,"2026-04-21 00:00:00",351.00,367.00,,FREESIA,,,,,,,"MUSTARD WHITE",3510.000000,3670.000000,20.6000,Style,,,,,,,,,,,,,,,,,0,0,,0,0,,,,,,,,,,,,,,,,,,,,,,,,,,,,,,,,,,,,,,0.000000,Unpaid,10.0000,3510.000000,0,0,0,0,0,0
162,"2026-01-19 00:00:00",,,STENUE,Closed,,,,222403,,,"                    ",,,,,,,,,adrian,"2026-04-21 17:16:54",minji,"2026-06-10 15:50:45",170,,PO,,,,,,PO,,,,,,,,LULUS,SETD1072,,251.00,247.00,,FREESIA,,,,,,,IVORY,2560.200000,2519.400000,16.0000,Style,,,,,,,,,,,,,,,,,0,0,,0,0,,,,,,,,,,,,,,,,,,,P1500,,,,,,,,,,,,,,,,,,,0.000000,Unpaid,10.2000,2560.200000,0,0,0,0,0,0
161,"2025-12-17 00:00:00",,,STENUE,Closed,,,,221678,,,"                    ",,,,,,,,,adrian,"2026-04-21 17:13:46",minji,"2026-06-10 15:51:20",0,,PO,,,,,,PO,,,,,,,,"                    ",FSET8043A,,200.00,210.00,,FREESIA,,,,,,,CHAMPAGNE,2640.000000,2772.000000,20.0000,Style,,,,,,,,,,,,,,,,,0,0,,0,0,,,,,,,,,,,,,,,,,,,P1252,,,,,,,,,,,,,,,,,,,0.000000,Unpaid,13.2000,2640.000000,0,0,0,0,0,0
159,"2026-04-21 00:00:00",,,STENUE,Open,,,,7067832,,,"                    ",,,,,,,,,minji,"2026-04-21 16:01:36",Marie,"2026-06-11 11:06:05",1372,,PO,,,,,,PO,,,,,,,,NUULY,EVD1078,"2026-06-18 00:00:00",103.00,0.00,,"ELEVATOR DISCO",,,,,,,"LIGHT BROWN",1998.200000,0.000000,41.0000,Style,,,,,,,,,,,,,,,,,0,0,,0,0,,,,,,,,,,,,,,,,,,,,,,,,,,,,,,,,,,,,,,0.000000,Unpaid,19.4000,1998.200000,0,0,0,0,0,0
158,"2026-04-21 00:00:00",,"2026-05-19 00:00:00",STENUE,Closed,,,,219769,,,"                    ",,,,,,,,,adrian,"2026-04-21 15:03:15",adrian,"2026-04-21 15:03:15",143,,PO,,,"2026-05-19 00:00:00",,,PO,,,,,,,,LULUS,FRD2280,"2026-04-21 00:00:00",350.00,344.00,,FREESIA,,,,,,,"LIGHT PINK",0.000000,0.000000,25.0000,Style,,,,,,,,,,,,,,,,,0,0,,0,0,,,,,,,,,,,,,,,,,,,,,,,,,,,,,,,,,,,,,,0.000000,Unpaid,0.0000,0.000000,0,0,0,0,0,0
157,"2026-04-21 00:00:00",,"2026-05-19 00:00:00",STENUE,Closed,,,,219409,,,"                    ",,,,,,,,,adrian,"2026-04-21 14:58:47",adrian,"2026-04-21 14:58:47",141,,PO,,,"2026-05-19 00:00:00",,,PO,,,,,,,,LULUS,FRD1806,"2026-04-21 00:00:00",400.00,403.00,,FREESIA,,,,,,,IVORY,6320.000000,6367.400000,25.5000,Style,,,,,,,,,,,,,,,,,0,0,,0,0,,,,,,,,,,,,,,,,,,,,,,,,,,,,,,,,,,,,,,0.000000,Unpaid,16.0500,6420.000000,0,0,0,0,0,0
156,"2026-04-21 00:00:00",,"2026-05-19 00:00:00",STENUE,Closed,,,,218862,,,"                    ",,,,,,,,,adrian,"2026-04-21 14:43:52",adrian,"2026-04-21 14:43:52",138,,PO,,,"2026-05-19 00:00:00",,,PO,,,,,,,,LULUS,ED1649CP,"2026-04-21 00:00:00",475.00,498.00,,FREESIA,,,,,,,CRM/PRPL/MULTI,0.000000,0.000000,19.0000,Style,,,,,,,,,,,,,,,,,0,0,,0,0,,,,,,,,,,,,,,,,,,,,,,,,,,,,,,,,,,,,,,0.000000,Unpaid,0.0000,0.000000,0,0,0,0,0,0
155,"2026-04-21 00:00:00",,"2026-05-19 00:00:00",STENUE,Closed,,,,218823,,,"                    ",,,,,,,,,adrian,"2026-04-21 14:39:00",adrian,"2026-04-21 14:39:00",137,,PO,,,"2026-05-19 00:00:00",,,PO,,,,,,,,LULUS,WS-FRD1644,"2026-04-21 00:00:00",300.00,310.00,,FREESIA,,,,,,,WHITE,0.000000,0.000000,25.9000,Style,,,,,,,,,,,,,,,,,0,0,,0,0,,,,,,,,,,,,,,,,,,,,,,,,,,,,,,,,,,,,,,0.000000,Unpaid,0.0000,0.000000,0,0,0,0,0,0
154,"2026-04-21 00:00:00",,"2026-05-19 00:00:00",STENUE,Closed,,,,218817,,,"                    ",,,,,,,,,adrian,"2026-04-21 14:29:41",adrian,"2026-04-21 14:29:41",136,,PO,,,"2026-05-19 00:00:00",,,PO,,,,,,,,LULUS,WS-EDX2715A,"2026-04-21 00:00:00",526.00,511.00,,FREESIA,,,,,,,"LIGHT BLUE",0.000000,0.000000,25.0000,Style,,,,,,,,,,,,,,,,,0,0,,0,0,,,,,,,,,,,,,,,,,,,,,,,,,,,,,,,,,,,,,,0.000000,Unpaid,0.0000,0.000000,0,0,0,0,0,0
153,"2026-04-21 00:00:00",,"2026-05-19 00:00:00",STENUE,Closed,,,,220215,,,"                    ",,,,,,,,,adrian,"2026-04-21 14:10:28",adrian,"2026-04-21 14:10:28",146,,PO,,,"2026-05-19 00:00:00",,,PO,,,,,,,,LULUS,FRD1989,"2026-04-21 00:00:00",450.00,435.00,,FREESIA,,,,,,,CREAM,7560.000000,7308.000000,26.5000,Style,,,,,,,,,,,,,,,,,0,0,,0,0,,,,,,,,,,,,,,,,,,,,,,,,,,,,,,,,,,,,,,0.000000,Unpaid,16.8000,7560.000000,0,0,0,0,0,0
152,"2026-04-21 00:00:00",,"2026-05-19 00:00:00",STENUE,Closed,,,,219814,,,"                    ",,,,,,,,,adrian,"2026-04-21 14:07:34",adrian,"2026-04-21 14:07:34",144,,PO,,,"2026-05-19 00:00:00",,,PO,,,,,,,,LULUS,ED1377,"2026-04-21 00:00:00",400.00,400.00,,FREESIA,,,,,,,"NAVY BLUE",4800.000000,4800.000000,19.0000,Style,,,,,,,,,,,,,,,,,0,0,,0,0,,,,,,,,,,,,,,,,,,,,,,,,,,,,,,,,,,,,,,0.000000,Unpaid,12.0000,4800.000000,0,0,0,0,0,0
151,"2026-04-21 00:00:00",,"2026-05-19 00:00:00",STENUE,Closed,,,,219191,,,"                    ",,,,,,,,,adrian,"2026-04-21 13:57:11",adrian,"2026-04-21 13:57:11",139,,PO,,,"2026-05-19 00:00:00",,,PO,,,,,,,,LULUS,SET8161A,"2026-04-21 00:00:00",350.00,353.00,,FREESIA,,,,,,,"BLACK GROUND FLORAL",6300.000000,6354.000000,23.7400,Style,,,,,,,,,,,,,,,,,0,0,,0,0,,,,,,,,,,,,,,,,,,,,,,,,,,,,,,,,,,,,,,0.000000,Unpaid,18.0000,6300.000000,0,0,0,0,0,0
150,"2026-04-21 00:00:00",,"2026-05-19 00:00:00",STENUE,Closed,,,,219633,,,"                    ",,,,,,,,,adrian,"2026-04-21 13:53:45",adrian,"2026-04-21 13:53:45",142,,PO,,,"2026-05-19 00:00:00",,,PO,,,,,,,,LULUS,SET8142,"2026-04-21 00:00:00",200.00,206.00,,FREESIA,,,,,,,"IVORY BLUE",0.000000,0.000000,18.0000,Style,,,,,,,,,,,,,,,,,0,0,,0,0,,,,,,,,,,,,,,,,,,,,,,,,,,,,,,,,,,,,,,0.000000,Unpaid,0.0000,0.000000,0,0,0,0,0,0
149,"2026-04-21 00:00:00",,"2026-05-19 00:00:00",STENUE,Closed,,,,219192,,,"                    ",,,,,,,,,adrian,"2026-04-21 13:47:29",adrian,"2026-04-21 13:47:29",140,,PO,,,"2026-05-19 00:00:00",,,PO,,,,,,,,LULUS,ED1649D,"2026-04-21 00:00:00",350.00,364.00,,FREESIA,,,,,,,"LAVENDER BLUE ORANGE",3920.000000,4076.800000,19.0000,Style,,,,,,,,,,,,,,,,,0,0,,0,0,,,,,,,,,,,,,,,,,,,,,,,,,,,,,,,,,,,,,,0.000000,Unpaid,11.2000,3920.000000,0,0,0,0,0,0
148,"2026-04-21 00:00:00",,"2026-05-19 00:00:00",STENUE,Closed,,,,218737,,,"                    ",,,,,,,,,adrian,"2026-04-21 13:28:51",adrian,"2026-04-21 13:28:51",135,,PO,,,"2026-05-19 00:00:00",,,PO,,,,,,,,LULUS,ED1377,"2026-04-21 00:00:00",400.00,386.00,,FREESIA,,,,,,,"NAVY BLUE",4800.000000,4632.000000,19.0000,Style,,,,,,,,,,,,,,,,,0,0,,0,0,,,,,,,,,,,,,,,,,,,,,,,,,,,,,,,,,,,,,,0.000000,Unpaid,12.0000,4800.000000,0,0,0,0,0,0
147,"2026-04-01 00:00:00",,"2026-07-16 00:00:00",STENUE,Open,,,,7067831,,,"                    ",,,,,,,,,minji,"2026-04-21 11:53:03",Marie,"2026-06-11 11:04:20",1371,,PO,,,"2026-07-16 00:00:00",,,PO,,,,,,,,NUULY,EVD1078,"2026-06-18 00:00:00",45.00,0.00,,"ELEVATOR DISCO",,,,,,,"LIGHT BROWN",873.000000,0.000000,41.0000,Style,,,,,,,,,,,,,,,,,0,0,,0,0,,,,,,,,,,,,,,,,,,,,,,,,,,,,,,,,,,,,,,0.000000,Unpaid,19.4000,873.000000,0,0,0,0,0,0
146,"2026-04-21 00:00:00",,"2026-05-19 00:00:00",STENUE,Closed,,,,0006811530,,,"                    ",,,,,,,,,adrian,"2026-04-21 09:42:50",adrian,"2026-04-21 09:42:50",126,,PO,,,"2026-05-19 00:00:00",,,PO,,,,,,,,NUULY,CS1061,"2026-04-21 00:00:00",2.00,2.00,,"ELEVATOR DISCO",,,,,,,WHITE,16.400000,16.400000,16.0000,Style,,,,,,,,,,,,,,,,,0,0,,0,0,,,,,,,,,,,,,,,,,,,,,,,,,,,,,,,,,,,,,,0.000000,Unpaid,8.2000,16.400000,0,0,0,0,0,0
145,"2026-04-21 00:00:00",,"2026-05-19 00:00:00",STENUE,Closed,,,,0006811518,,,"                    ",,,,,,,,,adrian,"2026-04-21 09:42:32",adrian,"2026-04-21 09:42:32",125,,PO,,,"2026-05-19 00:00:00",,,PO,,,,,,,,NUULY,CS1061,"2026-04-21 00:00:00",159.00,159.00,,"ELEVATOR DISCO",,,,,,,WHITE,1303.800000,1303.800000,16.0000,Style,,,,,,,,,,,,,,,,,0,0,,0,0,,,,,,,,,,,,,,,,,,,,,,,,,,,,,,,,,,,,,,0.000000,Unpaid,8.2000,1303.800000,0,0,0,0,0,0
144,"2026-04-21 00:00:00",,"2026-05-19 00:00:00",STENUE,Closed,,,,0006811517,,,"                    ",,,,,,,,,adrian,"2026-04-21 09:42:14",adrian,"2026-04-21 09:42:14",124,,PO,,,"2026-05-19 00:00:00",,,PO,,,,,,,,NUULY,CS1061,"2026-04-21 00:00:00",89.00,87.00,,"ELEVATOR DISCO",,,,,,,WHITE,729.800000,713.400000,16.0000,Style,,,,,,,,,,,,,,,,,0,0,,0,0,,,,,,,,,,,,,,,,,,,,,,,,,,,,,,,,,,,,,,0.000000,Unpaid,8.2000,729.800000,0,0,0,0,0,0
143,"2026-04-21 00:00:00",,"2026-05-19 00:00:00",STENUE,Closed,,,,0006811516,,,"                    ",,,,,,,,,adrian,"2026-04-21 09:42:01",adrian,"2026-04-21 09:42:01",123,,PO,,,"2026-05-19 00:00:00",,,PO,,,,,,,,NUULY,CDT1061,"2026-04-21 00:00:00",2.00,2.00,,"ELEVATOR DISCO",,,,,,,WHITE,31.200000,31.200000,34.0000,Style,,,,,,,,,,,,,,,,,0,0,,0,0,,,,,,,,,,,,,,,,,,,,,,,,,,,,,,,,,,,,,,0.000000,Unpaid,15.6000,31.200000,0,0,0,0,0,0
142,"2026-04-21 00:00:00",,"2026-05-19 00:00:00",STENUE,Closed,,,,0006811515,,,"                    ",,,,,,,,,adrian,"2026-04-21 09:41:45",design,"2026-05-08 17:20:30",122,,PO,,,"2026-05-19 00:00:00",,,PO,,,,,,,,NUULY,CDT1061,"2026-04-21 00:00:00",159.00,133.00,,"ELEVATOR DISCO",,,,,,,WHITE,2480.400000,2074.800000,34.0000,Style,,,,,,,,,,,,,,,,,0,0,,0,0,,,,,,,,,,,,,,,,,,,,,,,,,,,,,,,,,,,,,,0.000000,Unpaid,15.6000,2480.400000,0,0,0,0,0,0
141,"2026-04-21 00:00:00",,"2026-05-19 00:00:00",STENUE,Closed,,,,0006811514,,,"                    ",,,,,,,,,adrian,"2026-04-21 09:41:31",adrian,"2026-04-21 09:41:31",121,,PO,,,"2026-05-19 00:00:00",,,PO,,,,,,,,NUULY,CDT1061,"2026-04-21 00:00:00",89.00,88.00,,"ELEVATOR DISCO",,,,,,,WHITE,1388.400000,1372.800000,34.0000,Style,,,,,,,,,,,,,,,,,0,0,,0,0,,,,,,,,,,,,,,,,,,,,,,,,,,,,,,,,,,,,,,0.000000,Unpaid,15.6000,1388.400000,0,0,0,0,0,0
140,"2026-04-21 00:00:00",,"2026-05-19 00:00:00",STENUE,Closed,,,,0006811513,,,"                    ",,,,,,,,,adrian,"2026-04-21 09:41:19",adrian,"2026-04-21 09:41:19",120,,PO,,,"2026-05-19 00:00:00",,,PO,,,,,,,,NUULY,CD1065,"2026-04-21 00:00:00",2.00,2.00,,"ELEVATOR DISCO",,,,,,,FUCHSIA,31.640000,31.640000,42.0000,Style,,,,,,,,,,,,,,,,,0,0,,0,0,,,,,,,,,,,,,,,,,,,,,,,,,,,,,,,,,,,,,,0.000000,Unpaid,15.8200,31.640000,0,0,0,0,0,0
139,"2026-04-21 00:00:00",,"2026-05-19 00:00:00",STENUE,Closed,,,,0006811512,,,"                    ",,,,,,,,,adrian,"2026-04-21 09:40:53",adrian,"2026-04-24 18:53:49",119,,PO,,,"2026-05-19 00:00:00",,,PO,,,,,,,,NUULY,CD1065,"2026-04-21 00:00:00",299.00,304.00,,"ELEVATOR DISCO",,,,,,,FUCHSIA,4730.180000,4809.280000,42.0000,Style,,,,,,,,,,,,,,,,,0,0,,0,0,,,,,,,,,,,,,,,,,,,,,,,,,,,,,,,,,,,,,,0.000000,Unpaid,15.8200,4730.180000,0,0,0,0,0,0
138,"2026-04-21 00:00:00",,"2026-05-19 00:00:00",STENUE,Closed,,,,0006811511,,,"                    ",,,,,,,,,adrian,"2026-04-21 09:40:33",adrian,"2026-04-21 09:40:33",118,,PO,,,"2026-05-19 00:00:00",,,PO,,,,,,,,NUULY,CD1065,"2026-04-21 00:00:00",199.00,203.00,,"ELEVATOR DISCO",,,,,,,FUCHSIA,3148.180000,3211.460000,42.0000,Style,,,,,,,,,,,,,,,,,0,0,,0,0,,,,,,,,,,,,,,,,,,,,,,,,,,,,,,,,,,,,,,0.000000,Unpaid,15.8200,3148.180000,0,0,0,0,0,0
137,"2026-04-21 00:00:00",,"2026-05-19 00:00:00",STENUE,Closed,,,,0006811503,,,"                    ",,,,,,,,,adrian,"2026-04-21 09:40:13",adrian,"2026-04-21 09:40:13",117,,PO,,,"2026-05-19 00:00:00",,,PO,,,,,,,,NUULY,CD1048,"2026-04-21 00:00:00",2.00,2.00,,"ELEVATOR DISCO",,,,,,,"YELLOW PINK",27.600000,27.600000,33.0000,Style,,,,,,,,,,,,,,,,,0,0,,0,0,,,,,,,,,,,,,,,,,,,,,,,,,,,,,,,,,,,,,,0.000000,Unpaid,13.8000,27.600000,0,0,0,0,0,0
136,"2026-04-21 00:00:00",,"2026-05-19 00:00:00",STENUE,Closed,,,,0006811502,,,"                    ",,,,,,,,,adrian,"2026-04-21 09:39:51",adrian,"2026-04-21 09:39:51",116,,PO,,,"2026-05-19 00:00:00",,,PO,,,,,,,,NUULY,CD1048,"2026-04-21 00:00:00",299.00,258.00,,"ELEVATOR DISCO",,,,,,,"YELLOW PINK",4126.200000,3560.400000,33.0000,Style,,,,,,,,,,,,,,,,,0,0,,0,0,,,,,,,,,,,,,,,,,,,,,,,,,,,,,,,,,,,,,,0.000000,Unpaid,13.8000,4126.200000,0,0,0,0,0,0
135,"2026-04-21 00:00:00",,"2026-05-19 00:00:00",STENUE,Closed,,,,0006811501,,,"                    ",,,,,,,,,adrian,"2026-04-21 09:39:19",adrian,"2026-04-21 09:39:19",115,,PO,,,"2026-05-19 00:00:00",,,PO,,,,,,,,NUULY,CD1048,"2026-04-21 00:00:00",199.00,226.00,,"ELEVATOR DISCO",,,,,,,"YELLOW PINK",2746.200000,3118.800000,33.0000,Style,,,,,,,,,,,,,,,,,0,0,,0,0,,,,,,,,,,,,,,,,,,,,,,,,,,,,,,,,,,,,,,0.000000,Unpaid,13.8000,2746.200000,0,0,0,0,0,0
134,"2026-04-21 00:00:00",,"2026-05-19 00:00:00",STENUE,Closed,,,,0006811500,,,"                    ",,,,,,,,,adrian,"2026-04-21 09:38:56",adrian,"2026-04-21 09:38:56",114,,PO,,,"2026-05-19 00:00:00",,,PO,,,,,,,,NUULY,CD1011,"2026-04-21 00:00:00",2.00,2.00,,"ELEVATOR DISCO",,,,,,,"SAGE GREEN",31.200000,31.200000,35.0000,Style,,,,,,,,,,,,,,,,,0,0,,0,0,,,,,,,,,,,,,,,,,,,,,,,,,,,,,,,,,,,,,,0.000000,Unpaid,15.6000,31.200000,0,0,0,0,0,0
133,"2026-04-21 00:00:00",,"2026-05-19 00:00:00",STENUE,Closed,,,,0006811499,,,"                    ",,,,,,,,,adrian,"2026-04-21 09:36:33",adrian,"2026-06-03 21:46:14",113,,PO,,,"2026-05-19 00:00:00",,,PO,,,,,,,,NUULY,CD1011,"2026-04-21 00:00:00",374.00,338.00,,"ELEVATOR DISCO",,,,,,,"SAGE GREEN",5834.400000,5272.800000,35.0000,Style,,,,,,,,,,,,,,,,,0,0,,0,0,,,,,,,,,,,,,,,,,,,,,,,,,,,,,,,,,,,,,,0.000000,Unpaid,15.6000,5834.400000,0,0,0,0,0,0
132,"2026-04-21 00:00:00",,"2026-05-19 00:00:00",STENUE,Closed,,,,0006811498,,,"                    ",,,,,,,,,adrian,"2026-04-21 09:36:12",adrian,"2026-04-21 09:36:12",112,,PO,,,"2026-05-19 00:00:00",,,PO,,,,,,,,NUULY,CD1011,"2026-04-21 00:00:00",249.00,251.00,,"ELEVATOR DISCO",,,,,,,"SAGE GREEN",3884.400000,3915.600000,35.0000,Style,,,,,,,,,,,,,,,,,0,0,,0,0,,,,,,,,,,,,,,,,,,,,,,,,,,,,,,,,,,,,,,0.000000,Unpaid,15.6000,3884.400000,0,0,0,0,0,0
131,"2026-04-21 00:00:00",,"2026-05-19 00:00:00",STENUE,Closed,,,,0006798720,,,"                    ",,,,,,,,,adrian,"2026-04-21 09:35:48",adrian,"2026-04-21 09:35:48",111,,PO,,,"2026-05-19 00:00:00",,,PO,,,,,,,,NUULY,CP1034,"2026-04-21 00:00:00",2.00,2.00,,"ELEVATOR DISCO",,,,,,,PINK,21.200000,21.200000,21.0000,Style,,,,,,,,,,,,,,,,,0,0,,0,0,,,,,,,,,,,,,,,,,,,,,,,,,,,,,,,,,,,,,,0.000000,Unpaid,10.6000,21.200000,0,0,0,0,0,0
130,"2026-04-21 00:00:00",,"2026-05-19 00:00:00",STENUE,Closed,,,,0006798714,,,"                    ",,,,,,,,,adrian,"2026-04-21 09:35:36",adrian,"2026-04-21 09:35:36",110,,PO,,,"2026-05-19 00:00:00",,,PO,,,,,,,,NUULY,CP1034,"2026-04-21 00:00:00",270.00,275.00,,"ELEVATOR DISCO",,,,,,,PINK,2862.000000,2915.000000,21.0000,Style,,,,,,,,,,,,,,,,,0,0,,0,0,,,,,,,,,,,,,,,,,,,,,,,,,,,,,,,,,,,,,,0.000000,Unpaid,10.6000,2862.000000,0,0,0,0,0,0
129,"2026-04-21 00:00:00",,"2026-05-19 00:00:00",STENUE,Closed,,,,0006798713,,,"                    ",,,,,,,,,adrian,"2026-04-21 09:35:22",adrian,"2026-04-21 09:35:22",109,,PO,,,"2026-05-19 00:00:00",,,PO,,,,,,,,NUULY,CP1034,"2026-04-21 00:00:00",178.00,182.00,,"ELEVATOR DISCO",,,,,,,PINK,1886.800000,1929.200000,21.0000,Style,,,,,,,,,,,,,,,,,0,0,,0,0,,,,,,,,,,,,,,,,,,,,,,,,,,,,,,,,,,,,,,0.000000,Unpaid,10.6000,1886.800000,0,0,0,0,0,0
128,"2026-04-21 00:00:00",,"2026-05-19 00:00:00",STENUE,Closed,,,,0006798701,,,"                    ",,,,,,,,,adrian,"2026-04-21 09:34:59",adrian,"2026-04-21 09:34:59",108,,PO,,,"2026-05-19 00:00:00",,,PO,,,,,,,,NUULY,CP1029,"2026-04-21 00:00:00",2.00,2.00,,"ELEVATOR DISCO",,,,,,,"LIGHT BLUE",0.000000,0.000000,21.0000,Style,,,,,,,,,,,,,,,,,0,0,,0,0,,,,,,,,,,,,,,,,,,,,,,,,,,,,,,,,,,,,,,0.000000,Unpaid,0.0000,0.000000,0,0,0,0,0,0
127,"2026-04-21 00:00:00",,"2026-05-19 00:00:00",STENUE,Closed,,,,0006798696,,,"                    ",,,,,,,,,adrian,"2026-04-21 09:34:43",adrian,"2026-04-21 09:34:43",107,,PO,,,"2026-05-19 00:00:00",,,PO,,,,,,,,NUULY,CP1029,"2026-04-21 00:00:00",270.00,270.00,,"ELEVATOR DISCO",,,,,,,"LIGHT BLUE",0.000000,0.000000,21.0000,Style,,,,,,,,,,,,,,,,,0,0,,0,0,,,,,,,,,,,,,,,,,,,,,,,,,,,,,,,,,,,,,,0.000000,Unpaid,0.0000,0.000000,0,0,0,0,0,0
126,"2026-04-21 00:00:00",,"2026-05-19 00:00:00",STENUE,Closed,,,,0006798695,,,"                    ",,,,,,,,,adrian,"2026-04-21 09:34:21",adrian,"2026-04-21 09:34:21",106,,PO,,,"2026-05-19 00:00:00",,,PO,,,,,,,,NUULY,CP1029,"2026-04-21 00:00:00",178.00,196.00,,"ELEVATOR DISCO",,,,,,,"LIGHT BLUE",0.000000,0.000000,21.0000,Style,,,,,,,,,,,,,,,,,0,0,,0,0,,,,,,,,,,,,,,,,,,,,,,,,,,,,,,,,,,,,,,0.000000,Unpaid,0.0000,0.000000,0,0,0,0,0,0
125,"2026-04-21 00:00:00",,"2026-05-19 00:00:00",STENUE,Closed,,,,0006798693,,,"                    ",,,,,,,,,adrian,"2026-04-21 09:34:06",adrian,"2026-04-21 09:34:06",105,,PO,,,"2026-05-19 00:00:00",,,PO,,,,,,,,NUULY,CP1004,"2026-04-21 00:00:00",2.00,2.00,,"ELEVATOR DISCO",,,,,,,WHITE,17.900000,17.900000,24.0000,Style,,,,,,,,,,,,,,,,,0,0,,0,0,,,,,,,,,,,,,,,,,,,,,,,,,,,,,,,,,,,,,,0.000000,Unpaid,8.9500,17.900000,0,0,0,0,0,0
124,"2026-04-21 00:00:00",,"2026-05-19 00:00:00",STENUE,Closed,,,,0006798687,,,"                    ",,,,,,,,,adrian,"2026-04-21 09:33:55",adrian,"2026-04-21 09:33:55",104,,PO,,,"2026-05-19 00:00:00",,,PO,,,,,,,,NUULY,CP1004,"2026-04-21 00:00:00",359.00,359.00,,"ELEVATOR DISCO",,,,,,,WHITE,3213.050000,3213.050000,24.0000,Style,,,,,,,,,,,,,,,,,0,0,,0,0,,,,,,,,,,,,,,,,,,,,,,,,,,,,,,,,,,,,,,0.000000,Unpaid,8.9500,3213.050000,0,0,0,0,0,0
123,"2026-04-21 00:00:00",,"2026-05-19 00:00:00",STENUE,Closed,,,,0006798686,,,"                    ",,,,,,,,,adrian,"2026-04-21 09:33:41",adrian,"2026-04-21 09:33:41",103,,PO,,,"2026-05-19 00:00:00",,,PO,,,,,,,,NUULY,CP1004,"2026-04-21 00:00:00",239.00,239.00,,"ELEVATOR DISCO",,,,,,,WHITE,2139.050000,2139.050000,24.0000,Style,,,,,,,,,,,,,,,,,0,0,,0,0,,,,,,,,,,,,,,,,,,,,,,,,,,,,,,,,,,,,,,0.000000,Unpaid,8.9500,2139.050000,0,0,0,0,0,0
122,"2026-04-21 00:00:00",,"2026-05-19 00:00:00",STENUE,Closed,,,,0006798673,,,"                    ",,,,,,,,,adrian,"2026-04-21 09:33:17",adrian,"2026-04-21 09:33:17",102,,PO,,,"2026-05-19 00:00:00",,,PO,,,,,,,,NUULY,CP1006,"2026-04-21 00:00:00",2.00,2.00,,"ELEVATOR DISCO",,,,,,,CREAM,17.800000,17.800000,24.0000,Style,,,,,,,,,,,,,,,,,0,0,,0,0,,,,,,,,,,,,,,,,,,,,,,,,,,,,,,,,,,,,,,0.000000,Unpaid,8.9000,17.800000,0,0,0,0,0,0
121,"2026-04-21 00:00:00",,"2026-05-19 00:00:00",STENUE,Closed,,,,0006798672,,,"                    ",,,,,,,,,adrian,"2026-04-21 09:33:03",adrian,"2026-04-21 09:33:03",101,,PO,,,"2026-05-19 00:00:00",,,PO,,,,,,,,NUULY,CP1006,"2026-04-21 00:00:00",239.00,215.00,,"ELEVATOR DISCO",,,,,,,CREAM,2127.100000,1913.500000,24.0000,Style,,,,,,,,,,,,,,,,,0,0,,0,0,,,,,,,,,,,,,,,,,,,,,,,,,,,,,,,,,,,,,,0.000000,Unpaid,8.9000,2127.100000,0,0,0,0,0,0
120,"2026-04-21 00:00:00",,"2026-05-19 00:00:00",STENUE,Closed,,,,0006798671,,,"                    ",,,,,,,,,adrian,"2026-04-21 09:32:32",adrian,"2026-04-21 09:32:32",100,,PO,,,"2026-05-19 00:00:00",,,PO,,,,,,,,NUULY,CP1006,"2026-04-21 00:00:00",159.00,159.00,,"ELEVATOR DISCO",,,,,,,CREAM,1415.100000,1415.100000,24.0000,Style,,,,,,,,,,,,,,,,,0,0,,0,0,,,,,,,,,,,,,,,,,,,,,,,,,,,,,,,,,,,,,,0.000000,Unpaid,8.9000,1415.100000,0,0,0,0,0,0
119,"2026-04-21 00:00:00",,"2026-05-19 00:00:00",STENUE,Closed,,,,0006798658,,,"                    ",,,,,,,,,adrian,"2026-04-21 09:32:15",adrian,"2026-04-21 09:32:15",99,,PO,,,"2026-05-19 00:00:00",,,PO,,,,,,,,NUULY,FSET8080B,"2026-04-21 00:00:00",2.00,2.00,,"ELEVATOR DISCO",,,,,,,BLUE,18.000000,18.000000,20.7100,Style,,,,,,,,,,,,,,,,,0,0,,0,0,,,,,,,,,,,,,,,,,,,,,,,,,,,,,,,,,,,,,,0.000000,Unpaid,9.0000,18.000000,0,0,0,0,0,0
118,"2026-04-21 00:00:00",,"2026-05-19 00:00:00",STENUE,Closed,,,,0006798657,,,"                    ",,,,,,,,,adrian,"2026-04-21 09:31:52",adrian,"2026-04-21 09:31:52",98,,PO,,,"2026-05-19 00:00:00",,,PO,,,,,,,,NUULY,FSET8080B,"2026-04-21 00:00:00",239.00,242.00,,"ELEVATOR DISCO",,,,,,,BLUE,2151.000000,2178.000000,20.7100,Style,,,,,,,,,,,,,,,,,0,0,,0,0,,,,,,,,,,,,,,,,,,,,,,,,,,,,,,,,,,,,,,0.000000,Unpaid,9.0000,2151.000000,0,0,0,0,0,0
117,"2026-04-21 00:00:00",,"2026-05-19 00:00:00",STENUE,Closed,,,,0006798656,,,"                    ",,,,,,,,,adrian,"2026-04-21 09:30:57",adrian,"2026-04-21 09:30:57",97,,PO,,,"2026-05-19 00:00:00",,,PO,,,,,,,,NUULY,FSET8080B,"2026-04-21 00:00:00",159.00,165.00,,"ELEVATOR DISCO",,,,,,,BLUE,1431.000000,1485.000000,20.7100,Style,,,,,,,,,,,,,,,,,0,0,,0,0,,,,,,,,,,,,,,,,,,,,,,,,,,,,,,,,,,,,,,0.000000,Unpaid,9.0000,1431.000000,0,0,0,0,0,0
116,"2026-04-21 00:00:00",,"2026-05-19 00:00:00",STENUE,Closed,,,,0006798612,,,"                    ",,,,,,,,,adrian,"2026-04-21 09:30:31",adrian,"2026-04-21 09:30:31",96,,PO,,,"2026-05-19 00:00:00",,,PO,,,,,,,,NUULY,CS1023,"2026-04-21 00:00:00",2.00,2.00,,"ELEVATOR DISCO",,,,,,,CREAM,21.600000,21.600000,21.0000,Style,,,,,,,,,,,,,,,,,0,0,,0,0,,,,,,,,,,,,,,,,,,,,,,,,,,,,,,,,,,,,,,0.000000,Unpaid,10.8000,21.600000,0,0,0,0,0,0
115,"2026-04-21 00:00:00",,"2026-05-19 00:00:00",STENUE,Closed,,,,6798602,,,"                    ",,,,,,,,,adrian,"2026-04-21 09:30:04",adrian,"2026-04-21 09:30:04",95,,PO,,,"2026-05-19 00:00:00",,,PO,,,,,,,,NUULY,CS1023,"2026-04-21 00:00:00",383.00,393.00,,"ELEVATOR DISCO",,,,,,,CREAM,4136.400000,4244.400000,21.0000,Style,,,,,,,,,,,,,,,,,0,0,,0,0,,,,,,,,,,,,,,,,,,,,,,,,,,,,,,,,,,,,,,0.000000,Unpaid,10.8000,4136.400000,0,0,0,0,0,0
114,"2026-04-21 00:00:00",,"2026-05-19 00:00:00",STENUE,Closed,,,,6798601,,,"                    ",,,,,,,,,adrian,"2026-04-21 09:29:40",adrian,"2026-04-21 09:29:40",94,,PO,,,"2026-05-19 00:00:00",,,PO,,,,,,,,NUULY,CS1023,"2026-04-21 00:00:00",215.00,217.00,,"ELEVATOR DISCO",,,,,,,CREAM,2322.000000,2343.600000,21.0000,Style,,,,,,,,,,,,,,,,,0,0,,0,0,,,,,,,,,,,,,,,,,,,,,,,,,,,,,,,,,,,,,,0.000000,Unpaid,10.8000,2322.000000,0,0,0,0,0,0
113,"2026-04-21 00:00:00",,"2026-05-19 00:00:00",STENUE,Closed,,,,0006786496,,,"                    ",,,,,,,,,adrian,"2026-04-21 09:29:13",adrian,"2026-04-21 09:29:13",93,,PO,,,"2026-05-19 00:00:00",,,PO,,,,,,,,NUULY,CP1028,"2026-04-21 00:00:00",2.00,2.00,,"ELEVATOR DISCO",,,,,,,"WHITE BLUE",31.400000,31.400000,41.0000,Style,,,,,,,,,,,,,,,,,0,0,,0,0,,,,,,,,,,,,,,,,,,,,,,,,,,,,,,,,,,,,,,0.000000,Unpaid,15.7000,31.400000,0,0,0,0,0,0
112,"2026-04-21 00:00:00",,"2026-05-19 00:00:00",STENUE,Closed,,,,0006786493,,,"                    ",,,,,,,,,adrian,"2026-04-21 09:28:57",adrian,"2026-04-21 09:28:57",92,,PO,,,"2026-05-19 00:00:00",,,PO,,,,,,,,NUULY,CP1028,"2026-04-21 00:00:00",119.00,117.00,,"ELEVATOR DISCO",,,,,,,"WHITE BLUE",1868.300000,1836.900000,41.0000,Style,,,,,,,,,,,,,,,,,0,0,,0,0,,,,,,,,,,,,,,,,,,,,,,,,,,,,,,,,,,,,,,0.000000,Unpaid,15.7000,1868.300000,0,0,0,0,0,0
111,"2026-04-21 00:00:00",,"2026-05-19 00:00:00",STENUE,Closed,,,,0006786492,,,"                    ",,,,,,,,,adrian,"2026-04-21 09:28:30",adrian,"2026-04-21 09:28:30",91,,PO,,,"2026-05-19 00:00:00",,,PO,,,,,,,,NUULY,CP1028,"2026-04-21 00:00:00",79.00,74.00,,"ELEVATOR DISCO",,,,,,,"WHITE BLUE",1240.300000,1161.800000,41.0000,Style,,,,,,,,,,,,,,,,,0,0,,0,0,,,,,,,,,,,,,,,,,,,,,,,,,,,,,,,,,,,,,,0.000000,Unpaid,15.7000,1240.300000,0,0,0,0,0,0
110,"2026-04-21 00:00:00",,"2026-05-19 00:00:00",STENUE,Closed,,,,0006786489,,,"                    ",,,,,,,,,adrian,"2026-04-21 09:28:07",adrian,"2026-04-21 09:28:07",90,,PO,,,"2026-05-19 00:00:00",,,PO,,,,,,,,NUULY,CP1007,"2026-04-21 00:00:00",2.00,2.00,,"ELEVATOR DISCO",,,,,,,BLUE,29.000000,29.000000,28.0000,Style,,,,,,,,,,,,,,,,,0,0,,0,0,,,,,,,,,,,,,,,,,,,,,,,,,,,,,,,,,,,,,,0.000000,Unpaid,14.5000,29.000000,0,0,0,0,0,0
109,"2026-04-21 00:00:00",,"2026-05-19 00:00:00",STENUE,Closed,,,,0006786475,,,"                    ",,,,,,,,,adrian,"2026-04-21 09:27:51",adrian,"2026-04-21 09:27:51",89,,PO,,,"2026-05-19 00:00:00",,,PO,,,,,,,,NUULY,CP1007,"2026-04-21 00:00:00",119.00,119.00,,"ELEVATOR DISCO",,,,,,,BLUE,1725.500000,1725.500000,28.0000,Style,,,,,,,,,,,,,,,,,0,0,,0,0,,,,,,,,,,,,,,,,,,,,,,,,,,,,,,,,,,,,,,0.000000,Unpaid,14.5000,1725.500000,0,0,0,0,0,0
108,"2026-04-21 00:00:00",,"2026-05-19 00:00:00",STENUE,Closed,,,,0006786474,,,"                    ",,,,,,,,,adrian,"2026-04-21 09:27:23",adrian,"2026-04-21 09:27:23",88,,PO,,,"2026-05-19 00:00:00",,,PO,,,,,,,,NUULY,CP1007,"2026-04-21 00:00:00",79.00,79.00,,"ELEVATOR DISCO",,,,,,,BLUE,1145.500000,1145.500000,28.0000,Style,,,,,,,,,,,,,,,,,0,0,,0,0,,,,,,,,,,,,,,,,,,,,,,,,,,,,,,,,,,,,,,0.000000,Unpaid,14.5000,1145.500000,0,0,0,0,0,0
107,"2026-04-21 00:00:00",,"2026-05-19 00:00:00",STENUE,Closed,,,,0006786459,,,"                    ",,,,,,,,,adrian,"2026-04-21 09:26:54",adrian,"2026-04-21 09:26:54",87,,PO,,,"2026-05-19 00:00:00",,,PO,,,,,,,,NUULY,CD1043,"2026-04-21 00:00:00",2.00,2.00,,"ELEVATOR DISCO",,,,,,,BLACK,27.600000,27.600000,35.0000,Style,,,,,,,,,,,,,,,,,0,0,,0,0,,,,,,,,,,,,,,,,,,,,,,,,,,,,,,,,,,,,,,0.000000,Unpaid,13.8000,27.600000,0,0,0,0,0,0
106,"2026-04-21 00:00:00",,"2026-05-19 00:00:00",STENUE,Closed,,,,0006786445,,,"                    ",,,,,,,,,adrian,"2026-04-21 09:26:16",adrian,"2026-04-21 09:26:34",86,,PO,,,"2026-05-19 00:00:00",,,PO,,,,,,,,NUULY,CD1043,"2026-04-21 00:00:00",149.00,153.00,,"ELEVATOR DISCO",,,,,,,BLACK,2056.200000,2111.400000,35.0000,Style,,,,,,,,,,,,,,,,,0,0,,0,0,,,,,,,,,,,,,,,,,,,,,,,,,,,,,,,,,,,,,,0.000000,Unpaid,13.8000,2056.200000,0,0,0,0,0,0
105,"2026-04-21 00:00:00",,"2026-05-19 00:00:00",STENUE,Closed,,,,0006786444,,,"                    ",,,,,,,,,adrian,"2026-04-21 09:25:59",adrian,"2026-04-21 09:25:59",85,,PO,,,"2026-05-19 00:00:00",,,PO,,,,,,,,NUULY,CD1043,"2026-04-21 00:00:00",99.00,108.00,,"ELEVATOR DISCO",,,,,,,BLACK,1366.200000,1490.400000,35.0000,Style,,,,,,,,,,,,,,,,,0,0,,0,0,,,,,,,,,,,,,,,,,,,,,,,,,,,,,,,,,,,,,,0.000000,Unpaid,13.8000,1366.200000,0,0,0,0,0,0
104,"2026-04-21 00:00:00",,"2026-05-19 00:00:00",STENUE,Closed,,,,0006786424,,,"                    ",,,,,,,,,adrian,"2026-04-21 09:25:09",adrian,"2026-04-21 09:25:09",84,,PO,,,"2026-05-19 00:00:00",,,PO,,,,,,,,NUULY,CD1031A,"2026-04-21 00:00:00",2.00,2.00,,"ELEVATOR DISCO",,,,,,,"BLACK WHITE",26.000000,26.000000,44.0000,Style,,,,,,,,,,,,,,,,,0,0,,0,0,,,,,,,,,,,,,,,,,,,,,,,,,,,,,,,,,,,,,,0.000000,Unpaid,13.0000,26.000000,0,0,0,0,0,0
103,"2026-04-21 00:00:00",,"2026-05-19 00:00:00",STENUE,Closed,,,,0006786410,,,"                    ",,,,,,,,,adrian,"2026-04-21 09:23:52",adrian,"2026-04-21 09:23:52",83,,PO,,,"2026-05-19 00:00:00",,,PO,,,,,,,,NUULY,CD1031A,"2026-04-21 00:00:00",178.00,186.00,,"ELEVATOR DISCO",,,,,,,"BLACK WHITE",2314.000000,2418.000000,44.0000,Style,,,,,,,,,,,,,,,,,0,0,,0,0,,,,,,,,,,,,,,,,,,,,,,,,,,,,,,,,,,,,,,0.000000,Unpaid,13.0000,2314.000000,0,0,0,0,0,0
102,"2026-04-20 00:00:00",,"2026-05-18 00:00:00",STENUE,Closed,,,,0006786274,,,"                    ",,,,,,,,,adrian,"2026-04-20 17:18:07",adrian,"2026-04-20 17:18:07",60,,PO,,,"2026-05-18 00:00:00",,,PO,,,,,,,,NUULY,CD1050,"2026-04-20 00:00:00",2.00,2.00,,"ELEVATOR DISCO",,,,,,,"PINK MULTI",29.000000,29.000000,28.0000,Style,,,,,,,,,,,,,,,,,0,0,,0,0,,,,,,,,,,,,,,,,,,,,,,,,,,,,,,,,,,,,,,0.000000,Unpaid,14.5000,29.000000,0,0,0,0,0,0
101,"2026-04-20 00:00:00",,"2026-05-18 00:00:00",STENUE,Closed,,,,0006786375,,,"                    ",,,,,,,,,adrian,"2026-04-20 14:52:26",adrian,"2026-04-20 14:52:26",81,,PO,,,"2026-05-18 00:00:00",,,PO,,,,,,,,NUULY,CD1032,"2026-04-20 00:00:00",2.00,2.00,,"ELEVATOR DISCO",,,,,,,"BLACK WHITE",38.000000,38.000000,44.0000,Style,,,,,,,,,,,,,,,,,0,0,,0,0,,,,,,,,,,,,,,,,,,,,,,,,,,,,,,,,,,,,,,0.000000,Unpaid,19.0000,38.000000,0,0,0,0,0,0
100,"2026-04-20 00:00:00",,"2026-05-18 00:00:00",STENUE,Closed,,,,0006786367,,,"                    ",,,,,,,,,adrian,"2026-04-20 14:52:10",adrian,"2026-04-20 14:52:10",78,,PO,,,"2026-05-18 00:00:00",,,PO,,,,,,,,NUULY,CD1028,"2026-04-20 00:00:00",2.00,2.00,,"ELEVATOR DISCO",,,,,,,WHITE,29.000000,29.000000,33.0000,Style,,,,,,,,,,,,,,,,,0,0,,0,0,,,,,,,,,,,,,,,,,,,,,,,,,,,,,,,,,,,,,,0.000000,Unpaid,14.5000,29.000000,0,0,0,0,0,0
99,"2026-04-20 00:00:00",,"2026-05-18 00:00:00",STENUE,Closed,,,,0006786409,,,"                    ",,,,,,,,,adrian,"2026-04-20 14:51:59",adrian,"2026-04-20 14:51:59",0,,PO,,,"2026-05-18 00:00:00",,,PO,,,,,,,,"                    ",CD1031A,"2026-04-20 00:00:00",120.00,130.00,,"ELEVATOR DISCO",,,,,,,"BLACK WHITE",1560.000000,1690.000000,44.0000,Style,,,,,,,,,,,,,,,,,0,0,,0,0,,,,,,,,,,,,,,,,,,,,,,,,,,,,,,,,,,,,,,0.000000,Unpaid,13.0000,1560.000000,0,0,0,0,0,0
98,"2026-04-20 00:00:00",,"2026-05-18 00:00:00",STENUE,Closed,,,,0006786374,,,"                    ",,,,,,,,,adrian,"2026-04-20 14:51:39",adrian,"2026-04-20 14:51:39",80,,PO,,,"2026-05-18 00:00:00",,,PO,,,,,,,,NUULY,CD1032,"2026-04-20 00:00:00",127.00,119.00,,"ELEVATOR DISCO",,,,,,,"BLACK WHITE",2413.000000,2261.000000,44.0000,Style,,,,,,,,,,,,,,,,,0,0,,0,0,,,,,,,,,,,,,,,,,,,,,,,,,,,,,,,,,,,,,,0.000000,Unpaid,19.0000,2413.000000,0,0,0,0,0,0
97,"2026-04-20 00:00:00",,"2026-05-18 00:00:00",STENUE,Closed,,,,0006786360,,,"                    ",,,,,,,,,adrian,"2026-04-20 14:51:15",adrian,"2026-04-20 14:51:15",77,,PO,,,"2026-05-18 00:00:00",,,PO,,,,,,,,NUULY,CD1028,"2026-04-20 00:00:00",119.00,118.00,,"ELEVATOR DISCO",,,,,,,WHITE,1725.500000,1711.000000,33.0000,Style,,,,,,,,,,,,,,,,,0,0,,0,0,,,,,,,,,,,,,,,,,,,,,,,,,,,,,,,,,,,,,,0.000000,Unpaid,14.5000,1725.500000,0,0,0,0,0,0
96,"2026-04-20 00:00:00",,"2026-05-18 00:00:00",STENUE,Closed,,,,0006786349,,,"                    ",,,,,,,,,adrian,"2026-04-20 13:48:42",adrian,"2026-04-20 13:48:42",75,,PO,,,"2026-05-18 00:00:00",,,PO,,,,,,,,NUULY,CD1013,"2026-04-20 00:00:00",2.00,2.00,,"ELEVATOR DISCO",,,,,,,"LIGHT BLUE",37.800000,37.800000,36.0000,Style,,,,,,,,,,,,,,,,,0,0,,0,0,,,,,,,,,,,,,,,,,,,,,,,,,,,,,,,,,,,,,,0.000000,Unpaid,18.9000,37.800000,0,0,0,0,0,0
95,"2026-04-20 00:00:00",,"2026-05-18 00:00:00",STENUE,Closed,,,,0006786348,,,"                    ",,,,,,,,,adrian,"2026-04-20 13:48:25",adrian,"2026-04-20 13:48:25",74,,PO,,,"2026-05-18 00:00:00",,,PO,,,,,,,,NUULY,CD1013,"2026-04-20 00:00:00",119.00,116.00,,"ELEVATOR DISCO",,,,,,,"LIGHT BLUE",2249.100000,2192.400000,36.0000,Style,,,,,,,,,,,,,,,,,0,0,,0,0,,,,,,,,,,,,,,,,,,,,,,,,,,,,,,,,,,,,,,0.000000,Unpaid,18.9000,2249.100000,0,0,0,0,0,0
94,"2026-04-20 00:00:00",,"2026-05-18 00:00:00",STENUE,Closed,,,,0006786347,,,"                    ",,,,,,,,,adrian,"2026-04-20 13:48:08",adrian,"2026-04-20 13:48:08",73,,PO,,,"2026-05-18 00:00:00",,,PO,,,,,,,,NUULY,CD1013,"2026-04-20 00:00:00",79.00,79.00,,"ELEVATOR DISCO",,,,,,,"LIGHT BLUE",1493.100000,1493.100000,36.0000,Style,,,,,,,,,,,,,,,,,0,0,,0,0,,,,,,,,,,,,,,,,,,,,,,,,,,,,,,,,,,,,,,0.000000,Unpaid,18.9000,1493.100000,0,0,0,0,0,0
93,"2026-04-20 00:00:00",,"2026-05-18 00:00:00",STENUE,Closed,,,,0006786334,,,"                    ",,,,,,,,,adrian,"2026-04-20 13:47:39",adrian,"2026-05-04 15:35:13",72,,PO,,,"2026-05-18 00:00:00",,,PO,,,,,,,,NUULY,CD1059,"2026-04-20 00:00:00",2.00,2.00,,"ELEVATOR DISCO",,,,,,,BROWN,24.000000,24.000000,27.8600,Style,,,,,,,,,,,,,,,,,0,0,,0,0,,,,,,,,,,,,,,,,,,,,,,,,,,,,,,,,,,,,,,0.000000,Unpaid,12.0000,24.000000,0,0,0,0,0,0
92,"2026-04-20 00:00:00",,"2026-05-18 00:00:00",STENUE,Closed,,,,0006786309,,,"                    ",,,,,,,,,adrian,"2026-04-20 13:47:23",adrian,"2026-04-20 13:47:23",69,,PO,,,"2026-05-18 00:00:00",,,PO,,,,,,,,NUULY,CD1051,"2026-04-20 00:00:00",2.00,2.00,,"ELEVATOR DISCO",,,,,,,BROWN,35.800000,35.800000,44.0000,Style,,,,,,,,,,,,,,,,,0,0,,0,0,,,,,,,,,,,,,,,,,,,,,,,,,,,,,,,,,,,,,,0.000000,Unpaid,17.9000,35.800000,0,0,0,0,0,0
91,"2026-04-20 00:00:00",,"2026-05-18 00:00:00",STENUE,Closed,,,,0006786293,,,"                    ",,,,,,,,,adrian,"2026-04-20 13:47:10",adrian,"2026-04-20 13:47:10",66,,PO,,,"2026-05-18 00:00:00",,,PO,,,,,,,,NUULY,CD1060,"2026-04-20 00:00:00",2.00,2.00,,"ELEVATOR DISCO",,,,,,,PINK,37.000000,37.000000,36.0000,Style,,,,,,,,,,,,,,,,,0,0,,0,0,,,,,,,,,,,,,,,,,,,,,,,,,,,,,,,,,,,,,,0.000000,Unpaid,18.5000,37.000000,0,0,0,0,0,0
90,"2026-04-20 00:00:00",,"2026-05-18 00:00:00",STENUE,Closed,,,,0006786292,,,"                    ",,,,,,,,,adrian,"2026-04-20 13:43:55",adrian,"2026-04-20 13:43:55",65,,PO,,,"2026-05-18 00:00:00",,,PO,,,,,,,,NUULY,CD1060,"2026-04-20 00:00:00",119.00,109.00,,"ELEVATOR DISCO",,,,,,,PINK,2201.500000,2016.500000,36.0000,Style,,,,,,,,,,,,,,,,,0,0,,0,0,,,,,,,,,,,,,,,,,,,,,,,,,,,,,,,,,,,,,,0.000000,Unpaid,18.5000,2201.500000,0,0,0,0,0,0
89,"2026-04-20 00:00:00",,"2026-05-18 00:00:00",STENUE,Closed,,,,0006786291,,,"                    ",,,,,,,,,adrian,"2026-04-20 13:43:31",adrian,"2026-04-20 13:43:31",64,,PO,,,"2026-05-18 00:00:00",,,PO,,,,,,,,NUULY,CD1060,"2026-04-20 00:00:00",79.00,79.00,,"ELEVATOR DISCO",,,,,,,PINK,1461.500000,1461.500000,36.0000,Style,,,,,,,,,,,,,,,,,0,0,,0,0,,,,,,,,,,,,,,,,,,,,,,,,,,,,,,,,,,,,,,0.000000,Unpaid,18.5000,1461.500000,0,0,0,0,0,0
88,"2026-04-20 00:00:00",,"2026-05-18 00:00:00",STENUE,Closed,,,,0006786283,,,"                    ",,,,,,,,,adrian,"2026-04-20 13:42:54",adrian,"2026-04-20 13:42:54",62,,PO,,,"2026-05-18 00:00:00",,,PO,,,,,,,,NUULY,CD1004,"2026-04-20 00:00:00",178.00,174.00,,"ELEVATOR DISCO",,,,,,,PINK,3577.800000,3497.400000,33.0000,Style,,,,,,,,,,,,,,,,,0,0,,0,0,,,,,,,,,,,,,,,,,,,,,,,,,,,,,,,,,,,,,,0.000000,Unpaid,20.1000,3577.800000,0,0,0,0,0,0
87,"2026-04-20 00:00:00",,"2026-05-18 00:00:00",STENUE,Closed,,,,0006786272,,,"                    ",,,,,,,,,adrian,"2026-04-20 13:42:04",adrian,"2026-04-20 13:42:04",59,,PO,,,"2026-05-18 00:00:00",,,PO,,,,,,,,NUULY,CD1050,"2026-04-20 00:00:00",119.00,120.00,,"ELEVATOR DISCO",,,,,,,"PINK MULTI",1725.500000,1740.000000,28.0000,Style,,,,,,,,,,,,,,,,,0,0,,0,0,,,,,,,,,,,,,,,,,,,,,,,,,,,,,,,,,,,,,,0.000000,Unpaid,14.5000,1725.500000,0,0,0,0,0,0
86,"2026-04-20 00:00:00",,"2026-05-18 00:00:00",STENUE,Closed,,,,0006786271,,,"                    ",,,,,,,,,adrian,"2026-04-20 13:41:42",adrian,"2026-04-20 13:41:42",58,,PO,,,"2026-05-18 00:00:00",,,PO,,,,,,,,NUULY,CD1050,"2026-04-20 00:00:00",79.00,81.00,,"ELEVATOR DISCO",,,,,,,"PINK MULTI",1145.500000,1174.500000,28.0000,Style,,,,,,,,,,,,,,,,,0,0,,0,0,,,,,,,,,,,,,,,,,,,,,,,,,,,,,,,,,,,,,,0.000000,Unpaid,14.5000,1145.500000,0,0,0,0,0,0
85,"2026-12-29 00:00:00",,"2026-06-23 00:00:00",STENUE,Open,,,,0006778152,,,MATSON,,,,,,,,,adrian,"2026-04-20 13:41:13",minji,"2026-05-20 15:24:02",57,,PO,,,,,,PO,,,,,,,,"URBAN OUTFITTERS",CS1027,,32.00,0.00,,"ELEVATOR DISCO",,,,,,,"SAGE GREEN",624.000000,0.000000,31.0000,Style,,,,,,,,,,,,,,,,,0,0,,0,0,,,,,,,,,,,,,,,,,,,,,,,,,,,,,,,,,,,,,,0.000000,Unpaid,19.5000,624.000000,0,0,0,0,0,0
84,"2026-04-20 00:00:00",,"2026-05-18 00:00:00",STENUE,Open,,,,0006778151,,,MATSON,,,,,,,,,adrian,"2026-04-20 13:40:57",minji,"2026-05-18 14:02:29",56,,PO,,,"2026-05-18 00:00:00",,,PO,,,,,,,,"URBAN OUTFITTERS",FRT2184B12,"2026-04-20 00:00:00",32.00,0.00,,"ELEVATOR DISCO",,,,,,,"SAGE GREEN",416.000000,0.000000,28.0000,Style,,,,,,,,,,,,,,,,,0,0,,0,0,,,,,,,,,,,,,,,,,,,,,,,,,,,,,,,,,,,,,,0.000000,Unpaid,0.0000,0.000000,0,0,0,0,0,0
83,"2026-04-20 00:00:00",,"2026-06-23 00:00:00",STENUE,Open,,,,0006778150,,,MATSON,,,,,,,,,adrian,"2026-04-20 13:40:43",minji,"2026-05-13 15:24:47",55,,PO,,,,,,PO,,,,,,,,"URBAN OUTFITTERS",SET8341B,,38.00,0.00,,"ELEVATOR DISCO",,,,,,,BROWN,524.400000,0.000000,28.0000,Style,,,,,,,,,,,,,,,,,0,0,,0,0,,,,,,,,,,,,,,,,,,,,,,,,,,,,,,,,,,,,,,0.000000,Unpaid,0.0000,0.000000,0,0,0,0,0,0
82,"2026-04-20 00:00:00",,"2026-06-23 00:00:00",STENUE,Open,,,,0006778149,,,MATSON,,,,,,,,,adrian,"2026-04-20 13:40:31",minji,"2026-05-13 15:20:00",54,,PO,,,,,,PO,,,,,,,,"URBAN OUTFITTERS",SET8341A,,38.00,0.00,,"ELEVATOR DISCO",,,,,,,BROWN,532.000000,0.000000,24.0000,Style,,,,,,,,,,,,,,,,,0,0,,0,0,,,,,,,,,,,,,,,,,,,,,,,,,,,,,,,,,,,,,,0.000000,Unpaid,0.0000,0.000000,0,0,0,0,0,0
81,"2026-04-20 00:00:00",,"2026-05-18 00:00:00",STENUE,Closed,,,,0006778102,,,"                    ",,,,,,,,,adrian,"2026-04-20 13:40:17",adrian,"2026-04-20 13:40:17",53,,PO,,,"2026-05-18 00:00:00",,,PO,,,,,,,,"URBAN OUTFITTERS",CD1040,"2026-04-20 00:00:00",30.00,30.00,,"ELEVATOR DISCO",,,,,,,FUCHSIA,0.000000,0.000000,31.0000,Style,,,,,,,,,,,,,,,,,0,0,,0,0,,,,,,,,,,,,,,,,,,,,,,,,,,,,,,,,,,,,,,0.000000,Unpaid,0.0000,0.000000,0,0,0,0,0,0
80,"2026-04-20 00:00:00",,"2026-05-18 00:00:00",INLOOK,Closed,,,,0006778101,,,"                    ",,,,,,,,,adrian,"2026-04-20 13:40:03",Marie,"2026-06-05 16:25:18",52,,PO,,,"2026-05-18 00:00:00",,,PO,,,,,,,,"URBAN OUTFITTERS",CP1004,"2026-04-20 00:00:00",40.00,40.00,,"ELEVATOR DISCO",,,,,,,WHITE,358.000000,358.000000,24.0000,Style,,,,,,,,,,,,,,,,,0,0,,0,0,,,,,,,,,,,,,,,,,,,,,,,,,,,,,,,,,,,,,,0.000000,Unpaid,8.9500,358.000000,0,0,0,0,0,0
79,"2026-04-20 00:00:00",,"2026-06-30 00:00:00",STENUE,Closed,,,,0006778100,,,"                    ",,,,,,,,,adrian,"2026-04-20 13:39:50",minji,"2026-05-08 08:55:15",51,,PO,,,"2026-05-18 00:00:00",,,PO,,,,,,,,"URBAN OUTFITTERS",FRT2291,"2026-04-20 00:00:00",40.00,41.00,,"ELEVATOR DISCO",,,,,,,WHITE,558.000000,571.950000,24.0000,Style,,,,,,,,,,,,,,,,,0,0,,0,0,,,,,,,,,,,,,,,,,,,,,,,,,,,,,,,,,,,,,,0.000000,Unpaid,13.9500,558.000000,0,0,0,0,0,0
78,"2026-04-20 00:00:00",,"2026-05-18 00:00:00",STENUE,Open,,,,0006778050,,,"                    ",,,,,,,,,adrian,"2026-04-20 13:39:34",adrian,"2026-04-20 13:39:34",50,,PO,,,"2026-05-18 00:00:00",,,PO,,,,,,,,"URBAN OUTFITTERS",CD1041A,"2026-04-20 00:00:00",22.00,0.00,,"ELEVATOR DISCO",,,,,,,"BLACK WHITE",440.000000,0.000000,45.0000,Style,,,,,,,,,,,,,,,,,0,0,,0,0,,,,,,,,,,,,,,,,,,,,,,,,,,,,,,,,,,,,,,0.000000,Unpaid,20.0000,440.000000,0,0,0,0,0,0
77,"2026-04-20 00:00:00",,"2026-05-18 00:00:00",STENUE,Open,,,,0006778049,,,"                    ",,,,,,,,,adrian,"2026-04-20 13:36:00",adrian,"2026-05-06 10:31:59",49,,PO,,,"2026-05-18 00:00:00",,,PO,,,,,,,,"URBAN OUTFITTERS",CP1010,"2026-04-20 00:00:00",40.00,0.00,,"ELEVATOR DISCO",,,,,,,"PINK CREAM",440.000000,0.000000,24.0000,Style,,,,,,,,,,,,,,,,,0,0,,0,0,,,,,,,,,,,,,,,,,,,P1301,,,,,,,,,,,,,,,,,,,0.000000,Unpaid,11.0000,440.000000,0,0,0,0,0,0
76,"2026-04-20 00:00:00",,"2026-05-18 00:00:00",STENUE,Closed,,,,0006778048,,,"                    ",,,,,,,,,adrian,"2026-04-20 13:35:46",adrian,"2026-04-20 13:35:46",48,,PO,,,"2026-05-18 00:00:00",,,PO,,,,,,,,"URBAN OUTFITTERS",CT1015,"2026-04-20 00:00:00",40.00,39.00,,"ELEVATOR DISCO",,,,,,,"PINK CREAM",492.000000,479.700000,28.0000,Style,,,,,,,,,,,,,,,,,0,0,,0,0,,,,,,,,,,,,,,,,,,,,,,,,,,,,,,,,,,,,,,0.000000,Unpaid,12.3000,492.000000,0,0,0,0,0,0
75,"2026-04-20 00:00:00",,"2026-05-18 00:00:00",STENUE,Closed,,,,0006778024,,,"                    ",,,,,,,,,adrian,"2026-04-20 13:35:30",adrian,"2026-04-20 13:35:30",47,,PO,,,"2026-05-18 00:00:00",,,PO,,,,,,,,"URBAN OUTFITTERS",FRD1787,"2026-04-20 00:00:00",35.00,38.00,,"ELEVATOR DISCO",,,,,,,WHITE,0.000000,0.000000,27.8600,Style,,,,,,,,,,,,,,,,,0,0,,0,0,,,,,,,,,,,,,,,,,,,,,,,,,,,,,,,,,,,,,,0.000000,Unpaid,0.0000,0.000000,0,0,0,0,0,0
74,"2026-04-20 00:00:00",,"2026-05-18 00:00:00",STENUE,Open,,,,0006778023,,,"                    ",,,,,,,,,adrian,"2026-04-20 13:35:14",adrian,"2026-04-20 13:35:14",46,,PO,,,"2026-05-18 00:00:00",,,PO,,,,,,,,"URBAN OUTFITTERS",CD1034,"2026-04-20 00:00:00",35.00,0.00,,"ELEVATOR DISCO",,,,,,,CREAM,0.000000,0.000000,36.0000,Style,,,,,,,,,,,,,,,,,0,0,,0,0,,,,,,,,,,,,,,,,,,,,,,,,,,,,,,,,,,,,,,0.000000,Unpaid,0.0000,0.000000,0,0,0,0,0,0
73,"2026-04-20 00:00:00",,"2026-05-18 00:00:00",STENUE,Open,,,,0006778022,,,"                    ",,,,,,,,,adrian,"2026-04-20 13:35:01",adrian,"2026-04-20 13:35:01",45,,PO,,,"2026-05-18 00:00:00",,,PO,,,,,,,,"URBAN OUTFITTERS",CD1024,"2026-04-20 00:00:00",20.00,0.00,,"ELEVATOR DISCO",,,,,,,BLACK,312.000000,0.000000,46.0000,Style,,,,,,,,,,,,,,,,,0,0,,0,0,,,,,,,,,,,,,,,,,,,,,,,,,,,,,,,,,,,,,,0.000000,Unpaid,15.6000,312.000000,0,0,0,0,0,0
72,"2026-04-20 00:00:00",,"2026-05-18 00:00:00",STENUE,Closed,,,,0006777973,,,"                    ",,,,,,,,,adrian,"2026-04-20 13:34:45",adrian,"2026-05-27 13:10:43",44,,PO,,,"2026-05-18 00:00:00",,,PO,,,,,,,,"URBAN OUTFITTERS",FRP3047,"2026-04-20 00:00:00",45.00,45.00,,"ELEVATOR DISCO",,,,,,,"WHITE BLACK",483.750000,483.750000,24.0000,Style,,,,,,,,,,,,,,,,,0,0,,0,0,,,,,,,,,,,,,,,,,,,P1307,,,,,,,,,,,,,,,,,,,0.000000,Unpaid,10.7500,483.750000,0,0,0,0,0,0
71,"2026-04-20 00:00:00",,"2026-05-18 00:00:00",STENUE,Closed,,,,0006777972,,,"                    ",,,,,,,,,adrian,"2026-04-20 13:34:29",adrian,"2026-05-27 13:13:30",43,,PO,,,"2026-05-18 00:00:00",,,PO,,,,,,,,"URBAN OUTFITTERS",CT1002,"2026-04-20 00:00:00",45.00,45.00,,"ELEVATOR DISCO",,,,,,,WHITE,373.500000,373.500000,21.0000,Style,,,,,,,,,,,,,,,,,0,0,,0,0,,,,,,,,,,,,,,,,,,,P1306,,,,,,,,,,,,,,,,,,,0.000000,Unpaid,8.3000,373.500000,0,0,0,0,0,0
70,"2026-04-20 00:00:00",,"2026-05-18 00:00:00",STENUE,Closed,,,,0006777971,,,"                    ",,,,,,,,,adrian,"2026-04-20 13:34:10",adrian,"2026-04-20 13:34:10",42,,PO,,,"2026-05-18 00:00:00",,,PO,,,,,,,,"URBAN OUTFITTERS",CS1002,"2026-04-20 00:00:00",40.00,35.00,,"ELEVATOR DISCO",,,,,,,PINK,592.000000,518.000000,31.0000,Style,,,,,,,,,,,,,,,,,0,0,,0,0,,,,,,,,,,,,,,,,,,,,,,,,,,,,,,,,,,,,,,0.000000,Unpaid,14.8000,592.000000,0,0,0,0,0,0
69,"2026-04-20 00:00:00",,"2026-05-18 00:00:00",STENUE,Closed,,,,0006777942,,,"                    ",,,,,,,,,adrian,"2026-04-20 13:33:55",adrian,"2026-05-20 15:10:46",41,,PO,,,"2026-05-18 00:00:00",,,PO,,,,,,,,"URBAN OUTFITTERS",CD1061,"2026-04-20 00:00:00",25.00,25.00,,"ELEVATOR DISCO",,,,,,,WHITE,550.000000,550.000000,45.0000,Style,,,,,,,,,,,,,,,,,0,0,,0,0,,,,,,,,,,,,,,,,,,,P1298,,,,,,,,,,,,,,,,,,,0.000000,Unpaid,22.0000,550.000000,0,0,0,0,0,0
68,"2026-04-20 00:00:00",,"2026-05-18 00:00:00",STENUE,Closed,,,,0006777941,,,"                    ",,,,,,,,,adrian,"2026-04-20 13:33:39",adrian,"2026-05-15 11:45:40",40,,PO,,,"2026-05-18 00:00:00",,,PO,,,,,,,,"URBAN OUTFITTERS",EDX2815V,"2026-04-20 00:00:00",38.00,37.00,,"ELEVATOR DISCO",,,,,,,PINK,524.400000,510.600000,28.0000,Style,,,,,,,,,,,,,,,,,0,0,,0,0,,,,,,,,,,,,,,,,,,,P1297,,,,,,,,,,,,,,,,,,,0.000000,Unpaid,13.8000,524.400000,0,0,0,0,0,0
67,"2026-04-20 00:00:00",,"2026-05-18 00:00:00",STENUE,Closed,,,,0006777940,,,"                    ",,,,,,,,,adrian,"2026-04-20 13:33:28",adrian,"2026-05-15 11:38:03",39,,PO,,,"2026-05-18 00:00:00",,,PO,,,,,,,,"URBAN OUTFITTERS",CD1013,"2026-04-20 00:00:00",35.00,37.00,,"ELEVATOR DISCO",,,,,,,"LIGHT BLUE",661.500000,699.300000,36.0000,Style,,,,,,,,,,,,,,,,,0,0,,0,0,,,,,,,,,,,,,,,,,,,P1290,,,,,,,,,,,,,,,,,,,0.000000,Unpaid,18.9000,661.500000,0,0,0,0,0,0
66,"2026-04-20 00:00:00",,"2026-05-18 00:00:00",STENUE,Closed,,,,0006777891,,,"                    ",,,,,,,,,adrian,"2026-04-20 13:33:14",adrian,"2026-04-20 13:33:14",38,,PO,,,"2026-05-18 00:00:00",,,PO,,,,,,,,"URBAN OUTFITTERS",CD1042,"2026-04-20 00:00:00",38.00,38.00,,"ELEVATOR DISCO",,,,,,,PINK,577.600000,577.600000,36.0000,Style,,,,,,,,,,,,,,,,,0,0,,0,0,,,,,,,,,,,,,,,,,,,,,,,,,,,,,,,,,,,,,,0.000000,Unpaid,15.2000,577.600000,0,0,0,0,0,0
65,"2026-04-20 00:00:00",,"2026-05-18 00:00:00",STENUE,Closed,,,,0006777890,,,"                    ",,,,,,,,,adrian,"2026-04-20 13:32:43",mike,"2026-05-28 10:37:00",37,,PO,,,"2026-05-18 00:00:00",,,PO,,,,,,,,"URBAN OUTFITTERS",CD1056,"2026-04-20 00:00:00",30.00,30.00,,"ELEVATOR DISCO",,,,,,,PINK,405.000000,405.000000,31.0000,Style,,,,,,,,,,,,,,,,,0,0,,0,0,,,,,,,,,,,,,,,,,,,,,,,,,,,,,,,,,,,,,,0.000000,Unpaid,13.5000,405.000000,0,0,0,0,0,0
64,"2026-04-20 00:00:00",,"2026-05-18 00:00:00",STENUE,Closed,,,,0006777889,,,"                    ",,,,,,,,,adrian,"2026-04-20 13:32:29",adrian,"2026-05-27 13:12:10",36,,PO,,,"2026-05-18 00:00:00",,,PO,,,,,,,,"URBAN OUTFITTERS",CD1028,"2026-04-20 00:00:00",35.00,34.00,,"ELEVATOR DISCO",,,,,,,WHITE,507.500000,493.000000,33.0000,Style,,,,,,,,,,,,,,,,,0,0,,0,0,,,,,,,,,,,,,,,,,,,P1291,,,,,,,,,,,,,,,,,,,0.000000,Unpaid,14.5000,507.500000,0,0,0,0,0,0
63,"2026-04-20 00:00:00",,"2026-05-26 00:00:00",STENUE,Closed,,,,0006777817,,,"                    ",,,,,,,,,adrian,"2026-04-20 13:32:15",minji,"2026-05-20 14:06:06",35,,PO,,,,,,PO,,,,,,,,"URBAN OUTFITTERS",CD1055,,28.00,28.00,,"ELEVATOR DISCO",,,,,,,WHITE,756.000000,756.000000,47.0000,Style,,,,,,,,,,,,,,,,,0,0,,0,0,,,,,,,,,,,,,,,,,,,,,,,,,,,,,,,,,,,,,,0.000000,Unpaid,27.0000,756.000000,0,0,0,0,0,0
62,"2026-04-20 00:00:00",,"2026-05-18 00:00:00",STENUE,Closed,,,,0006777816,,,"                    ",,,,,,,,,adrian,"2026-04-20 13:32:00",adrian,"2026-05-27 13:14:21",34,,PO,,,"2026-05-18 00:00:00",,,PO,,,,,,,,"URBAN OUTFITTERS",CD1023,"2026-04-20 00:00:00",35.00,40.00,,"ELEVATOR DISCO",,,,,,,"BLUE MULTI",423.500000,484.000000,28.0000,Style,,,,,,,,,,,,,,,,,0,0,,0,0,,,,,,,,,,,,,,,,,,,P1302,,,,,,,,,,,,,,,,,,,0.000000,Unpaid,12.1000,423.500000,0,0,0,0,0,0
61,"2026-04-20 00:00:00",,"2026-05-18 00:00:00",STENUE,Closed,,,,0006777815,,,"                    ",,,,,,,,,adrian,"2026-04-20 13:31:46",adrian,"2026-05-15 11:48:39",33,,PO,,,"2026-05-18 00:00:00",,,PO,,,,,,,,"URBAN OUTFITTERS",CD1060,"2026-04-20 00:00:00",25.00,25.00,,"ELEVATOR DISCO",,,,,,,PINK,462.500000,462.500000,36.0000,Style,,,,,,,,,,,,,,,,,0,0,,0,0,,,,,,,,,,,,,,,,,,,P1289,,,,,,,,,,,,,,,,,,,0.000000,Unpaid,18.5000,462.500000,0,0,0,0,0,0
60,"2026-04-20 00:00:00",,"2026-05-18 00:00:00",STENUE,Open,,,,0006764810,,,"                    ",,,,,,,,,adrian,"2026-04-20 13:31:24",adrian,"2026-04-20 13:31:24",32,,PO,,,"2026-05-18 00:00:00",,,PO,,,,,,,,ANTHROPOLOGIE,CD1048PT,"2026-04-20 00:00:00",39.00,0.00,,"ELEVATOR DISCO",,,,,,,"YELLOW PINK",538.200000,0.000000,33.0000,Style,,,,,,,,,,,,,,,,,0,0,,0,0,,,,,,,,,,,,,,,,,,,,,,,,,,,,,,,,,,,,,,0.000000,Unpaid,13.8000,538.200000,0,0,0,0,0,0
59,"2026-04-20 00:00:00",,"2026-05-18 00:00:00",STENUE,Open,,,,0006764810,,,"                    ",,,,,,,,,adrian,"2026-04-20 13:31:23",adrian,"2026-04-20 13:31:23",32,,PO,,,"2026-05-18 00:00:00",,,PO,,,,,,,,ANTHROPOLOGIE,CD1048PL,"2026-04-20 00:00:00",39.00,0.00,,"ELEVATOR DISCO",,,,,,,"YELLOW PINK",538.200000,0.000000,35.0000,Style,,,,,,,,,,,,,,,,,0,0,,0,0,,,,,,,,,,,,,,,,,,,,,,,,,,,,,,,,,,,,,,0.000000,Unpaid,13.8000,538.200000,0,0,0,0,0,0
58,"2026-04-20 00:00:00",,"2026-05-18 00:00:00",STENUE,Open,,,,0006764809,,,"                    ",,,,,,,,,adrian,"2026-04-20 13:31:05",adrian,"2026-04-20 13:31:05",31,,PO,,,"2026-05-18 00:00:00",,,PO,,,,,,,,ANTHROPOLOGIE,CD1048PT,"2026-04-20 00:00:00",12.00,0.00,,"ELEVATOR DISCO",,,,,,,"YELLOW PINK",165.600000,0.000000,33.0000,Style,,,,,,,,,,,,,,,,,0,0,,0,0,,,,,,,,,,,,,,,,,,,,,,,,,,,,,,,,,,,,,,0.000000,Unpaid,13.8000,165.600000,0,0,0,0,0,0
57,"2026-04-20 00:00:00",,"2026-05-18 00:00:00",STENUE,Open,,,,0006764809,,,"                    ",,,,,,,,,adrian,"2026-04-20 13:31:05",adrian,"2026-04-20 13:31:05",31,,PO,,,"2026-05-18 00:00:00",,,PO,,,,,,,,ANTHROPOLOGIE,CD1048PL,"2026-04-20 00:00:00",13.00,0.00,,"ELEVATOR DISCO",,,,,,,"YELLOW PINK",179.400000,0.000000,35.0000,Style,,,,,,,,,,,,,,,,,0,0,,0,0,,,,,,,,,,,,,,,,,,,,,,,,,,,,,,,,,,,,,,0.000000,Unpaid,13.8000,179.400000,0,0,0,0,0,0
56,"2026-04-20 00:00:00",,"2026-05-18 00:00:00",STENUE,Open,,,,0006764808,,,"                    ",,,,,,,,,adrian,"2026-04-20 13:30:45",adrian,"2026-04-20 13:30:45",30,,PO,,,"2026-05-18 00:00:00",,,PO,,,,,,,,ANTHROPOLOGIE,CD1048PT,"2026-04-20 00:00:00",9.00,0.00,,"ELEVATOR DISCO",,,,,,,"YELLOW PINK",124.200000,0.000000,33.0000,Style,,,,,,,,,,,,,,,,,0,0,,0,0,,,,,,,,,,,,,,,,,,,,,,,,,,,,,,,,,,,,,,0.000000,Unpaid,13.8000,124.200000,0,0,0,0,0,0
55,"2026-04-20 00:00:00",,"2026-05-18 00:00:00",STENUE,Open,,,,0006764808,,,"                    ",,,,,,,,,adrian,"2026-04-20 13:30:44",adrian,"2026-04-20 13:30:44",30,,PO,,,"2026-05-18 00:00:00",,,PO,,,,,,,,ANTHROPOLOGIE,CD1048PL,"2026-04-20 00:00:00",8.00,0.00,,"ELEVATOR DISCO",,,,,,,"YELLOW PINK",110.400000,0.000000,35.0000,Style,,,,,,,,,,,,,,,,,0,0,,0,0,,,,,,,,,,,,,,,,,,,,,,,,,,,,,,,,,,,,,,0.000000,Unpaid,13.8000,110.400000,0,0,0,0,0,0
54,"2026-04-20 00:00:00",,"2026-05-18 00:00:00",STENUE,Open,,,,0006764804,,,"                    ",,,,,,,,,adrian,"2026-04-20 13:30:21",adrian,"2026-04-20 13:30:21",29,,PO,,,"2026-05-18 00:00:00",,,PO,,,,,,,,ANTHROPOLOGIE,CD1034PT,"2026-04-20 00:00:00",50.00,0.00,,"ELEVATOR DISCO",,,,,,,CREAM,0.000000,0.000000,36.0000,Style,,,,,,,,,,,,,,,,,0,0,,0,0,,,,,,,,,,,,,,,,,,,,,,,,,,,,,,,,,,,,,,0.000000,Unpaid,0.0000,0.000000,0,0,0,0,0,0
53,"2026-04-20 00:00:00",,"2026-05-18 00:00:00",STENUE,Open,,,,0006764804,,,"                    ",,,,,,,,,adrian,"2026-04-20 13:30:21",adrian,"2026-04-20 13:30:21",29,,PO,,,"2026-05-18 00:00:00",,,PO,,,,,,,,ANTHROPOLOGIE,CD1034PL,"2026-04-20 00:00:00",40.00,0.00,,"ELEVATOR DISCO",,,,,,,CREAM,0.000000,0.000000,38.0000,Style,,,,,,,,,,,,,,,,,0,0,,0,0,,,,,,,,,,,,,,,,,,,,,,,,,,,,,,,,,,,,,,0.000000,Unpaid,0.0000,0.000000,0,0,0,0,0,0
52,"2026-04-20 00:00:00",,"2026-05-18 00:00:00",STENUE,Open,,,,0006764803,,,"                    ",,,,,,,,,adrian,"2026-04-20 13:29:37",adrian,"2026-04-20 13:29:37",27,,PO,,,"2026-05-18 00:00:00",,,PO,,,,,,,,ANTHROPOLOGIE,CD1034PT,"2026-04-20 00:00:00",29.00,0.00,,"ELEVATOR DISCO",,,,,,,CREAM,0.000000,0.000000,36.0000,Style,,,,,,,,,,,,,,,,,0,0,,0,0,,,,,,,,,,,,,,,,,,,,,,,,,,,,,,,,,,,,,,0.000000,Unpaid,0.0000,0.000000,0,0,0,0,0,0
51,"2026-04-20 00:00:00",,"2026-05-18 00:00:00",STENUE,Open,,,,0006764803,,,"                    ",,,,,,,,,adrian,"2026-04-20 13:29:37",adrian,"2026-04-20 13:29:37",27,,PO,,,"2026-05-18 00:00:00",,,PO,,,,,,,,ANTHROPOLOGIE,CD1034PL,"2026-04-20 00:00:00",48.00,0.00,,"ELEVATOR DISCO",,,,,,,CREAM,0.000000,0.000000,38.0000,Style,,,,,,,,,,,,,,,,,0,0,,0,0,,,,,,,,,,,,,,,,,,,,,,,,,,,,,,,,,,,,,,0.000000,Unpaid,0.0000,0.000000,0,0,0,0,0,0
50,"2026-04-20 00:00:00",,"2026-05-18 00:00:00",STENUE,Open,,,,0006764802,,,"                    ",,,,,,,,,adrian,"2026-04-20 13:28:56",adrian,"2026-04-20 13:28:56",26,,PO,,,"2026-05-18 00:00:00",,,PO,,,,,,,,ANTHROPOLOGIE,CD1034PT,"2026-04-20 00:00:00",21.00,0.00,,"ELEVATOR DISCO",,,,,,,CREAM,0.000000,0.000000,36.0000,Style,,,,,,,,,,,,,,,,,0,0,,0,0,,,,,,,,,,,,,,,,,,,,,,,,,,,,,,,,,,,,,,0.000000,Unpaid,0.0000,0.000000,0,0,0,0,0,0
49,"2026-04-20 00:00:00",,"2026-05-18 00:00:00",STENUE,Open,,,,0006764802,,,"                    ",,,,,,,,,adrian,"2026-04-20 13:28:56",adrian,"2026-04-20 13:28:56",26,,PO,,,"2026-05-18 00:00:00",,,PO,,,,,,,,ANTHROPOLOGIE,CD1034PL,"2026-04-20 00:00:00",16.00,0.00,,"ELEVATOR DISCO",,,,,,,CREAM,0.000000,0.000000,38.0000,Style,,,,,,,,,,,,,,,,,0,0,,0,0,,,,,,,,,,,,,,,,,,,,,,,,,,,,,,,,,,,,,,0.000000,Unpaid,0.0000,0.000000,0,0,0,0,0,0
48,"2026-04-20 00:00:00",,"2026-05-18 00:00:00",STENUE,Open,,,,0006764629,,,"                    ",,,,,,,,,adrian,"2026-04-20 13:28:41",adrian,"2026-04-20 13:28:41",25,,PO,,,"2026-05-18 00:00:00",,,PO,,,,,,,,ANTHROPOLOGIE,CD1025,"2026-04-20 00:00:00",100.00,0.00,,"ELEVATOR DISCO",,,,,,,BLACK,1420.000000,0.000000,31.0000,Style,,,,,,,,,,,,,,,,,0,0,,0,0,,,,,,,,,,,,,,,,,,,,,,,,,,,,,,,,,,,,,,0.000000,Unpaid,13.7000,1370.000000,0,0,0,0,0,0
47,"2026-04-20 00:00:00",,"2026-05-18 00:00:00",STENUE,Open,,,,0006764628,,,"                    ",,,,,,,,,adrian,"2026-04-20 13:28:22",adrian,"2026-04-20 13:28:22",24,,PO,,,"2026-05-18 00:00:00",,,PO,,,,,,,,ANTHROPOLOGIE,CD1025,"2026-04-20 00:00:00",60.00,0.00,,"ELEVATOR DISCO",,,,,,,BLACK,852.000000,0.000000,31.0000,Style,,,,,,,,,,,,,,,,,0,0,,0,0,,,,,,,,,,,,,,,,,,,,,,,,,,,,,,,,,,,,,,0.000000,Unpaid,13.7000,822.000000,0,0,0,0,0,0
46,"2026-04-20 00:00:00",,"2026-05-18 00:00:00",STENUE,Open,,,,0006764627,,,"                    ",,,,,,,,,adrian,"2026-04-20 13:28:02",adrian,"2026-04-20 13:28:02",23,,PO,,,"2026-05-18 00:00:00",,,PO,,,,,,,,ANTHROPOLOGIE,CD1025,"2026-04-20 00:00:00",40.00,0.00,,"ELEVATOR DISCO",,,,,,,BLACK,568.000000,0.000000,31.0000,Style,,,,,,,,,,,,,,,,,0,0,,0,0,,,,,,,,,,,,,,,,,,,,,,,,,,,,,,,,,,,,,,0.000000,Unpaid,13.7000,548.000000,0,0,0,0,0,0
45,"2026-04-20 00:00:00",,"2026-05-18 00:00:00",STENUE,Open,,,,0006764827,,,"                    ",,,,,,,,,adrian,"2026-04-20 13:27:42",adrian,"2026-04-20 13:27:42",22,,PO,,,"2026-05-18 00:00:00",,,PO,,,,,,,,ANTHROPOLOGIE,CD1058PT,"2026-04-20 00:00:00",40.00,0.00,,"ELEVATOR DISCO",,,,,,,BROWN,660.000000,0.000000,42.0000,Style,,,,,,,,,,,,,,,,,0,0,,0,0,,,,,,,,,,,,,,,,,,,,,,,,,,,,,,,,,,,,,,0.000000,Unpaid,16.5000,660.000000,0,0,0,0,0,0
44,"2026-04-20 00:00:00",,"2026-05-18 00:00:00",STENUE,Open,,,,0006764827,,,"                    ",,,,,,,,,adrian,"2026-04-20 13:27:41",adrian,"2026-04-20 13:27:41",22,,PO,,,"2026-05-18 00:00:00",,,PO,,,,,,,,ANTHROPOLOGIE,CD1058PL,"2026-04-20 00:00:00",30.00,0.00,,"ELEVATOR DISCO",,,,,,,BROWN,495.000000,0.000000,44.0000,Style,,,,,,,,,,,,,,,,,0,0,,0,0,,,,,,,,,,,,,,,,,,,,,,,,,,,,,,,,,,,,,,0.000000,Unpaid,16.5000,495.000000,0,0,0,0,0,0
43,"2026-04-20 00:00:00",,"2026-05-18 00:00:00",STENUE,Open,,,,0006764826,,,"                    ",,,,,,,,,adrian,"2026-04-20 13:27:20",adrian,"2026-04-20 13:27:20",21,,PO,,,"2026-05-18 00:00:00",,,PO,,,,,,,,ANTHROPOLOGIE,CD1058PT,"2026-04-20 00:00:00",23.00,0.00,,"ELEVATOR DISCO",,,,,,,BROWN,379.500000,0.000000,42.0000,Style,,,,,,,,,,,,,,,,,0,0,,0,0,,,,,,,,,,,,,,,,,,,,,,,,,,,,,,,,,,,,,,0.000000,Unpaid,16.5000,379.500000,0,0,0,0,0,0
42,"2026-04-20 00:00:00",,"2026-05-18 00:00:00",STENUE,Open,,,,0006764826,,,"                    ",,,,,,,,,adrian,"2026-04-20 13:27:20",adrian,"2026-04-20 13:27:20",21,,PO,,,"2026-05-18 00:00:00",,,PO,,,,,,,,ANTHROPOLOGIE,CD1058PL,"2026-04-20 00:00:00",18.00,0.00,,"ELEVATOR DISCO",,,,,,,BROWN,297.000000,0.000000,44.0000,Style,,,,,,,,,,,,,,,,,0,0,,0,0,,,,,,,,,,,,,,,,,,,,,,,,,,,,,,,,,,,,,,0.000000,Unpaid,16.5000,297.000000,0,0,0,0,0,0
41,"2026-04-20 00:00:00",,"2026-05-18 00:00:00",STENUE,Open,,,,0006764825,,,"                    ",,,,,,,,,adrian,"2026-04-20 13:26:58",adrian,"2026-04-20 13:26:58",20,,PO,,,"2026-05-18 00:00:00",,,PO,,,,,,,,ANTHROPOLOGIE,CD1058PT,"2026-04-20 00:00:00",17.00,0.00,,"ELEVATOR DISCO",,,,,,,BROWN,280.500000,0.000000,42.0000,Style,,,,,,,,,,,,,,,,,0,0,,0,0,,,,,,,,,,,,,,,,,,,,,,,,,,,,,,,,,,,,,,0.000000,Unpaid,16.5000,280.500000,0,0,0,0,0,0
40,"2026-04-20 00:00:00",,"2026-05-18 00:00:00",STENUE,Open,,,,0006764825,,,"                    ",,,,,,,,,adrian,"2026-04-20 13:26:58",adrian,"2026-04-20 13:26:58",20,,PO,,,"2026-05-18 00:00:00",,,PO,,,,,,,,ANTHROPOLOGIE,CD1058PL,"2026-04-20 00:00:00",12.00,0.00,,"ELEVATOR DISCO",,,,,,,BROWN,198.000000,0.000000,44.0000,Style,,,,,,,,,,,,,,,,,0,0,,0,0,,,,,,,,,,,,,,,,,,,,,,,,,,,,,,,,,,,,,,0.000000,Unpaid,16.5000,198.000000,0,0,0,0,0,0
39,"2026-04-20 00:00:00",,"2026-05-18 00:00:00",STENUE,Closed,,,,0006764718,,,"                    ",,,,,,,,,adrian,"2026-04-20 13:26:40",minji,"2026-05-11 18:01:49",19,,PO,,,"2026-05-18 00:00:00",,,PO,,,,,,,,ANTHROPOLOGIE,CD1009PT,"2026-04-20 00:00:00",60.00,60.00,,"ELEVATOR DISCO",,,,,,,CREAM,1290.000000,1290.000000,46.0000,Style,,,,,,,,,,,,,,,,,0,0,,0,0,,,,,,,,,,,,,,,,,,,,,,,,,,,,,,,,,,,,,,0.000000,Unpaid,0.0000,0.000000,0,0,0,0,0,0
38,"2026-04-20 00:00:00",,"2026-05-18 00:00:00",STENUE,Open,,,,0006764702,,,"                    ",,,,,,,,,adrian,"2026-04-20 13:26:24",adrian,"2026-04-20 13:26:24",18,,PO,,,"2026-05-18 00:00:00",,,PO,,,,,,,,ANTHROPOLOGIE,CD1032PT,"2026-04-20 00:00:00",78.00,0.00,,"ELEVATOR DISCO",,,,,,,"BLACK WHITE",1482.000000,0.000000,44.0000,Style,,,,,,,,,,,,,,,,,0,0,,0,0,,,,,,,,,,,,,,,,,,,,,,,,,,,,,,,,,,,,,,0.000000,Unpaid,19.0000,1482.000000,0,0,0,0,0,0
37,"2026-04-20 00:00:00",,"2026-05-18 00:00:00",STENUE,Open,,,,0006764702,,,"                    ",,,,,,,,,adrian,"2026-04-20 13:26:23",adrian,"2026-04-20 13:26:23",18,,PO,,,"2026-05-18 00:00:00",,,PO,,,,,,,,ANTHROPOLOGIE,CD1032PL,"2026-04-20 00:00:00",52.00,0.00,,"ELEVATOR DISCO",,,,,,,"BLACK WHITE",988.000000,0.000000,46.0000,Style,,,,,,,,,,,,,,,,,0,0,,0,0,,,,,,,,,,,,,,,,,,,,,,,,,,,,,,,,,,,,,,0.000000,Unpaid,19.0000,988.000000,0,0,0,0,0,0
36,"2026-04-20 00:00:00",,"2026-05-18 00:00:00",STENUE,Open,,,,0006764701,,,"                    ",,,,,,,,,adrian,"2026-04-20 13:26:03",adrian,"2026-04-20 13:26:03",17,,PO,,,"2026-05-18 00:00:00",,,PO,,,,,,,,ANTHROPOLOGIE,CD1032PT,"2026-04-20 00:00:00",24.00,0.00,,"ELEVATOR DISCO",,,,,,,"BLACK WHITE",456.000000,0.000000,44.0000,Style,,,,,,,,,,,,,,,,,0,0,,0,0,,,,,,,,,,,,,,,,,,,,,,,,,,,,,,,,,,,,,,0.000000,Unpaid,19.0000,456.000000,0,0,0,0,0,0
35,"2026-04-20 00:00:00",,"2026-05-18 00:00:00",STENUE,Open,,,,0006764701,,,"                    ",,,,,,,,,adrian,"2026-04-20 13:26:03",adrian,"2026-04-20 13:26:03",17,,PO,,,"2026-05-18 00:00:00",,,PO,,,,,,,,ANTHROPOLOGIE,CD1032PL,"2026-04-20 00:00:00",17.00,0.00,,"ELEVATOR DISCO",,,,,,,"BLACK WHITE",323.000000,0.000000,46.0000,Style,,,,,,,,,,,,,,,,,0,0,,0,0,,,,,,,,,,,,,,,,,,,,,,,,,,,,,,,,,,,,,,0.000000,Unpaid,19.0000,323.000000,0,0,0,0,0,0
34,"2026-04-20 00:00:00",,"2026-05-18 00:00:00",STENUE,Closed,,,,0006764632,,,"                    ",,,,,,,,,adrian,"2026-04-20 13:25:38",adrian,"2026-04-20 13:25:38",16,,PO,,,"2026-05-18 00:00:00",,,PO,,,,,,,,ANTHROPOLOGIE,CP1026,"2026-04-20 00:00:00",75.00,84.00,,"ELEVATOR DISCO",,,,,,,BROWN,900.000000,1008.000000,31.0000,Style,,,,,,,,,,,,,,,,,0,0,,0,0,,,,,,,,,,,,,,,,,,,,,,,,,,,,,,,,,,,,,,0.000000,Unpaid,12.0000,900.000000,0,0,0,0,0,0
33,"2026-04-20 00:00:00",,"2026-05-18 00:00:00",STENUE,Open,,,,0006764700,,,"                    ",,,,,,,,,adrian,"2026-04-20 13:25:21",adrian,"2026-04-20 13:25:21",15,,PO,,,"2026-05-18 00:00:00",,,PO,,,,,,,,ANTHROPOLOGIE,CD1032PT,"2026-04-20 00:00:00",18.00,0.00,,"ELEVATOR DISCO",,,,,,,"BLACK WHITE",342.000000,0.000000,44.0000,Style,,,,,,,,,,,,,,,,,0,0,,0,0,,,,,,,,,,,,,,,,,,,,,,,,,,,,,,,,,,,,,,0.000000,Unpaid,19.0000,342.000000,0,0,0,0,0,0
32,"2026-04-20 00:00:00",,"2026-05-18 00:00:00",STENUE,Open,,,,0006764700,,,"                    ",,,,,,,,,adrian,"2026-04-20 13:25:21",adrian,"2026-04-20 13:25:21",15,,PO,,,"2026-05-18 00:00:00",,,PO,,,,,,,,ANTHROPOLOGIE,CD1032PL,"2026-04-20 00:00:00",11.00,0.00,,"ELEVATOR DISCO",,,,,,,"BLACK WHITE",209.000000,0.000000,46.0000,Style,,,,,,,,,,,,,,,,,0,0,,0,0,,,,,,,,,,,,,,,,,,,,,,,,,,,,,,,,,,,,,,0.000000,Unpaid,19.0000,209.000000,0,0,0,0,0,0
31,"2026-04-20 00:00:00",,"2026-05-18 00:00:00",STENUE,Open,,,,0006764618,,,"                    ",,,,,,,,,adrian,"2026-04-20 13:24:57",adrian,"2026-04-20 13:24:57",14,,PO,,,"2026-05-18 00:00:00",,,PO,,,,,,,,ANTHROPOLOGIE,CD1011PT,"2026-04-20 00:00:00",50.00,0.00,,"ELEVATOR DISCO",,,,,,,"SAGE GREEN",780.000000,0.000000,35.0000,Style,,,,,,,,,,,,,,,,,0,0,,0,0,,,,,,,,,,,,,,,,,,,,,,,,,,,,,,,,,,,,,,0.000000,Unpaid,15.6000,780.000000,0,0,0,0,0,0
30,"2026-04-20 00:00:00",,"2026-05-18 00:00:00",STENUE,Open,,,,0006764618,,,"                    ",,,,,,,,,adrian,"2026-04-20 13:24:56",adrian,"2026-04-20 13:24:56",14,,PO,,,"2026-05-18 00:00:00",,,PO,,,,,,,,ANTHROPOLOGIE,CD1011PL,"2026-04-20 00:00:00",50.00,0.00,,"ELEVATOR DISCO",,,,,,,"SAGE GREEN",780.000000,0.000000,37.0000,Style,,,,,,,,,,,,,,,,,0,0,,0,0,,,,,,,,,,,,,,,,,,,,,,,,,,,,,,,,,,,,,,0.000000,Unpaid,15.6000,780.000000,0,0,0,0,0,0
29,"2026-04-20 00:00:00",,"2026-05-18 00:00:00",STENUE,Open,,,,0006764618,,,"                    ",,,,,,,,,adrian,"2026-04-20 13:24:56",adrian,"2026-04-20 13:24:56",14,,PO,,,"2026-05-18 00:00:00",,,PO,,,,,,,,ANTHROPOLOGIE,CD1011,"2026-04-20 00:00:00",100.00,0.00,,"ELEVATOR DISCO",,,,,,,"SAGE GREEN",1560.000000,0.000000,35.0000,Style,,,,,,,,,,,,,,,,,0,0,,0,0,,,,,,,,,,,,,,,,,,,,,,,,,,,,,,,,,,,,,,0.000000,Unpaid,15.6000,1560.000000,0,0,0,0,0,0
28,"2026-04-20 00:00:00",,"2026-05-18 00:00:00",STENUE,Open,,,,0006764617,,,"                    ",,,,,,,,,adrian,"2026-04-20 13:24:26",adrian,"2026-04-20 13:24:26",13,,PO,,,"2026-05-18 00:00:00",,,PO,,,,,,,,ANTHROPOLOGIE,CD1011PL,"2026-04-20 00:00:00",30.00,0.00,,"ELEVATOR DISCO",,,,,,,"SAGE GREEN",468.000000,0.000000,37.0000,Style,,,,,,,,,,,,,,,,,0,0,,0,0,,,,,,,,,,,,,,,,,,,,,,,,,,,,,,,,,,,,,,0.000000,Unpaid,15.6000,468.000000,0,0,0,0,0,0
27,"2026-04-20 00:00:00",,"2026-05-18 00:00:00",STENUE,Open,,,,0006764617,,,"                    ",,,,,,,,,adrian,"2026-04-20 13:24:26",adrian,"2026-04-20 13:24:26",13,,PO,,,"2026-05-18 00:00:00",,,PO,,,,,,,,ANTHROPOLOGIE,CD1011PT,"2026-04-20 00:00:00",29.00,0.00,,"ELEVATOR DISCO",,,,,,,"SAGE GREEN",452.400000,0.000000,35.0000,Style,,,,,,,,,,,,,,,,,0,0,,0,0,,,,,,,,,,,,,,,,,,,,,,,,,,,,,,,,,,,,,,0.000000,Unpaid,15.6000,452.400000,0,0,0,0,0,0
26,"2026-04-20 00:00:00",,"2026-05-18 00:00:00",STENUE,Open,,,,0006764617,,,"                    ",,,,,,,,,adrian,"2026-04-20 13:24:26",adrian,"2026-04-20 13:24:26",13,,PO,,,"2026-05-18 00:00:00",,,PO,,,,,,,,ANTHROPOLOGIE,CD1011,"2026-04-20 00:00:00",60.00,0.00,,"ELEVATOR DISCO",,,,,,,"SAGE GREEN",936.000000,0.000000,35.0000,Style,,,,,,,,,,,,,,,,,0,0,,0,0,,,,,,,,,,,,,,,,,,,,,,,,,,,,,,,,,,,,,,0.000000,Unpaid,15.6000,936.000000,0,0,0,0,0,0
25,"2026-04-20 00:00:00",,"2026-05-18 00:00:00",STENUE,Open,,,,0006764616,,,"                    ",,,,,,,,,adrian,"2026-04-20 13:24:00",adrian,"2026-04-20 13:24:00",12,,PO,,,"2026-05-18 00:00:00",,,PO,,,,,,,,ANTHROPOLOGIE,CD1011PT,"2026-04-20 00:00:00",21.00,0.00,,"ELEVATOR DISCO",,,,,,,"SAGE GREEN",327.600000,0.000000,35.0000,Style,,,,,,,,,,,,,,,,,0,0,,0,0,,,,,,,,,,,,,,,,,,,,,,,,,,,,,,,,,,,,,,0.000000,Unpaid,15.6000,327.600000,0,0,0,0,0,0
24,"2026-04-20 00:00:00",,"2026-05-18 00:00:00",STENUE,Open,,,,0006764616,,,"                    ",,,,,,,,,adrian,"2026-04-20 13:24:00",adrian,"2026-04-20 13:24:00",12,,PO,,,"2026-05-18 00:00:00",,,PO,,,,,,,,ANTHROPOLOGIE,CD1011PL,"2026-04-20 00:00:00",20.00,0.00,,"ELEVATOR DISCO",,,,,,,"SAGE GREEN",312.000000,0.000000,37.0000,Style,,,,,,,,,,,,,,,,,0,0,,0,0,,,,,,,,,,,,,,,,,,,,,,,,,,,,,,,,,,,,,,0.000000,Unpaid,15.6000,312.000000,0,0,0,0,0,0
23,"2026-04-20 00:00:00",,"2026-05-18 00:00:00",STENUE,Open,,,,0006764616,,,"                    ",,,,,,,,,adrian,"2026-04-20 13:23:59",adrian,"2026-04-20 13:23:59",12,,PO,,,"2026-05-18 00:00:00",,,PO,,,,,,,,ANTHROPOLOGIE,CD1011,"2026-04-20 00:00:00",40.00,0.00,,"ELEVATOR DISCO",,,,,,,"SAGE GREEN",624.000000,0.000000,35.0000,Style,,,,,,,,,,,,,,,,,0,0,,0,0,,,,,,,,,,,,,,,,,,,,,,,,,,,,,,,,,,,,,,0.000000,Unpaid,15.6000,624.000000,0,0,0,0,0,0
22,"2026-04-20 00:00:00",,"2026-05-18 00:00:00",STENUE,Closed,,,,0006764609,,,"                    ",,,,,,,,,adrian,"2026-04-20 13:23:28",adrian,"2026-04-20 13:23:28",11,,PO,,,"2026-05-18 00:00:00",,,PO,,,,,,,,ANTHROPOLOGIE,CD1020,"2026-04-20 00:00:00",75.00,77.00,,"ELEVATOR DISCO",,,,,,,"PINK CREAM",1095.000000,1124.200000,31.0000,Style,,,,,,,,,,,,,,,,,0,0,,0,0,,,,,,,,,,,,,,,,,,,,,,,,,,,,,,,,,,,,,,0.000000,Unpaid,14.6000,1095.000000,0,0,0,0,0,0
21,"2026-04-20 00:00:00",,"2026-05-18 00:00:00",STENUE,Closed,,,,0006764608,,,"                    ",,,,,,,,,adrian,"2026-04-20 13:23:14",adrian,"2026-04-20 13:23:14",10,,PO,,,"2026-05-18 00:00:00",,,PO,,,,,,,,ANTHROPOLOGIE,CD1020,"2026-04-20 00:00:00",45.00,46.00,,"ELEVATOR DISCO",,,,,,,"PINK CREAM",657.000000,671.600000,31.0000,Style,,,,,,,,,,,,,,,,,0,0,,0,0,,,,,,,,,,,,,,,,,,,,,,,,,,,,,,,,,,,,,,0.000000,Unpaid,14.6000,657.000000,0,0,0,0,0,0
20,"2026-04-20 00:00:00",,"2026-05-18 00:00:00",STENUE,Closed,,,,0006764607,,,"                    ",,,,,,,,,adrian,"2026-04-20 13:22:55",adrian,"2026-04-20 13:22:55",9,,PO,,,"2026-05-18 00:00:00",,,PO,,,,,,,,ANTHROPOLOGIE,CD1020,"2026-04-20 00:00:00",30.00,31.00,,"ELEVATOR DISCO",,,,,,,"PINK CREAM",438.000000,452.600000,31.0000,Style,,,,,,,,,,,,,,,,,0,0,,0,0,,,,,,,,,,,,,,,,,,,,,,,,,,,,,,,,,,,,,,0.000000,Unpaid,14.6000,438.000000,0,0,0,0,0,0
19,"2026-04-20 00:00:00",,"2026-05-18 00:00:00",STENUE,Closed,,,,0006764606,,,"                    ",,,,,,,,,adrian,"2026-04-20 13:22:22",minji,"2026-05-11 19:16:35",8,,PO,,,"2026-05-18 00:00:00",,,PO,,,,,,,,ANTHROPOLOGIE,ESWD5332PT,"2026-04-20 00:00:00",52.00,52.00,,"ELEVATOR DISCO",,,,,,,PINK,1456.000000,1456.000000,35.0000,Style,,,,,,,,,,,,,,,,,0,0,,0,0,,,,,,,,,,,,,,,,,,,,,,,,,,,,,,,,,,,,,,0.000000,Unpaid,28.0000,1456.000000,0,0,0,0,0,0
18,"2026-04-20 00:00:00",,"2026-05-18 00:00:00",STENUE,Closed,,,,0006764606,,,"                    ",,,,,,,,,adrian,"2026-04-20 13:22:22",minji,"2026-05-11 19:17:15",8,,PO,,,"2026-05-18 00:00:00",,,PO,,,,,,,,ANTHROPOLOGIE,ESWD5332PL,"2026-04-20 00:00:00",39.00,37.00,,"ELEVATOR DISCO",,,,,,,PINK,1150.500000,1091.500000,37.0000,Style,,,,,,,,,,,,,,,,,0,0,,0,0,,,,,,,,,,,,,,,,,,,,,,,,,,,,,,,,,,,,,,0.000000,Unpaid,29.5000,1150.500000,0,0,0,0,0,0
17,"2026-04-20 00:00:00",,"2026-05-18 00:00:00",STENUE,Closed,,,,0006764606,,,"                    ",,,,,,,,,adrian,"2026-04-20 13:22:22",adrian,"2026-04-20 13:22:22",8,,PO,,,"2026-05-18 00:00:00",,,PO,,,,,,,,ANTHROPOLOGIE,ESWD5332,"2026-04-20 00:00:00",49.00,48.00,,"ELEVATOR DISCO",,,,,,,PINK,0.000000,0.000000,35.0000,Style,,,,,,,,,,,,,,,,,0,0,,0,0,,,,,,,,,,,,,,,,,,,,,,,,,,,,,,,,,,,,,,0.000000,Unpaid,0.0000,0.000000,0,0,0,0,0,0
16,"2026-04-20 00:00:00",,"2026-05-18 00:00:00",STENUE,Closed,,,,0006764605,,,"                    ",,,,,,,,,adrian,"2026-04-20 13:19:09",minji,"2026-05-11 19:17:51",7,,PO,,,"2026-05-18 00:00:00",,,PO,,,,,,,,ANTHROPOLOGIE,ESWD5332PL,"2026-04-20 00:00:00",13.00,13.00,,"ELEVATOR DISCO",,,,,,,PINK,383.500000,383.500000,37.0000,Style,,,,,,,,,,,,,,,,,0,0,,0,0,,,,,,,,,,,,,,,,,,,,,,,,,,,,,,,,,,,,,,0.000000,Unpaid,29.5000,383.500000,0,0,0,0,0,0
15,"2026-12-23 00:00:00",,"2026-05-18 00:00:00",STENUE,Closed,,,,0006764605,,,"                    ",,,,,,,,,adrian,"2026-04-20 13:19:09",minji,"2026-06-10 15:48:23",7,,PO,,,"2026-05-18 00:00:00",,,PO,,,,,,,,ANTHROPOLOGIE,ESWD5332PT,"2026-04-20 00:00:00",16.00,15.00,,"ELEVATOR DISCO",,,,,,,PINK,448.000000,420.000000,35.0000,Style,,,,,,,,,,,,,,,,,0,0,,0,0,,,,,,,,,,,,,,,,,,,,,,,,,,,,,,,,,,,,,,0.000000,Unpaid,28.0000,448.000000,0,0,0,0,0,0
14,"2026-12-23 00:00:00",,,STENUE,Closed,,,,0006764605,,,"                    ",,,,,,,,,adrian,"2026-04-20 13:19:09",minji,"2026-06-10 15:48:04",7,,PO,,,,,,PO,,,,,,,,ANTHROPOLOGIE,ESWD5332,,13.00,13.00,,"ELEVATOR DISCO",,,,,,,PINK,364.000000,364.000000,35.0000,Style,,,,,,,,,,,,,,,,,0,0,,0,0,,,,,,,,,,,,,,,,,,,,,,,,,,,,,,,,,,,,,,0.000000,Unpaid,0.0000,0.000000,0,0,0,0,0,0
13,"2026-04-20 00:00:00",,"2026-05-18 00:00:00",STENUE,Closed,,,,0006786282,,,"                    ",,,,,,,,,adrian,"2026-04-20 13:18:21",adrian,"2026-04-20 13:18:21",61,,PO,,,"2026-05-18 00:00:00",,,PO,,,,,,,,NUULY,CD1004,"2026-04-20 00:00:00",120.00,117.00,,"ELEVATOR DISCO",,,,,,,PINK,2412.000000,2351.700000,33.0000,Style,,,,,,,,,,,,,,,,,0,0,,0,0,,,,,,,,,,,,,,,,,,,,,,,,,,,,,,,,,,,,,,0.000000,Unpaid,20.1000,2412.000000,0,0,0,0,0,0
12,"2026-04-17 00:00:00",,"2026-05-15 00:00:00",STENUE,Closed,,,,6786297,,,"                    ",,,,,,,,,adrian,"2026-04-17 18:45:10",adrian,"2026-04-17 18:45:10",67,,PO,,,"2026-05-15 00:00:00",,,PO,,,,,,,,NUULY,CD1051,"2026-04-17 00:00:00",138.00,138.00,,"ELEVATOR DISCO",,,,,,,BROWN,2470.200000,2470.200000,44.0000,Style,,,,,,,,,,,,,,,,,0,0,,0,0,,,,,,,,,,,,,,,,,,,,,,,,,,,,,,,,,,,,,,0.000000,Unpaid,17.9000,2470.200000,0,0,0,0,0,0
11,"2026-04-17 00:00:00",,"2026-05-15 00:00:00",STENUE,Closed,,,,0006786298,,,"                    ",,,,,,,,,adrian,"2026-04-17 18:42:43",adrian,"2026-04-17 18:42:43",68,,PO,,,"2026-05-15 00:00:00",,,PO,,,,,,,,NUULY,CD1051,"2026-04-17 00:00:00",210.00,211.00,,"ELEVATOR DISCO",,,,,,,BROWN,3759.000000,3776.900000,44.0000,Style,,,,,,,,,,,,,,,,,0,0,,0,0,,,,,,,,,,,,,,,,,,,,,,,,,,,,,,,,,,,,,,0.000000,Unpaid,17.9000,3759.000000,0,0,0,0,0,0
10,"2026-04-17 00:00:00",,"2026-05-15 00:00:00",STENUE,Closed,,,,0006786359,,,"                    ",,,,,,,,,adrian,"2026-04-17 18:41:38",adrian,"2026-04-17 18:41:38",76,,PO,,,"2026-05-15 00:00:00",,,PO,,,,,,,,NUULY,CD1028,"2026-04-17 00:00:00",79.00,79.00,,"ELEVATOR DISCO",,,,,,,WHITE,1145.500000,1145.500000,33.0000,Style,,,,,,,,,,,,,,,,,0,0,,0,0,,,,,,,,,,,,,,,,,,,,,,,,,,,,,,,,,,,,,,0.000000,Unpaid,14.5000,1145.500000,0,0,0,0,0,0
9,"2026-04-17 00:00:00",,"2026-05-15 00:00:00",STENUE,Closed,,,,0006786373,,,"                    ",,,,,,,,,adrian,"2026-04-17 17:56:06",adrian,"2026-04-17 18:03:00",79,,PO,,,"2026-05-15 00:00:00",,,PO,,,,,,,,NUULY,CD1032,"2026-04-17 00:00:00",71.00,72.00,,"ELEVATOR DISCO",,,,,,,"BLACK WHITE",1349.000000,1368.000000,44.0000,Style,,,,,,,,,,,,,,,,,0,0,,0,0,,,,,,,,,,,,,,,,,,,,,,,,,,,,,,,,,,,,,,0.000000,Unpaid,19.0000,1349.000000,0,0,0,0,0,0
8,"2026-04-17 00:00:00",,"2026-05-15 00:00:00",STENUE,Closed,,,,0006786333,,,"                    ",,,,,,,,,adrian,"2026-04-17 17:46:04",adrian,"2026-04-17 17:46:04",71,,PO,,,"2026-05-15 00:00:00",,,PO,,,,,,,,NUULY,CD1059,"2026-04-17 00:00:00",191.00,191.00,,"ELEVATOR DISCO",,,,,,,BROWN,2292.000000,2292.000000,27.8600,Style,,,,,,,,,,,,,,,,,0,0,,0,0,,,,,,,,,,,,,,,,,,,,,,,,,,,,,,,,,,,,,,0.000000,Unpaid,12.0000,2292.000000,0,0,0,0,0,0
7,"2026-04-17 00:00:00",,"2026-05-15 00:00:00",STENUE,Closed,,,,0006786332,,,"                    ",,,,,,,,,adrian,"2026-04-17 17:16:49",adrian,"2026-04-17 17:16:49",70,,PO,,,"2026-05-15 00:00:00",,,PO,,,,,,,,NUULY,CD1059,"2026-04-17 00:00:00",107.00,111.00,,"ELEVATOR DISCO",,,,,,,BROWN,1284.000000,1332.000000,27.8600,Style,,,,,,,,,,,,,,,,,0,0,,0,0,,,,,,,,,,,,,,,,,,,,,,,,,,,,,,,,,,,,,,0.000000,Unpaid,12.0000,1284.000000,0,0,0,0,0,0
6,"2025-10-22 00:00:00",,,STENUE,Closed,,,,218662,,,"                    ",,,,,,,,,adrian,"2026-04-14 11:12:08",minji,"2026-06-10 15:46:45",132,,PO,,,,,,PO,,,,,,,,LULUS,EDD1294WH,,350.00,364.00,,FREESIA,,,,,,,"ROYAL BLUE",0.000000,0.000000,23.9000,Style,,,,,,,,,,,,,,,,,0,0,,0,0,,,,,,,,,,,,,,,,,,,,,,,,,,,,,,,,,,,,,,0.000000,Unpaid,0.0000,0.000000,0,0,0,0,0,0
5,"2026-12-23 00:00:00",,,STENUE,Closed,,,,0006764604,,,"                    ",,,,,,,,,minji,"2026-04-14 10:45:41",minji,"2026-06-10 15:45:02",6,,PO,,,,,,PO,,,,,,,,ANTHROPOLOGIE,ESWD5332PT,,12.00,11.00,,"ELEVATOR DISCO",,,,,,,PINK,336.000000,308.000000,35.0000,Style,,,,,,,,,,,,,,,,,0,0,,0,0,,,,,,,,,,,,,,,,,,,,,,,,,,,,,,,,,,,,,,0.000000,Unpaid,28.0000,336.000000,0,0,0,0,0,0
4,"2026-12-23 00:00:00",,,STENUE,Closed,,,,0006764604,,,"                    ",,,,,,,,,minji,"2026-04-14 10:45:40",minji,"2026-06-10 10:00:09",6,,PO,,,,,,PO,,,,,,,,ANTHROPOLOGIE,ESWD5332PL,,8.00,8.00,,"ELEVATOR DISCO",,,,,,,PINK,236.000000,236.000000,37.0000,Style,,,,,,,,,,,,,,,,,0,0,,0,0,,,,,,,,,,,,,,,,,,,,,,,,,,,,,,,,,,,,,,0.000000,Unpaid,29.5000,236.000000,0,0,0,0,0,0
3,"2026-12-23 00:00:00",,,STENUE,Closed,,,,0006764604,,,"                    ",,,,,,,,,minji,"2026-04-14 10:45:40",minji,"2026-06-10 15:44:17",6,,PO,,,,,,PO,,,,,,,,ANTHROPOLOGIE,ESWD5332,,13.00,13.00,,"ELEVATOR DISCO",,,,,,,PINK,364.000000,364.000000,35.0000,Style,,,,,,,,,,,,,,,,,0,0,,0,0,,,,,,,,,,,,,,,,,,," "," "," ",,,,,,,,,,,,,,,,,0.000000,Unpaid,0.0000,0.000000,0,0,0,0,0,0
2,"2026-03-10 00:00:00",,,STENUE,Closed,,,,0006786284,,,"                    ",,,,,,,,,adrian,"2026-04-14 09:59:30",minji,"2026-06-10 15:36:47",0,,PO,,,,,,PO,,,,,,,,"                    ",CD1004,,2.00,2.00,,"ELEVATOR DISCO",,,,,,,PINK,40.200000,40.200000,33.0000,Style,,,,,,,,,,,,,,,,,0,0,,0,0,,,,,,,,,,,,,,,,,,,,,,,,,,,,,,,,,,,,,,0.000000,Unpaid,20.1000,40.200000,0,0,0,0,0,0
