style,color,status,location,cost,availableDate,price1,price2,price3,price4,price5,userName,userTime,season,ohs,orders,its,pos,division,grp,lot,leadTime,vendorPartNo,shrinkWidth,shrinkHeight,width,cost1,cost2,avgCost,stdCost,vendorColor1,vendorColor2,vendorColor3,actualWidth,active,fabContent,vendDesign1,vendDesign2,vendDesign3,required,atc,uom1,subdivision,type,sizeCat,descript,category,vendor1,vendorPart1,vendor2,vendorPart2,vendor3,vendorPart3,uom2,uom3,updateUser,updateTime,impCat,memo,ldp,customer,fabricType,reserve,reOrderLevel,lstCost,currency1,currency2,currency3,asRaw,id,rawMatType,defaultBomCost,noneInventory,weight,sgtRetailPrice,originalProjection,cost3,uom,lowestNo,bomCost1,bomCost2,bomCost3,bomCost4,bomCost5,allocs,picks,ships,user1,user2,user3,user4,body,bundle,packChk,subStyle,packSizecat,subColor,processType,defBoxType,defQtyPerBox,qtyPerBag,designer,dummy1,lastSoDate,lastPoDate,lastInvoiceDate,lastReceiveDate,userDate,binLocation,binLocation2,receivedQty,subCategory,colorDesc,costSheet,reference1,reference2,totalInvQty,startSellDate,lastEta,webYn,activeYn,userDate1,userDate2,userDate3,firstEta,warehouse,coo,aaqty,otsqty,atsqty,processCutQty,user5,user6,createdDate,fob,ddp,poMemo,ciMemo,fabContentDesc,fg,hsTariffNo,totalQty,invQty,balQty,allocOpen,pickOpen,sosOpen,firstShip,lastShip,imageURL
1001,BLACK,ACTIVE,,0.0000,,0.0000,0.0000,0.0000,0.0000,0.0000,adrian,"2026-04-07 15:49:59",,50.00,0.00,0.00,0.00,,,,,,,,,0.0000,0.0000,0.0000,0.0000,,,,,,,,,,0,0,,,Style,XS-XL,test,PANTS,,,,,,,,,adrian,"2026-05-26 16:38:21",Import,,0.0000,,,,,,,,,N,550,Style,0.0000,N,0.00,0.0000,,,,,0.0000,0.0000,0.0000,0.0000,0.0000,0.00,0.00,0.00,,,,,N,1-2-2-1,,,,,PO,,,,,,"2026-04-13 17:27:49",,"2026-04-13 17:28:26",,,,,,,BLACK,0,,,431,"2026-04-07 15:49:52",,0,0,,,,,,,50.00,50.00,50.00,0.00,,,"2026-04-07 15:49:59",0.0000,0.0000,,,,,,,,,,,,,,
CD1001,WHITE,DROP,,0.0000,,42.0000,0.0000,0.0000,0.0000,0.0000,yosup,"2026-04-09 15:40:57",SS26,0.00,0.00,0.00,0.00,"ELEVATOR DISCO","26 MAY",,,,,,,0.0000,0.0000,0.0000,0.0000,,,,,,,,,,0,0,,,Style,XS-XL,"ENCHANTED DRESS",DRESSES,,,,,,,,,mike,"2026-05-05 23:42:59",,,0.0000,,POPLIN,,,,,,,N,885,Style,0.0000,N,0.00,118.0000,,,,,0.0000,0.0000,0.0000,0.0000,0.0000,0.00,0.00,0.00,,,,,N,1-2-2-1,,,,,,,,,,,,,,,,,,,,WHITE,0,,,,,,0,0,,,,,,,0.00,0.00,0.00,0.00,,,"2026-04-09 15:40:57",0.0000,0.0000,,,,,,,,,,,,,,
CD1002,"PINK MULTI",ACTIVE,,0.0000,,31.0000,0.0000,0.0000,0.0000,0.0000,yosup,"2026-04-09 15:40:57",SS26,114.00,72.00,0.00,0.00,"ELEVATOR DISCO","26 JUN",,,,,,,0.0000,0.0000,0.0000,0.0000,,,,,,,,,,0,0,,,Style,XS-XL,"GIA MINI DRESS",DRESSES,,,,,,,,,adrian,"2026-06-02 10:01:50",,,0.0000,,"CROCHET LACE",,,,,,,N,934,Style,0.0000,N,,78.0000,,,,,0.0000,0.0000,0.0000,0.0000,0.0000,0.00,0.00,0.00,,,,,N,1-2-2-1,,,,,,,,,,,"2026-04-21 00:00:00","2026-01-15 00:00:00",,"2026-06-25 00:00:00",,,,114,,"PINK MULTI",0,,,,,,0,0,,,,,STANFORD,,114.00,42.00,42.00,0.00,,,"2026-04-09 15:40:57",0.0000,0.0000,,,,,,,,,,,,,,
CD1004,PINK,ACTIVE,,20.1000,,33.0000,0.0000,0.0000,0.0000,0.0000,yosup,"2026-04-09 15:40:57",SS26,26.00,0.00,0.00,0.00,"ELEVATOR DISCO","26 MAY",,,,,,,0.0000,0.0000,0.0000,0.0000,,,,,,,,,,0,0,,,Style,XS-XL,"PRECIOUS MINI DRESS",DRESSES,,,,,,,,,design,"2026-05-13 16:32:36",,,0.0000,,EMBROIDERED,,,,,,,N,852,Style,0.0000,N,0.00,88.0000,,,,,0.0000,0.0000,0.0000,0.0000,0.0000,0.00,0.00,0.00,,,,,N,1-2-2-1,,,,,,,,,,,"2026-06-13 14:59:07","2026-04-20 00:00:00","2026-06-15 13:14:05","2026-05-06 00:00:00",,,,341,,PINK,0,,,315,,,0,0,,,,,,,26.00,26.00,26.00,0.00,,,"2026-04-09 15:40:57",0.0000,0.0000,,,,,,,,,,,,,,
CD1005,PINK,ACTIVE,,0.0000,,36.0000,0.0000,0.0000,0.0000,0.0000,yosup,"2026-04-09 15:40:57",SS26,0.00,0.00,0.00,0.00,"ELEVATOR DISCO","26 MAY",,,,,,,0.0000,0.0000,0.0000,0.0000,,,,,,,,,,0,0,,,Style,XS-XL,"SOFT SERENADE MIDI DRESS",DRESSES,,,,,,,,,mike,"2026-06-26 10:11:06",,,0.0000,,LACE,,,,,,,N,879,Style,0.0000,N,0.00,98.0000,,,,,0.0000,0.0000,0.0000,0.0000,0.0000,0.00,0.00,0.00,,,,,N,1-2-2-1,,,,,,,,,,,,,,,,,,,,PINK,0,,,,,,0,0,,,,,,,0.00,0.00,0.00,0.00,,,"2026-04-09 15:40:57",0.0000,0.0000,,,,,,,,,,,,,,
CD1006,WHITE,DROP,,,,35.0000,,,,,yosup,"2026-04-09 15:40:57",SS26,0.00,0.00,0.00,0.00,"ELEVATOR DISCO","26 MAY",,,,,,,0.0000,0.0000,0.0000,0.0000,,,,,,,,,,0,0,,,Style,XS-XL,"MISCHEIVIOUS MINI DRESS",DRESSES,,,,,,,,,yosup,"2026-04-09 15:40:57",,,,,TENCEL,,,,,,,,886,Style,0.0000,,,98.0000,,,,,,,,,,0.00,0.00,0.00,,,,,,,,,,,,,,,,,,,,,,,,,,WHITE,0,,,,,,0,0,,,,,,,0.00,0.00,0.00,0.00,,,"2026-04-09 15:40:57",0.0000,0.0000,,,,,,,,,,,,,,
CD1008,MINT,DROP,,0.0000,,36.0000,0.0000,0.0000,0.0000,0.0000,yosup,"2026-04-09 15:40:57",SS26,0.00,0.00,0.00,0.00,"ELEVATOR DISCO","26 JUN",,,,,,,0.0000,0.0000,0.0000,0.0000,,,,,,,,,,0,0,,,Style,XS-XL,"MOONVEIL MOOD MINI DRESS",DRESSES,,,,,,,,,design,"2026-06-11 15:17:02",,,0.0000,,"CRINKLED CHIFFON LAC",,,,,,,N,964,Style,0.0000,N,0.00,98.0000,,,,,0.0000,0.0000,0.0000,0.0000,0.0000,0.00,0.00,0.00,,,,,N,1-2-2-1,,,,,,,,,,,,,,,,,,,,MINT,0,,,,,,0,0,,,,,,,0.00,0.00,0.00,0.00,,,"2026-04-09 15:40:57",0.0000,0.0000,,,,,,,,,,,,,,
CD1009,CREAM,ACTIVE,,21.9000,,46.0000,0.0000,0.0000,0.0000,0.0000,yosup,"2026-04-09 15:40:57",SS26,0.00,18.00,0.00,48.00,"ELEVATOR DISCO","26 MAY",,,,,,,0.0000,0.0000,0.0000,0.0000,,,,,,,,,,0,0,,,Style,XS-XL,"MISS ME MIDI DRESS",DRESSES,,,,,,,,,design,"2026-06-01 16:27:13",,,0.0000,,COTTON,,,,,,,N,846,Style,0.0000,N,0.00,128.0000,,,,,0.0000,0.0000,0.0000,0.0000,0.0000,0.00,0.00,0.00,,,,,N,1-2-2-1,,,,,,,,,,,"2025-12-18 00:00:00","2026-04-30 00:00:00",,,,,,,,CREAM,0,,,,,,0,0,,,,,,,0.00,-18.00,30.00,0.00,,,"2026-04-09 15:40:57",0.0000,0.0000,,,,,,,,,,,,,,
CD1009PL,CREAM,ACTIVE,,0.0000,,48.0000,0.0000,0.0000,0.0000,0.0000,yosup,"2026-04-09 15:40:57",SS26,0.00,0.00,0.00,0.00,"ELEVATOR DISCO","26 MAY",,,,,,,0.0000,0.0000,0.0000,0.0000,,,,,,,,,,0,0,,,Style,PL,"MISS ME MIDI DRESS",DRESSES,,,,,,,,,mike,"2026-05-19 16:41:25",,,0.0000,,COTTON,,,,,,,N,845,Style,0.0000,N,0.00,128.0000,,,,,0.0000,0.0000,0.0000,0.0000,0.0000,0.00,0.00,0.00,,,,,N,,,,,,,,,,,,,,,,,,,,,CREAM,0,,,,,,0,0,,,,,,,0.00,0.00,0.00,0.00,,,"2026-04-09 15:40:57",0.0000,0.0000,,,,,,,,,,,,,,
CD1009PT,CREAM,ACTIVE,,0.0000,,46.0000,0.0000,0.0000,0.0000,0.0000,yosup,"2026-04-09 15:40:57",SS26,0.00,0.00,0.00,0.00,"ELEVATOR DISCO","26 MAY",,,,,,,0.0000,0.0000,0.0000,0.0000,,,,,,,,,,0,0,,,Style,PT,"MISS ME MIDI DRESS",DRESSES,,,,,,,,,minji,"2026-05-11 18:00:58",,,0.0000,,COTTON,,,,,,,N,844,Style,0.0000,N,0.00,128.0000,,,,,0.0000,0.0000,0.0000,0.0000,0.0000,0.00,0.00,0.00,,,,,N,,,,,,,,,,,,"2025-12-12 00:00:00","2026-04-20 00:00:00","2026-06-24 16:32:03","2026-06-24 00:00:00",,,,60,,CREAM,0,,,60,,,0,0,,,,,,,0.00,0.00,0.00,0.00,,,"2026-04-09 15:40:57",0.0000,0.0000,,,,,,,,,,,,,,
CD1010,CREAM,DROP,,,,44.0000,,,,,yosup,"2026-04-09 15:40:57",SS26,0.00,0.00,0.00,0.00,"ELEVATOR DISCO","26 MAY",,,,,,,0.0000,0.0000,0.0000,0.0000,,,,,,,,,,0,0,,,Style,XS-XL,"MAIN IDEA MINI DRESS",DRESSES,,,,,,,,,yosup,"2026-04-09 15:40:57",,,,,COTTON,,,,,,,,877,Style,0.0000,,,118.0000,,,,,,,,,,0.00,0.00,0.00,,,,,,,,,,,,,,,,,,,,,,,,,,CREAM,0,,,,,,0,0,,,,,,,0.00,0.00,0.00,0.00,,,"2026-04-09 15:40:57",0.0000,0.0000,,,,,,,,,,,,,,
CD1011,"SAGE GREEN",ACTIVE,,15.6000,,35.0000,0.0000,0.0000,0.0000,0.0000,yosup,"2026-04-09 15:40:57",SS26,11.00,278.00,0.00,200.00,"ELEVATOR DISCO","26 JUN",,,,,,,0.0000,0.0000,0.0000,0.0000,,,,,,,,,,0,0,,,Style,XS-XL,"LIVE MAXI DRESS",DRESSES,,,,,,,,,mike,"2026-05-28 10:47:33",,,0.0000,,CHIFFON,,,,,,,N,938,Style,0.0000,N,0.00,98.0000,,,,,0.0000,0.0000,0.0000,0.0000,0.0000,0.00,0.00,0.00,,,,,N,1-2-2-1,,,,,,,,,,,"2026-04-09 00:00:00","2026-04-21 00:00:00","2026-05-06 00:00:00","2026-05-06 00:00:00",,,,602,,"SAGE GREEN",0,,,589,,"2026-05-18 00:00:00",0,0,,,,"2026-05-18 00:00:00",,,11.00,-267.00,-67.00,0.00,,,"2026-04-09 15:40:57",0.0000,0.0000,,,,,,,,,,,,"2026-04-20 00:00:00","2026-04-20 00:00:00",
CD1011PL,"SAGE GREEN",ACTIVE,,15.6000,,37.0000,0.0000,0.0000,0.0000,0.0000,yosup,"2026-04-09 15:40:57",SS26,0.00,100.00,0.00,100.00,"ELEVATOR DISCO","26 JUN",,,,,,,0.0000,0.0000,0.0000,0.0000,,,,,,,,,,0,0,,,Style,PL,"LIVE MAXI DRESS",DRESSES,,,,,,,,,design,"2026-05-13 16:33:36",,,0.0000,,CHIFFON,,,,,,,N,939,Style,0.0000,N,0.00,98.0000,,,,,0.0000,0.0000,0.0000,0.0000,0.0000,0.00,0.00,0.00,,,,,N,,,,,,,,,,,,"2025-12-12 00:00:00","2026-04-20 00:00:00",,,,,,,,"SAGE GREEN",0,,,,,"2026-05-18 00:00:00",0,0,,,,"2026-05-18 00:00:00",,,0.00,-100.00,0.00,0.00,,,"2026-04-09 15:40:57",0.0000,0.0000,,,,,,,,,,,,"2026-04-20 00:00:00","2026-04-20 00:00:00",
CD1011PT,"SAGE GREEN",ACTIVE,,15.6000,,35.0000,0.0000,0.0000,0.0000,0.0000,yosup,"2026-04-09 15:40:57",SS26,0.00,100.00,0.00,100.00,"ELEVATOR DISCO","26 JUN",,,,,,,0.0000,0.0000,0.0000,0.0000,,,,,,,,,,0,0,,,Style,PT,"LIVE MAXI DRESS",DRESSES,,,,,,,,,design,"2026-05-13 16:35:53",,,0.0000,,CHIFFON,,,,,,,N,940,Style,0.0000,N,0.00,98.0000,,,,,0.0000,0.0000,0.0000,0.0000,0.0000,0.00,0.00,0.00,,,,,N,,,,,,,,,,,,"2025-12-12 00:00:00","2026-04-20 00:00:00",,,,,,,,"SAGE GREEN",0,,,,,"2026-05-18 00:00:00",0,0,,,,"2026-05-18 00:00:00",,,0.00,-100.00,0.00,0.00,,,"2026-04-09 15:40:57",0.0000,0.0000,,,,,,,,,,,,"2026-04-20 00:00:00","2026-04-20 00:00:00",
CD1012,"LIGHT BLUE",DROP,,0.0000,,46.0000,0.0000,0.0000,0.0000,0.0000,yosup,"2026-04-09 15:40:57",SS26,0.00,0.00,0.00,0.00,"ELEVATOR DISCO","26 MAY",,,,,,,0.0000,0.0000,0.0000,0.0000,,,,,,,,,,0,0,,,Style,XS-XL,"MIRA VALE DRESS",DRESSES,,,,,,,,,adrian,"2026-05-11 15:00:02",,,0.0000,,COTTON,,,,,,,N,847,Style,0.0000,N,0.00,128.0000,,,,,0.0000,0.0000,0.0000,0.0000,0.0000,0.00,0.00,0.00,,,,,N,1-2-2-1,,,,,,,,,,,,"2026-03-13 00:00:00",,,,,,,,"LIGHT BLUE",0,,,,,,0,0,,,,,,,0.00,0.00,0.00,0.00,,,"2026-04-09 15:40:57",0.0000,0.0000,,,,,,,,,,,,,,
CD1013,"LIGHT BLUE",ACTIVE,,18.9000,,36.0000,0.0000,0.0000,0.0000,0.0000,yosup,"2026-04-09 15:40:57",SS26,5.00,0.00,0.00,0.00,"ELEVATOR DISCO","26 MAY",,,,,,,0.0000,0.0000,0.0000,0.0000,,,,,,,,,,0,0,,,Style,XS-XL,"MOMENTUM DRESS",DRESSES,,,,,,,,,mike,"2026-06-10 15:16:52",,,0.0000,,COTTON,,,,,,,N,848,Style,0.0000,N,0.00,98.0000,,,,,0.0000,0.0000,0.0000,0.0000,0.0000,0.00,0.00,0.00,,,,,N,1-2-2-1,,,,,STO,,,,,,"2026-06-15 12:08:03","2026-04-20 00:00:00","2026-06-15 13:16:07","2026-05-20 00:00:00",,,,300,,"LIGHT BLUE",0,,,290,,,0,0,,,,,STANFORD,,5.00,5.00,5.00,0.00,,,"2026-04-09 15:40:57",0.0000,0.0000,,,,,,,,,,,,,,
CD1016,"LIGHT YELLOW",DROP,,0.0000,,31.0000,0.0000,0.0000,0.0000,0.0000,yosup,"2026-04-09 15:40:57",SS26,0.00,0.00,0.00,0.00,"ELEVATOR DISCO","26 JUN",,,,,,,0.0000,0.0000,0.0000,0.0000,,,,,,,,,,0,0,,,Style,XS-XL,"DONE DEAL MINI DRESS",DRESSES,,,,,,,,,design,"2026-06-11 12:07:24",,,0.0000,,TWEED,,,,,,,N,960,Style,0.0000,N,0.00,88.0000,,,,,0.0000,0.0000,0.0000,0.0000,0.0000,0.00,0.00,0.00,,,,,N,1-2-2-1,,,,,,,,,,,,,,,,,,,,"LIGHT YELLOW",0,,,,,,0,0,,,,,,,0.00,0.00,0.00,0.00,,,"2026-04-09 15:40:57",0.0000,0.0000,,,,,,,,,,,,,,
CD1017,"LIGHT BLUE",ACTIVE,,18.0000,,33.0000,0.0000,0.0000,0.0000,0.0000,yosup,"2026-04-09 15:40:57",SS26,72.00,0.00,0.00,0.00,"ELEVATOR DISCO","26 MAY",,,,,,,0.0000,0.0000,0.0000,0.0000,,,,,,,,,,0,0,,,Style,XS-XL,"TWEED EDIT MINI DRESS",DRESSES,,,,,,,,,design,"2026-05-13 16:37:45",,,0.0000,,TWEED,,,,,,,N,849,Style,0.0000,N,0.00,88.0000,,,,,0.0000,0.0000,0.0000,0.0000,0.0000,0.00,0.00,0.00,,,,,N,1-2-2-1,,,,,,,,,,,"2026-04-16 00:00:00","2026-03-12 00:00:00","2026-06-16 15:01:20","2026-06-25 00:00:00",,,,114,,"LIGHT BLUE",0,,,42,,,0,0,,,,,,,72.00,72.00,72.00,0.00,,,"2026-04-09 15:40:57",0.0000,0.0000,,,,,,,,,,,,,,
CD1020,"PINK CREAM",ACTIVE,,14.6000,,31.0000,0.0000,0.0000,0.0000,0.0000,yosup,"2026-04-09 15:40:57",SS26,208.00,204.00,0.00,0.00,"ELEVATOR DISCO","26 JUN",,,,,,,0.0000,0.0000,0.0000,0.0000,,,,,,,,,,0,0,,,Style,XS-XL,"SUNDAY POLO MINI DRESS",DRESSES,,,,,,,,,design,"2026-05-13 16:38:23",,,0.0000,,PIQUE,,,,,,,N,931,Style,0.0000,N,0.00,88.0000,,,,,0.0000,0.0000,0.0000,0.0000,0.0000,0.00,0.00,0.00,,,,,N,1-2-2-1,,,,,,,,,,,"2026-03-05 00:00:00","2026-04-20 00:00:00",,"2026-06-25 00:00:00",,,,208,,"PINK CREAM",0,,,,,,0,0,,,,,,,208.00,4.00,4.00,0.00,,,"2026-04-09 15:40:57",0.0000,0.0000,,,,,,,,,,,,,,
CD1020PL,"PINK CREAM",ACTIVE,,0.0000,,31.0000,0.0000,0.0000,0.0000,0.0000,yosup,"2026-04-09 15:40:57",SS26,0.00,0.00,0.00,0.00,"ELEVATOR DISCO","26 JUN",,,,,,,0.0000,0.0000,0.0000,0.0000,,,,,,,,,,0,0,,,Style,PL,"SUNDAY POLO MINI DRESS",DRESSES,,,,,,,,,mike,"2026-05-19 16:41:48",,,0.0000,,PIQUE,,,,,,,N,932,Style,0.0000,N,0.00,88.0000,,,,,0.0000,0.0000,0.0000,0.0000,0.0000,0.00,0.00,0.00,,,,,N,,,,,,,,,,,,,,,,,,,,,"PINK CREAM",0,,,,,,0,0,,,,,,,0.00,0.00,0.00,0.00,,,"2026-04-09 15:40:57",0.0000,0.0000,,,,,,,,,,,,,,
CD1021,"PINK MULTI",ACTIVE,,11.0000,,28.0000,0.0000,0.0000,0.0000,0.0000,yosup,"2026-04-09 15:40:57",SS26,70.00,24.00,0.00,0.00,"ELEVATOR DISCO","26 JUN",,,,,,,0.0000,0.0000,0.0000,0.0000,,,,,,,,,,0,0,,,Style,XS-XL,"SUNSET MINI DRESS",DRESSES,,,,,,,,,adrian,"2026-05-20 16:19:36",,,0.0000,,"CROCHET KNIT",,,,,,,N,830,Style,0.0000,N,0.00,78.0000,,,,,0.0000,0.0000,0.0000,0.0000,0.0000,0.00,0.00,6.00,,,,,N,1-2-2-1,,,,,,,,,,,"2026-06-01 00:00:00","2026-05-27 00:00:00","2026-06-27 00:00:00","2026-06-17 00:00:00",,,,116,,"PINK MULTI",0,,,46,,,0,0,,,,,,,64.00,46.00,46.00,0.00,,,"2026-04-09 15:40:57",0.0000,0.0000,,,,,,,,,,,,,,
CD1022,"PINK MULTI",DROP,,,,31.0000,,,,,yosup,"2026-04-09 15:40:57",SS26,0.00,0.00,0.00,0.00,"ELEVATOR DISCO","26 JUN",,,,,,,0.0000,0.0000,0.0000,0.0000,,,,,,,,,,0,0,,,Style,XS-XL,"THE LOCAL MIDI DRESS",DRESSES,,,,,,,,,yosup,"2026-04-09 15:40:57",,,,,"CROCHET KNIT",,,,,,,,967,Style,0.0000,,,88.0000,,,,,,,,,,0.00,0.00,0.00,,,,,,,,,,,,,,,,,,,,,,,,,,"PINK MULTI",0,,,,,,0,0,,,,,,,0.00,0.00,0.00,0.00,,,"2026-04-09 15:40:57",0.0000,0.0000,,,,,,,,,,,,,,
CD1023,"BLUE MULTI",ACTIVE,,12.1000,,28.0000,0.0000,0.0000,0.0000,0.0000,yosup,"2026-04-09 15:40:57",SS26,53.00,12.00,0.00,0.00,"ELEVATOR DISCO","26 MAY",,,,,,,0.0000,0.0000,0.0000,0.0000,,,,,,,,,,0,0,,,Style,XS-XL,"COCO MINI DRESS",DRESSES,,,,,,,,,design,"2026-05-13 17:22:52",,,0.0000,,"CROCHET KNIT",,,,,,,N,843,Style,0.0000,N,0.00,78.0000,,,,,0.0000,0.0000,0.0000,0.0000,0.0000,0.00,6.00,6.00,,,,,N,1-2-2-1,,,,,,,,,,,"2026-04-17 00:00:00","2026-04-30 00:00:00","2026-06-17 14:03:59","2026-05-27 00:00:00",,,,154,,"BLUE MULTI",0,,,89,,,0,0,,,,,,,41.00,41.00,41.00,0.00,,,"2026-04-09 15:40:57",0.0000,0.0000,,,,,,,,,,,,,,
CD1024,BLACK,ACTIVE,,15.6000,,46.0000,0.0000,0.0000,0.0000,0.0000,yosup,"2026-04-09 15:40:57",SS26,0.00,92.00,0.00,92.00,"ELEVATOR DISCO","26 JUN",,,,,,,0.0000,0.0000,0.0000,0.0000,,,,,,,,,,0,0,,,Style,XS-XL,"MOONLIGHT MIDI DRESS",DRESSES,,,,,,,,,design,"2026-06-11 13:37:21",,,0.0000,,CROCHET,,,,,,,N,821,Style,0.0000,N,0.00,128.0000,,,,,0.0000,0.0000,0.0000,0.0000,0.0000,0.00,0.00,0.00,,,,,N,1-2-2-1,,,,,,,,,,,"2026-05-08 00:00:00","2026-04-20 00:00:00",,,,,,,,BLACK,0,,,,,"2026-05-18 00:00:00",0,0,,,,"2026-05-18 00:00:00",,,0.00,-92.00,0.00,0.00,,,"2026-04-09 15:40:57",0.0000,0.0000,,,,,,,,,,,,"2026-04-20 00:00:00","2026-04-20 00:00:00",
CD1025,BLACK,ACTIVE,,13.7000,,31.0000,0.0000,0.0000,0.0000,0.0000,yosup,"2026-04-09 15:40:57",SS26,0.00,224.00,0.00,230.00,"ELEVATOR DISCO","26 JUN",,,,,,,0.0000,0.0000,0.0000,0.0000,,,,,,,,,,0,0,,,Style,XS-XL,"MOONLIT MINI DRESS",DRESSES,,,,,,,,,design,"2026-06-11 13:38:22",,,0.0000,,CROCHET,,,,,,,N,820,Style,0.0000,N,0.00,88.0000,,,,,0.0000,0.0000,0.0000,0.0000,0.0000,0.00,0.00,0.00,,,,,N,1-2-2-1,,,,,,,,,,,"2026-04-22 13:45:02","2026-04-20 00:00:00",,"2026-06-11 00:00:00",,,,64,,BLACK,0,,,,,"2026-05-18 00:00:00",0,0,,,,"2026-05-18 00:00:00",,,0.00,-224.00,6.00,0.00,,,"2026-04-09 15:40:57",0.0000,0.0000,,,,,,,,,,,,"2026-04-20 00:00:00","2026-04-20 00:00:00",
CD1025PL,BLACK,DROP,,0.0000,,31.0000,0.0000,0.0000,0.0000,0.0000,yosup,"2026-04-09 15:40:57",SS26,0.00,0.00,0.00,0.00,"ELEVATOR DISCO","26 JUN",,,,,,,0.0000,0.0000,0.0000,0.0000,,,,,,,,,,0,0,,,Style,PL,"MOONLIT BASIN MINI DRESS",DRESSES,,,,,,,,,mike,"2026-05-19 16:29:22",,,0.0000,,CROCHET,,,,,,,N,898,Style,0.0000,N,0.00,88.0000,,,,,0.0000,0.0000,0.0000,0.0000,0.0000,0.00,0.00,0.00,,,,,N,,,,,,,,,,,,,,,,,,,,,BLACK,0,,,,,,0,0,,,,,,,0.00,0.00,0.00,0.00,,,"2026-04-09 15:40:57",0.0000,0.0000,,,,,,,,,,,,,,
CD1025PT,BLACK,DROP,,0.0000,,31.0000,0.0000,0.0000,0.0000,0.0000,yosup,"2026-04-09 15:40:57",SS26,0.00,0.00,0.00,0.00,"ELEVATOR DISCO","26 JUN",,,,,,,0.0000,0.0000,0.0000,0.0000,,,,,,,,,,0,0,,,Style,PT,"MOONLIT BASIN MINI DRESS",DRESSES,,,,,,,,,mike,"2026-05-19 16:29:45",,,0.0000,,CROCHET,,,,,,,N,899,Style,0.0000,N,0.00,88.0000,,,,,0.0000,0.0000,0.0000,0.0000,0.0000,0.00,0.00,0.00,,,,,N,,,,,,,,,,,,,,,,,,,,,BLACK,0,,,,,,0,0,,,,,,,0.00,0.00,0.00,0.00,,,"2026-04-09 15:40:57",0.0000,0.0000,,,,,,,,,,,,,,
CD1026,BLUE,DROP,,,,31.0000,,,,,yosup,"2026-04-09 15:40:57",SS26,0.00,0.00,0.00,0.00,"ELEVATOR DISCO","26 MAY",,,,,,,0.0000,0.0000,0.0000,0.0000,,,,,,,,,,0,0,,,Style,XS-XL,"AUDRY MINI DRESS",DRESSES,,,,,,,,,yosup,"2026-04-09 15:40:57",,,,,POPLIN,,,,,,,,876,Style,0.0000,,,88.0000,,,,,,,,,,0.00,0.00,0.00,,,,,,,,,,,,,,,,,,,,,,,,,,BLUE,0,,,,,,0,0,,,,,,,0.00,0.00,0.00,0.00,,,"2026-04-09 15:40:57",0.0000,0.0000,,,,,,,,,,,,,,
CD1027,BLUE,ACTIVE,,13.3000,,31.4300,0.0000,0.0000,0.0000,0.0000,yosup,"2026-04-09 15:40:57",SS26,6.00,0.00,0.00,0.00,"ELEVATOR DISCO","26 MAY",,,,,,,0.0000,0.0000,0.0000,0.0000,,,,,,,,,,0,0,,,Style,XS-XL,"ANNABELLE MINI DRESS",DRESSES,,,,,,,,,adrian,"2026-05-19 10:37:11",,,0.0000,,POPLIN,,,,,,,N,838,Style,0.0000,N,0.00,88.0000,,,,,0.0000,0.0000,0.0000,0.0000,0.0000,0.00,0.00,0.00,,,,,N,1-2-2-1,,,,,,,,,,,"2026-02-10 00:00:00","2026-04-30 00:00:00","2026-06-04 18:01:00","2026-05-28 00:00:00",,,,66,,BLUE,0,,,24,,,0,0,,,,,,,6.00,6.00,6.00,0.00,,,"2026-04-09 15:40:57",0.0000,0.0000,,,,,,,,,,,,,,
CD1028,WHITE,ACTIVE,,14.5000,,33.0000,0.0000,0.0000,0.0000,0.0000,yosup,"2026-04-09 15:40:57",SS26,5.00,0.00,0.00,0.00,"ELEVATOR DISCO","26 MAY",,,,,,,0.0000,0.0000,0.0000,0.0000,,,,,,,,,,0,0,,,Style,XS-XL,"WALK IN THE CLOUDS MINI DRESS",DRESSES,,,,,,,,,adrian,"2026-05-19 10:37:48",,,0.0000,,POPLIN,,,,,,,N,864,Style,0.0000,N,0.00,88.0000,,,,,0.0000,0.0000,0.0000,0.0000,0.0000,0.00,0.00,0.00,,,,,N,1-2-2-1,,,,,,,,,,,"2026-03-06 00:00:00","2026-04-20 00:00:00","2026-06-04 23:13:24","2026-05-27 00:00:00",,,,257,,WHITE,0,,,252,,,0,0,,,,,,,5.00,5.00,5.00,0.00,,,"2026-04-09 15:40:57",0.0000,0.0000,,,,,,,,,,,,,,
CD1029,WHITE,ACTIVE,,0.0000,,33.0000,0.0000,0.0000,0.0000,0.0000,yosup,"2026-04-09 15:40:57",SS26,60.00,30.00,0.00,0.00,"ELEVATOR DISCO","26 MAY",,,,,,,0.0000,0.0000,0.0000,0.0000,,,,,,,,,,0,0,,,Style,XS-XL,"CLAUDETTE MINI DRESS",DRESSES,,,,,,,,,adrian,"2026-05-19 10:38:11",,,0.0000,,"EMBROIDERED COTTON",,,,,,,N,862,Style,0.0000,N,0.00,88.0000,,,,,0.0000,0.0000,0.0000,0.0000,0.0000,0.00,12.00,6.00,,,,,N,1-2-2-1,,,,,,,,,,,"2026-06-25 00:00:00","2026-03-13 00:00:00","2026-06-26 17:03:00","2026-06-11 00:00:00",,,,120,,WHITE,0,,,54,,,0,0,,,,,,,42.00,30.00,30.00,0.00,,,"2026-04-09 15:40:57",0.0000,0.0000,,,,,,,,,,,,,,
CD1031,WHITE,ACTIVE,,14.7000,,44.0000,0.0000,0.0000,0.0000,0.0000,yosup,"2026-04-09 15:40:57",SS26,6.00,0.00,0.00,0.00,"ELEVATOR DISCO","26 MAY",,,,,,,0.0000,0.0000,0.0000,0.0000,,,,,,,,,,0,0,,,Style,XS-XL,"DARLING MIDI DRESS + SCARF",DRESSES,,,,,,,,,adrian,"2026-05-19 10:38:39",,,0.0000,,POPLIN,,,,,,,N,865,Style,0.0000,N,0.00,118.0000,,,,,0.0000,0.0000,0.0000,0.0000,0.0000,0.00,0.00,0.00,,,,,N,1-2-2-1,,,,,,,,,,,"2026-02-06 00:00:00","2026-03-13 00:00:00","2026-06-12 10:51:33","2026-05-28 00:00:00",,,,84,,WHITE,0,,,24,,,0,0,,,,,,,6.00,6.00,6.00,0.00,,,"2026-04-09 15:40:57",0.0000,0.0000,,,,,,,,,,,,,,
CD1031A,"BLACK WHITE",ACTIVE,,13.0000,,44.0000,0.0000,0.0000,0.0000,0.0000,yosup,"2026-04-09 15:40:57",SS26,90.00,18.00,0.00,0.00,"ELEVATOR DISCO","26 JUN",,,,,,,0.0000,0.0000,0.0000,0.0000,,,,,,,,,,0,0,,,Style,XS-XL,"TEMPTRESS MINI DRESS + SCARF",DRESSES,,,,,,,,,aaron,"2026-06-05 16:46:01",,,0.0000,,POPLIN,,,,,,,N,902,Style,0.0000,N,0.00,118.0000,,,,,0.0000,0.0000,0.0000,0.0000,0.0000,0.00,0.00,0.00,,,,,N,1-2-2-1,,,,,,,,,,,"2026-04-17 00:00:00","2026-04-22 00:00:00","2026-06-27 12:07:36","2026-05-05 00:00:00",,,,414,,"BLACK WHITE",0,,,320,,,0,0,,,,,,,90.00,72.00,72.00,0.00,,,"2026-04-09 15:40:57",0.0000,0.0000,,,,,,,,,,,,,,
CD1032,"BLACK WHITE",ACTIVE,,19.0000,,44.0000,0.0000,0.0000,0.0000,0.0000,yosup,"2026-04-09 15:40:57",SS26,12.00,0.00,0.00,0.00,"ELEVATOR DISCO","26 MAY",,,,,,,0.0000,0.0000,0.0000,0.0000,,,,,,,,,,0,0,,,Style,XS-XL,"MARILYN MIDI DRESS",DRESSES,,,,,,,,,adrian,"2026-05-19 10:40:18",,,0.0000,,COTTON,,,,,,,N,836,Style,0.0000,N,0.00,118.0000,,,,,0.0000,0.0000,0.0000,0.0000,0.0000,0.00,0.00,0.00,,,,,N,1-2-2-1,,,,,,,,,,,"2026-06-01 14:51:09","2026-04-20 00:00:00","2026-06-05 00:21:52","2026-05-20 00:00:00",,,,241,,"BLACK WHITE",0,,,229,,,0,0,,,,,,,12.00,12.00,12.00,0.00,,,"2026-04-09 15:40:57",0.0000,0.0000,,,,,,,,,,,,,,
CD1032PL,"BLACK WHITE",ACTIVE,,19.0000,,46.0000,0.0000,0.0000,0.0000,0.0000,yosup,"2026-04-09 15:40:57",SS26,0.00,80.00,0.00,80.00,"ELEVATOR DISCO","26 JUN",,,,,,,0.0000,0.0000,0.0000,0.0000,,,,,,,,,,0,0,,,Style,PL,"MARILYN MIDI DRESS",DRESSES,,,,,,,,,adrian,"2026-04-10 15:59:46",,,0.0000,,COTTON,,,,,,,N,900,Style,0.0000,N,0.00,118.0000,,,,,0.0000,0.0000,0.0000,0.0000,0.0000,0.00,0.00,0.00,,,,,N,,,,,,,,,,,,"2025-12-12 00:00:00","2026-04-20 00:00:00",,,,,,,,"BLACK WHITE",0,,,,,"2026-05-18 00:00:00",0,0,,,,"2026-05-18 00:00:00",,,0.00,-80.00,0.00,0.00,,,"2026-04-09 15:40:57",0.0000,0.0000,,,,,,,,,,,,"2026-04-20 00:00:00","2026-04-20 00:00:00",
CD1032PT,"BLACK WHITE",ACTIVE,,19.0000,,44.0000,0.0000,0.0000,0.0000,0.0000,yosup,"2026-04-09 15:40:57",SS26,0.00,120.00,0.00,120.00,"ELEVATOR DISCO","26 JUN",,,,,,,0.0000,0.0000,0.0000,0.0000,,,,,,,,,,0,0,,,Style,PT,"MARILYN MIDI DRESS",DRESSES,,,,,,,,,adrian,"2026-04-10 14:37:20",,,0.0000,,COTTON,,,,,,,N,901,Style,0.0000,N,0.00,118.0000,,,,,0.0000,0.0000,0.0000,0.0000,0.0000,0.00,0.00,0.00,,,,,N,,,,,,,,,,,,"2025-12-12 00:00:00","2026-04-20 00:00:00",,,,,,,,"BLACK WHITE",0,,,,,"2026-05-18 00:00:00",0,0,,,,"2026-05-18 00:00:00",,,0.00,-120.00,0.00,0.00,,,"2026-04-09 15:40:57",0.0000,0.0000,,,,,,,,,,,,"2026-04-20 00:00:00","2026-04-20 00:00:00",
CD1033,"WHITE BLACK",DROP,,0.0000,,36.0000,0.0000,0.0000,0.0000,0.0000,yosup,"2026-04-09 15:40:57",SS26,0.00,0.00,0.00,0.00,"ELEVATOR DISCO","26 MAY",,,,,,,0.0000,0.0000,0.0000,0.0000,,,,,,,,,,0,0,,,Style,XS-XL,"MOMEMTUM DRESS",DRESSES,,,,,,,,,adrian,"2026-05-07 15:36:59",,,0.0000,,CHIFFON,,,,,,,N,873,Style,0.0000,N,0.00,98.0000,,,,,0.0000,0.0000,0.0000,0.0000,0.0000,0.00,0.00,0.00,,,,,N,1-2-2-1,,,,,,,,,,,,"2026-03-13 00:00:00",,,,,,,,"WHITE BLACK",0,,,,,,0,0,,,,,,,0.00,0.00,0.00,0.00,,,"2026-04-09 15:40:57",0.0000,0.0000,,,,,,,,,,,,,,
CD1034,CREAM,ACTIVE,,0.0000,,36.0000,0.0000,0.0000,0.0000,0.0000,yosup,"2026-04-09 15:40:57",SS26,0.00,71.00,0.00,101.00,"ELEVATOR DISCO","26 JUN",,,,,,,0.0000,0.0000,0.0000,0.0000,,,,,,,,,,0,0,,,Style,XS-XL,"ONE OF A KIND MIDI DRESS",DRESSES,,,,,,,,,design,"2026-06-11 11:53:51",,,0.0000,,CHIFFON,,,,,,,N,912,Style,0.0000,N,0.00,98.0000,,,,,0.0000,0.0000,0.0000,0.0000,0.0000,0.00,0.00,0.00,,,,,N,1-2-2-1,,,,,,,,,,,"2026-03-26 00:00:00","2026-04-20 00:00:00",,,,,,,,CREAM,0,,,,,"2026-05-29 00:00:00",0,0,,,,"2026-05-18 00:00:00",,,0.00,-71.00,30.00,0.00,,,"2026-04-09 15:40:57",0.0000,0.0000,,,,,,,,,,,,"2026-04-20 00:00:00","2026-04-20 00:00:00",
CD1034PL,CREAM,ACTIVE,,0.0000,,38.0000,0.0000,0.0000,0.0000,0.0000,yosup,"2026-04-09 15:40:57",SS26,0.00,80.00,0.00,104.00,"ELEVATOR DISCO","26 JUN",,,,,,,0.0000,0.0000,0.0000,0.0000,,,,,,,,,,0,0,,,Style,PL,"ONE OF A KIND MIDI DRESS",DRESSES,,,,,,,,,adrian,"2026-04-10 15:59:08",,,0.0000,,CHIFFON,,,,,,,N,913,Style,0.0000,N,0.00,98.0000,,,,,0.0000,0.0000,0.0000,0.0000,0.0000,0.00,0.00,0.00,,,,,N,,,,,,,,,,,,"2025-12-12 00:00:00","2026-04-20 00:00:00",,,,,,,,CREAM,0,,,,,"2026-05-18 00:00:00",0,0,,,,"2026-05-18 00:00:00",,,0.00,-80.00,24.00,0.00,,,"2026-04-09 15:40:57",0.0000,0.0000,,,,,,,,,,,,"2026-04-20 00:00:00","2026-04-20 00:00:00",
CD1034PT,CREAM,ACTIVE,,0.0000,,36.0000,0.0000,0.0000,0.0000,0.0000,yosup,"2026-04-09 15:40:57",SS26,0.00,100.00,0.00,100.00,"ELEVATOR DISCO","26 JUN",,,,,,,0.0000,0.0000,0.0000,0.0000,,,,,,,,,,0,0,,,Style,PT,"ONE OF A KIND MIDI DRESS",DRESSES,,,,,,,,,adrian,"2026-04-10 14:37:31",,,0.0000,,CHIFFON,,,,,,,N,914,Style,0.0000,N,0.00,98.0000,,,,,0.0000,0.0000,0.0000,0.0000,0.0000,0.00,0.00,0.00,,,,,N,,,,,,,,,,,,"2025-12-12 00:00:00","2026-04-20 00:00:00",,,,,,,,CREAM,0,,,,,"2026-05-18 00:00:00",0,0,,,,"2026-05-18 00:00:00",,,0.00,-100.00,0.00,0.00,,,"2026-04-09 15:40:57",0.0000,0.0000,,,,,,,,,,,,"2026-04-20 00:00:00","2026-04-20 00:00:00",
CD1035,"WHITE BLACK",DROP,,,,47.0000,,,,,yosup,"2026-04-09 15:40:57",SS26,0.00,0.00,0.00,0.00,"ELEVATOR DISCO","26 MAY",,,,,,,0.0000,0.0000,0.0000,0.0000,,,,,,,,,,0,0,,,Style,XS-XL,"WHISPER LUXE DRESS",DRESSES,,,,,,,,,yosup,"2026-04-09 15:40:57",,,,,COTTON,,,,,,,,895,Style,0.0000,,,128.0000,,,,,,,,,,0.00,0.00,0.00,,,,,,,,,,,,,,,,,,,,,,,,,,"WHITE BLACK",0,,,,,,0,0,,,,,,,0.00,0.00,0.00,0.00,,,"2026-04-09 15:40:57",0.0000,0.0000,,,,,,,,,,,,,,
CD1036,WHITE,DROP,,,,33.0000,,,,,yosup,"2026-04-09 15:40:57",SS26,0.00,0.00,0.00,0.00,"ELEVATOR DISCO","26 MAY",,,,,,,0.0000,0.0000,0.0000,0.0000,,,,,,,,,,0,0,,,Style,XS-XL,"CLAUDETTE MINI DRESS",DRESSES,,,,,,,,,yosup,"2026-04-09 15:40:57",,,,,"TEXTURED ORGANZA",,,,,,,,887,Style,0.0000,,,88.0000,,,,,,,,,,0.00,0.00,0.00,,,,,,,,,,,,,,,,,,,,,,,,,,WHITE,0,,,,,,0,0,,,,,,,0.00,0.00,0.00,0.00,,,"2026-04-09 15:40:57",0.0000,0.0000,,,,,,,,,,,,,,
CD1037,"BLACK WHITE",DROP,,,,46.0000,,,,,yosup,"2026-04-09 15:40:57",SS26,0.00,0.00,0.00,0.00,"ELEVATOR DISCO","26 JUN",,,,,,,0.0000,0.0000,0.0000,0.0000,,,,,,,,,,0,0,,,Style,XS-XL,"FABLE TELLER MIDI DRESS & SCARF",DRESSES,,,,,,,,,yosup,"2026-04-09 15:40:57",,,,,"EMBROIDERED COTTON",,,,,,,,954,Style,0.0000,,,128.0000,,,,,,,,,,0.00,0.00,0.00,,,,,,,,,,,,,,,,,,,,,,,,,,"BLACK WHITE",0,,,,,,0,0,,,,,,,0.00,0.00,0.00,0.00,,,"2026-04-09 15:40:57",0.0000,0.0000,,,,,,,,,,,,,,
CD1038,WHITE,ACTIVE,,20.2000,,31.0000,0.0000,0.0000,0.0000,0.0000,yosup,"2026-04-09 15:40:57",SS26,0.00,66.00,0.00,102.00,"ELEVATOR DISCO","26 JUN",,,,,,,0.0000,0.0000,0.0000,0.0000,,,,,,,,,,0,0,,,Style,XS-XL,"AFTERHOUR FANTASY MINI DRESS",DRESSES,,,,,,,,,design,"2026-06-11 12:54:04",,,0.0000,,"BEADED MESH",,,,,,,N,945,Style,0.0000,N,0.00,88.0000,,,,,0.0000,0.0000,0.0000,0.0000,0.0000,0.00,0.00,0.00,,,,,N,1-2-2-1,,,,,,,,,,,"2026-05-14 00:00:00","2026-01-15 00:00:00",,,,,,,,WHITE,0,,,,,,0,0,,,,,,,0.00,-66.00,36.00,0.00,,,"2026-04-09 15:40:57",0.0000,0.0000,,,,,,,,,,,,,,
CD1040,FUCHSIA,ACTIVE,,0.0000,,31.0000,0.0000,0.0000,0.0000,0.0000,yosup,"2026-04-09 15:40:57",SS26,90.00,36.00,0.00,0.00,"ELEVATOR DISCO","26 JUN",,,,,,,0.0000,0.0000,0.0000,0.0000,,,,,,,,,,0,0,,,Style,XS-XL,"DISCO BALL MINI DRESS",DRESSES,,,,,,,,,minji,"2026-05-14 10:36:16",,,0.0000,,SEQUIN,,,,,,,N,919,Style,0.0000,N,0.00,88.0000,,,,,0.0000,0.0000,0.0000,0.0000,0.0000,0.00,0.00,0.00,,,,,N,1-2-2-1,,,,,,,,,,,"2025-12-16 00:00:00","2026-04-20 00:00:00",,"2026-06-24 00:00:00",,,,90,,FUCHSIA,0,,,,,,0,0,,,,,,,90.00,54.00,54.00,0.00,,,"2026-04-09 15:40:57",0.0000,0.0000,,,,,,,,,,,,,,
CD1040B,"WHITE LIGHT BLUE",DROP,,,,30.0000,,,,,yosup,"2026-04-09 15:40:57",SS26,0.00,0.00,0.00,0.00,"ELEVATOR DISCO","26 MAY",,,,,,,0.0000,0.0000,0.0000,0.0000,,,,,,,,,,0,0,,,Style,XS-XL,"CEREMONY MINI DRESS",DRESSES,,,,,,,,,yosup,"2026-04-09 15:40:57",,,,,"PRINTED SEQUIN",,,,,,,,896,Style,0.0000,,,88.0000,,,,,,,,,,0.00,0.00,0.00,,,,,,,,,,,,,,,,,,,,,,,,,,"WHITE LIGHT BLUE",0,,,,,,0,0,,,,,,,0.00,0.00,0.00,0.00,,,"2026-04-09 15:40:57",0.0000,0.0000,,,,,,,,,,,,,,
CD1041,PINK,DROP,,,,45.0000,,,,,yosup,"2026-04-09 15:40:57",SS26,0.00,0.00,0.00,0.00,"ELEVATOR DISCO","26 MAY",,,,,,,0.0000,0.0000,0.0000,0.0000,,,,,,,,,,0,0,,,Style,XS-XL,"BEAUTY WITHIN MAXI DRESS",DRESSES,,,,,,,,,yosup,"2026-04-09 15:40:57",,,,,EMBROIDERED,,,,,,,,878,Style,0.0000,,,118.0000,,,,,,,,,,0.00,0.00,0.00,,,,,,,,,,,,,,,,,,,,,,,,,,PINK,0,,,,,,0,0,,,,,,,0.00,0.00,0.00,0.00,,,"2026-04-09 15:40:57",0.0000,0.0000,,,,,,,,,,,,,,
CD1041A,"BLACK WHITE",ACTIVE,,20.0000,,45.0000,,,,,yosup,"2026-04-09 15:40:57",SS26,0.00,52.00,0.00,100.00,"ELEVATOR DISCO","26 JUN",,,,,,,0.0000,0.0000,0.0000,0.0000,,,,,,,,,,0,0,,,Style,XS-XL,"TEMPTATION MIDI DRESS",DRESSES,,,,,,,,,yosup,"2026-04-09 15:40:57",,,,,POPLIN,,,,,,,,903,Style,0.0000,,,118.0000,,,,,,,,,,0.00,0.00,0.00,,,,,,,,,,,,,,,,,"2026-03-06 00:00:00","2026-04-20 00:00:00",,,,,,,,"BLACK WHITE",0,,,,,"2026-05-18 00:00:00",0,0,,,,"2026-05-18 00:00:00",,,0.00,-52.00,48.00,0.00,,,"2026-04-09 15:40:57",0.0000,0.0000,,,,,,,,,,,,"2026-04-20 00:00:00","2026-04-20 00:00:00",
CD1042,PINK,ACTIVE,,15.2000,,36.0000,0.0000,0.0000,0.0000,0.0000,yosup,"2026-04-09 15:40:57",SS26,48.00,0.00,0.00,0.00,"ELEVATOR DISCO","26 MAY",,,,,,,0.0000,0.0000,0.0000,0.0000,,,,,,,,,,0,0,,,Style,XS-XL,"URBAN SASS MINI DRESS",DRESSES,,,,,,,,,adrian,"2026-05-19 10:41:18",,,0.0000,,SEERSUCKER,,,,,,,N,853,Style,0.0000,N,0.00,98.0000,,,,,0.0000,0.0000,0.0000,0.0000,0.0000,0.00,0.00,0.00,,,,,N,1-2-2-1,,,,,,,,,,,"2025-12-16 00:00:00","2026-04-30 00:00:00","2026-06-16 14:28:42","2026-06-15 00:00:00",,,,104,,PINK,0,,,56,,,0,0,,,,,,,48.00,48.00,48.00,0.00,,,"2026-04-09 15:40:57",0.0000,0.0000,,,,,,,,,,,,,,
CD1043,BLACK,ACTIVE,,13.8000,,35.0000,0.0000,0.0000,0.0000,0.0000,yosup,"2026-04-09 15:40:57",SS26,87.00,30.00,0.00,0.00,"ELEVATOR DISCO","26 JUN",,,,,,,0.0000,0.0000,0.0000,0.0000,,,,,,,,,,0,0,,,Style,XS-XL,"TEMPTING MINI DRESS",DRESSES,,,,,,,,,design,"2026-06-11 12:59:16",,,0.0000,,POPLIN,,,,,,,N,823,Style,0.0000,N,0.00,98.0000,,,,,0.0000,0.0000,0.0000,0.0000,0.0000,0.00,0.00,0.00,,,,,N,1-2-2-1,,,,,,,,,,,"2026-04-22 13:45:02","2026-05-15 00:00:00","2026-06-09 00:00:00","2026-06-25 00:00:00",,,,454,,BLACK,0,,,366,,,0,0,,,,,,,87.00,57.00,57.00,0.00,,,"2026-04-09 15:40:57",0.0000,0.0000,,,,,,,,,,,,,,
CD1044,PINK,ACTIVE,,16.8000,,28.0000,0.0000,0.0000,0.0000,0.0000,yosup,"2026-04-09 15:40:57",SS26,72.00,0.00,0.00,0.00,"ELEVATOR DISCO","26 MAY",,,,,,,0.0000,0.0000,0.0000,0.0000,,,,,,,,,,0,0,,,Style,XS-XL,"LUSH MINI DRESS",DRESSES,,,,,,,,,adrian,"2026-05-19 10:41:41",,,0.0000,,COTTON,,,,,,,N,851,Style,0.0000,N,0.00,78.0000,,,,,0.0000,0.0000,0.0000,0.0000,0.0000,0.00,0.00,0.00,,,,,N,1-2-2-1,,,,,,,,,,,"2026-03-26 00:00:00","2026-04-30 00:00:00","2026-06-10 16:02:39","2026-05-27 00:00:00",,,,108,,PINK,0,,,36,,,0,0,,,,,,,72.00,72.00,72.00,0.00,,,"2026-04-09 15:40:57",0.0000,0.0000,,,,,,,,,,,,,,
CD1046,BLACK,ACTIVE,,10.0000,,35.0000,,,,,yosup,"2026-04-09 15:40:57",SS26,30.00,24.00,0.00,0.00,"ELEVATOR DISCO","26 JUN",,,,,,,0.0000,0.0000,0.0000,0.0000,,,,,,,,,,0,0,,,Style,XS-XL,"TRIXIE MIDI DRESS",DRESSES,,,,,,,,,yosup,"2026-04-09 15:40:57",,,,,MESH,,,,,,,,822,Style,0.0000,,,98.0000,,,,,,,,,,0.00,0.00,0.00,,,,,,,,,,,,,,,,,"2026-04-22 13:45:02","2026-05-27 00:00:00","2026-06-09 00:00:00","2026-06-17 00:00:00",,,,162,,BLACK,0,,,108,,,0,0,,,,,,,30.00,6.00,6.00,0.00,,,"2026-04-09 15:40:57",0.0000,0.0000,,,,,,,,,,,,,,
CD1048,"YELLOW PINK",ACTIVE,,13.8000,,33.0000,0.0000,0.0000,0.0000,0.0000,yosup,"2026-04-09 15:40:57",SS26,0.00,18.00,0.00,45.00,"ELEVATOR DISCO","26 JUN",,,,,,,0.0000,0.0000,0.0000,0.0000,,,,,,,,,,0,0,,,Style,XS-XL,"STAR NIGHT MIDI DRESS",DRESSES,,,,,,,,,minji,"2026-05-07 18:02:50",,,0.0000,,"POLY MESH",,,,,,,N,835,Style,0.0000,N,0.00,88.0000,,,,,0.0000,0.0000,0.0000,0.0000,0.0000,0.00,0.00,0.00,,,,,N,1-2-2-1,,,,,,,,,,,"2026-04-21 00:00:00","2026-04-21 00:00:00","2026-06-09 00:00:00","2026-04-27 00:00:00",,,,486,,"YELLOW PINK",0,,,624,,,0,0,,,,,,,0.00,-18.00,27.00,0.00,,,"2026-04-09 15:40:57",0.0000,0.0000,,,,,,,,,,,,,,
CD1048PL,"YELLOW PINK",ACTIVE,,13.8000,,35.0000,0.0000,0.0000,0.0000,0.0000,yosup,"2026-04-09 15:40:57",SS26,0.00,60.00,0.00,60.00,"ELEVATOR DISCO","26 JUN",,,,,,,0.0000,0.0000,0.0000,0.0000,,,,,,,,,,0,0,,,Style,PL,"STAR OF THE NIGHT MIDI DRESS",DRESSES,,,,,,,,,adrian,"2026-04-10 16:00:19",,,0.0000,,"POLY MESH",,,,,,,N,950,Style,0.0000,N,0.00,88.0000,,,,,0.0000,0.0000,0.0000,0.0000,0.0000,0.00,0.00,0.00,,,,,N,,,,,,,,,,,,"2025-12-12 00:00:00","2026-04-20 00:00:00",,,,,,,,"YELLOW PINK",0,,,,,"2026-05-18 00:00:00",0,0,,,,"2026-05-18 00:00:00",,,0.00,-60.00,0.00,0.00,,,"2026-04-09 15:40:57",0.0000,0.0000,,,,,,,,,,,,"2026-04-20 00:00:00","2026-04-20 00:00:00",
CD1048PT,"YELLOW PINK",ACTIVE,,13.8000,,33.0000,0.0000,0.0000,0.0000,0.0000,yosup,"2026-04-09 15:40:57",SS26,0.00,60.00,0.00,60.00,"ELEVATOR DISCO","26 JUN",,,,,,,0.0000,0.0000,0.0000,0.0000,,,,,,,,,,0,0,,,Style,PT,"STAR OF THE NIGHT MIDI DRESS",DRESSES,,,,,,,,,adrian,"2026-04-10 14:37:58",,,0.0000,,"POLY MESH",,,,,,,N,951,Style,0.0000,N,0.00,88.0000,,,,,0.0000,0.0000,0.0000,0.0000,0.0000,0.00,0.00,0.00,,,,,N,,,,,,,,,,,,"2025-12-12 00:00:00","2026-04-20 00:00:00",,,,,,,,"YELLOW PINK",0,,,,,"2026-05-18 00:00:00",0,0,,,,"2026-05-18 00:00:00",,,0.00,-60.00,0.00,0.00,,,"2026-04-09 15:40:57",0.0000,0.0000,,,,,,,,,,,,"2026-04-20 00:00:00","2026-04-20 00:00:00",
CD1049,"PINK MULTI",ACTIVE,,,,35.0000,,,,,yosup,"2026-04-09 15:40:57",SS26,0.00,46.00,0.00,102.00,"ELEVATOR DISCO","26 JUN",,,,,,,0.0000,0.0000,0.0000,0.0000,,,,,,,,,,0,0,,,Style,XS-XL,"ETERNAL PIECE MIDI DRESS",DRESSES,,,,,,,,,yosup,"2026-04-09 15:40:57",,,,,"CROCHET KNIT",,,,,,,,933,Style,0.0000,,,98.0000,,,,,,,,,,0.00,0.00,0.00,,,,,,,,,,,,,,,,,"2026-05-14 00:00:00","2026-01-09 00:00:00",,,,,,,,"PINK MULTI",0,,,,,,0,0,,,,,,,0.00,-46.00,56.00,0.00,,,"2026-04-09 15:40:57",0.0000,0.0000,,,,,,,,,,,,,,
CD1050,"PINK MULTI",ACTIVE,,14.5000,,28.0000,,,,,yosup,"2026-04-09 15:40:57",SS26,89.00,36.00,0.00,0.00,"ELEVATOR DISCO","26 JUN",,,,,,,0.0000,0.0000,0.0000,0.0000,,,,,,,,,,0,0,,,Style,XS-XL,"BLUSH HOUR MINI DRESS",DRESSES,,,,,,,,,yosup,"2026-04-09 15:40:57",,,,,"CROCHET KNIT",,,,,,,,831,Style,0.0000,,,78.0000,,,,,,,,,,0.00,0.00,0.00,,,,,,,,,,,,,,,,,"2026-03-31 00:00:00","2026-04-22 00:00:00","2026-06-27 12:07:36","2026-05-06 00:00:00",,,,303,,"PINK MULTI",0,,,323,,,0,0,,,,,,,89.00,53.00,53.00,0.00,,,"2026-04-09 15:40:57",0.0000,0.0000,,,,,,,,,,,,,,
CD1051,BROWN,ACTIVE,,17.9000,,44.0000,,,,,yosup,"2026-04-09 15:40:57",SS26,30.00,79.00,0.00,0.00,"ELEVATOR DISCO","26 JUN",,,,,,,0.0000,0.0000,0.0000,0.0000,,,,,,,,,,0,0,,,Style,XS-XL,"MIDNIGHT STROLL MAXI DRESS",DRESSES,,,,,,,,,yosup,"2026-04-09 15:40:57",,,,,"EMBROIDERED COTTON",,,,,,,,906,Style,0.0000,,,118.0000,,,,,,,,,,0.00,0.00,0.00,,,,,,,,,,,,,,,,,"2026-02-25 00:00:00","2026-04-20 00:00:00","2026-04-17 00:00:00","2026-06-17 00:00:00",,,,441,,BROWN,0,,,351,,,0,0,,,,,,,30.00,-49.00,-49.00,0.00,,,"2026-04-09 15:40:57",0.0000,0.0000,,,,,,,,,,,,,,
CD1053A,NAVY,ACTIVE,,25.6000,,39.0000,,,,,yosup,"2026-04-09 15:40:57",SS26,0.00,78.00,0.00,60.00,"ELEVATOR DISCO","26 JUN",,,,,,,0.0000,0.0000,0.0000,0.0000,,,,,,,,,,0,0,,,Style,XS-XL,"VICTORIA MINI DRESS",DRESSES,,,,,,,,,yosup,"2026-04-09 15:40:57",,,,,"BEADED MESH",,,,,,,,928,Style,0.0000,,,98.0000,,,,,,,,,,0.00,0.00,0.00,,,,,,,,,,,,,,,,,"2026-03-05 00:00:00","2026-01-15 00:00:00",,,,,,,,NAVY,0,,,,,,0,0,,,,,,,0.00,-78.00,-18.00,0.00,,,"2026-04-09 15:40:57",0.0000,0.0000,,,,,,,,,,,,,,
CD1055,WHITE,ACTIVE,,27.0000,,47.0000,0.0000,0.0000,0.0000,0.0000,yosup,"2026-04-09 15:40:57",SS26,37.00,0.00,0.00,0.00,"ELEVATOR DISCO","26 MAY",,,,,,,0.0000,0.0000,0.0000,0.0000,,,,,,,,,,0,0,,,Style,XS-XL,"GRACE MAXI DRESS + SCARF",DRESSES,,,,,,,,,minji,"2026-05-20 13:49:15",,,0.0000,,LACE,,,,,,,N,863,Style,0.0000,N,0.00,128.0000,,,,,0.0000,0.0000,0.0000,0.0000,0.0000,0.00,0.00,0.00,,,,,N,1-2-2-1,,,,,,,,,,,"2026-02-05 00:00:00","2026-04-20 00:00:00","2026-06-22 16:47:43","2026-06-11 00:00:00",,,,100,,WHITE,0,,,64,,,0,0,,,,,,,37.00,37.00,37.00,0.00,,,"2026-04-09 15:40:57",0.0000,0.0000,,,,,,,,,,,,,,
CD1056,PINK,ACTIVE,,13.5000,,31.0000,0.0000,0.0000,0.0000,0.0000,yosup,"2026-04-09 15:40:57",SS26,0.00,0.00,0.00,0.00,"ELEVATOR DISCO","26 MAY",,,,,,,0.0000,0.0000,0.0000,0.0000,,,,,,,,,,0,0,,,Style,XS-XL,"MINNIE MINI DRESS",SWEATERS,,,,,,,,,adrian,"2026-05-19 10:42:42",,,0.0000,,"JACQUARD KNIT",,,,,,,N,858,Style,0.0000,N,0.00,88.0000,,,,,0.0000,0.0000,0.0000,0.0000,0.0000,0.00,0.00,0.00,,,,,N,1-2-2-1,,,,,,,,,,,"2025-12-16 00:00:00","2026-04-20 00:00:00","2026-06-22 16:47:43","2026-05-28 00:00:00",,,,240,,PINK,0,,,36,,,0,0,,,,,,,0.00,0.00,0.00,0.00,,,"2026-04-09 15:40:57",0.0000,0.0000,,,,,,,,,,,,,,
CD1057,MINT,DROP,,,,28.0000,,,,,yosup,"2026-04-09 15:40:57",SS26,0.00,0.00,0.00,0.00,"ELEVATOR DISCO","26 JUN",,,,,,,0.0000,0.0000,0.0000,0.0000,,,,,,,,,,0,0,,,Style,XS-XL,"MOXI MINI DRESS",DRESSES,,,,,,,,,yosup,"2026-04-09 15:40:57",,,,,"CROCHET KNIT",,,,,,,,965,Style,0.0000,,,78.0000,,,,,,,,,,0.00,0.00,0.00,,,,,,,,,,,,,,,,,,,,,,,,,,MINT,0,,,,,,0,0,,,,,,,0.00,0.00,0.00,0.00,,,"2026-04-09 15:40:57",0.0000,0.0000,,,,,,,,,,,,,,
CD1058,BROWN,ACTIVE,,16.5000,,42.0000,,,,,yosup,"2026-04-09 15:40:57",SS26,0.00,6.00,0.00,30.00,"ELEVATOR DISCO","26 JUN",,,,,,,0.0000,0.0000,0.0000,0.0000,,,,,,,,,,0,0,,,Style,XS-XL,"SCARLET MIDI DRESS",DRESSES,,,,,,,,,yosup,"2026-04-09 15:40:57",,,,,"PRINTED CHIFFON",,,,,,,,908,Style,0.0000,,,118.0000,,,,,,,,,,0.00,0.00,0.00,,,,,,,,,,,,,,,,,"2026-01-30 00:00:00","2026-01-13 00:00:00",,,,,,,,BROWN,0,,,,,,0,0,,,,,,,0.00,-6.00,24.00,0.00,,,"2026-04-09 15:40:57",0.0000,0.0000,,,,,,,,,,,,,,
CD1058PL,BROWN,ACTIVE,,16.5000,,44.0000,0.0000,0.0000,0.0000,0.0000,yosup,"2026-04-09 15:40:57",SS26,0.00,60.00,0.00,60.00,"ELEVATOR DISCO","26 JUN",,,,,,,0.0000,0.0000,0.0000,0.0000,,,,,,,,,,0,0,,,Style,PL,"SCARLET MIDI DRESS",DRESSES,,,,,,,,,adrian,"2026-04-10 15:58:23",,,0.0000,,"PRINTED CHIFFON",,,,,,,N,909,Style,0.0000,N,0.00,118.0000,,,,,0.0000,0.0000,0.0000,0.0000,0.0000,0.00,0.00,0.00,,,,,N,,,,,,,,,,,,"2025-12-12 00:00:00","2026-04-20 00:00:00",,,,,,,,BROWN,0,,,,,"2026-05-18 00:00:00",0,0,,,,"2026-05-18 00:00:00",,,0.00,-60.00,0.00,0.00,,,"2026-04-09 15:40:57",0.0000,0.0000,,,,,,,,,,,,"2026-04-20 00:00:00","2026-04-20 00:00:00",
CD1058PT,BROWN,ACTIVE,,16.5000,,42.0000,0.0000,0.0000,0.0000,0.0000,yosup,"2026-04-09 15:40:57",SS26,0.00,80.00,0.00,80.00,"ELEVATOR DISCO","26 JUN",,,,,,,0.0000,0.0000,0.0000,0.0000,,,,,,,,,,0,0,,,Style,PT,"SCARLET MIDI DRESS",DRESSES,,,,,,,,,adrian,"2026-04-10 14:38:08",,,0.0000,,"PRINTED CHIFFON",,,,,,,N,910,Style,0.0000,N,0.00,118.0000,,,,,0.0000,0.0000,0.0000,0.0000,0.0000,0.00,0.00,0.00,,,,,N,,,,,,,,,,,,"2025-12-12 00:00:00","2026-04-20 00:00:00",,,,,,,,BROWN,0,,,,,"2026-05-18 00:00:00",0,0,,,,"2026-05-18 00:00:00",,,0.00,-80.00,0.00,0.00,,,"2026-04-09 15:40:57",0.0000,0.0000,,,,,,,,,,,,"2026-04-20 00:00:00","2026-04-20 00:00:00",
CD1059,BROWN,ACTIVE,,12.0000,,27.8600,,,,,yosup,"2026-04-09 15:40:57",SS26,69.00,24.00,0.00,0.00,"ELEVATOR DISCO","26 JUN",,,,,,,0.0000,0.0000,0.0000,0.0000,,,,,,,,,,0,0,,,Style,XS-XL,"ROSALINE MINI DRESS",DRESSES,,,,,,,,,yosup,"2026-04-09 15:40:57",,,,,"PRINTED CHIFFON",,,,,,,,907,Style,0.0000,,,78.0000,,,,,,,,,,0.00,0.00,0.00,,,,,,,,,,,,,,,,,"2026-05-08 00:00:00","2026-04-20 00:00:00","2026-04-17 00:00:00","2026-06-17 00:00:00",,,,370,,BROWN,0,,,301,,,0,0,,,,,,,69.00,45.00,45.00,0.00,,,"2026-04-09 15:40:57",0.0000,0.0000,,,,,,,,,,,,,,
CD1060,PINK,ACTIVE,,18.5000,,36.0000,0.0000,0.0000,0.0000,0.0000,yosup,"2026-04-09 15:40:57",SS26,38.00,6.00,0.00,0.00,"ELEVATOR DISCO","26 MAY",,,,,,,0.0000,0.0000,0.0000,0.0000,,,,,,,,,,0,0,,,Style,XS-XL,"HAPPY MINI DRESS",DRESSES,,,,,,,,,adrian,"2026-05-19 10:43:58",,,0.0000,,"BEADED MESH",,,,,,,N,810,Style,0.0000,N,0.00,98.0000,,,,,0.0000,0.0000,0.0000,0.0000,0.0000,0.00,0.00,6.00,,,,,N,1-2-2-1,,,,,,,,,,,"2026-04-21 00:00:00","2026-04-22 00:00:00","2026-06-19 13:06:54","2026-05-15 00:00:00",,,,313,,PINK,0,,,325,,,0,0,,,,,,,32.00,32.00,32.00,0.00,,,"2026-04-09 15:40:57",0.0000,0.0000,,,,,,,,,,,,,,
CD1061,WHITE,ACTIVE,,22.0000,,45.0000,0.0000,0.0000,0.0000,0.0000,yosup,"2026-04-09 15:40:57",SS26,4.00,0.00,0.00,0.00,"ELEVATOR DISCO","26 MAY",,,,,,,0.0000,0.0000,0.0000,0.0000,,,,,,,,,,0,0,,,Style,XS-XL,"DAY DREAM SET",DRESSES,,,,,,,,,adrian,"2026-05-19 10:44:43",,,0.0000,,CHIFFON,,,,,,,N,815,Style,0.0000,N,0.00,128.0000,,,,,0.0000,0.0000,0.0000,0.0000,0.0000,0.00,0.00,0.00,,,,,N,1-2-2-1,,,,,,,,,,,"2026-04-21 00:00:00","2026-04-30 00:00:00","2026-06-15 17:12:26","2026-06-11 00:00:00",,,,165,,WHITE,0,,,219,,,0,0,,,,,,,4.00,4.00,4.00,0.00,,,"2026-04-09 15:40:57",0.0000,0.0000,,,,,,,,,,,,,,
CD1062,WHITE,DROP,,0.0000,,52.0000,0.0000,0.0000,0.0000,0.0000,yosup,"2026-04-09 15:40:57",SS26,0.00,0.00,0.00,0.00,"ELEVATOR DISCO","26 MAY",,,,,,,0.0000,0.0000,0.0000,0.0000,,,,,,,,,,0,0,,,Style,XS-XL,"TWILIGHT DRIFT DRESS",DRESSES,,,,,,,,,design,"2026-05-27 11:46:26",,,0.0000,,"EYELET COTTON",,,,,,,N,884,Style,0.0000,N,0.00,148.0000,,,,,0.0000,0.0000,0.0000,0.0000,0.0000,0.00,0.00,0.00,,,,,N,1-2-2-1,,,,,,,,,,,,,,,,,,,,WHITE,0,,,,,,0,0,,,,,,,0.00,0.00,0.00,0.00,,,"2026-04-09 15:40:57",0.0000,0.0000,,,,,,,,,,,,,,
CD1065,FUCHSIA,ACTIVE,,15.8200,,42.0000,0.0000,0.0000,0.0000,0.0000,yosup,"2026-04-09 15:40:57",SS26,0.00,0.00,0.00,0.00,"ELEVATOR DISCO","26 JUN",,,,,,,0.0000,0.0000,0.0000,0.0000,,,,,,,,,,0,0,,,Style,XS-XL,"DISCO SASS MIDI DRESS",DRESSES,,,,,,,,,mike,"2026-05-19 16:41:41",,,0.0000,,SEQUIN,,,,,,,N,920,Style,0.0000,N,0.00,118.0000,,,,,0.0000,0.0000,0.0000,0.0000,0.0000,0.00,0.00,0.00,,,,,N,1-2-2-1,,,,,,,,,,,"2025-12-26 00:00:00","2026-04-21 00:00:00","2026-04-27 00:00:00","2026-04-24 00:00:00",,,,509,,FUCHSIA,0,,,509,,,0,0,,,,,,,0.00,0.00,0.00,0.00,,,"2026-04-09 15:40:57",0.0000,0.0000,,,,,,,,,,,,,,
CD1067,BLACK,ACTIVE,,0.0000,,31.0000,0.0000,0.0000,0.0000,0.0000,yosup,"2026-04-09 15:40:57",FW26,0.00,91.00,0.00,121.00,"ELEVATOR DISCO","26 SEP",,,,,,,0.0000,0.0000,0.0000,0.0000,,,,,,,,,,0,0,,,Style,XS-XL,"ELISA SWEATER MINI DRESS",DRESSES,,,,,,,,,minji,"2026-05-28 15:24:09",,,0.0000,,"VISCOSE SWEATER",,,,,,,N,1070,Style,0.0000,N,0.00,88.0000,,,,,0.0000,0.0000,0.0000,0.0000,0.0000,0.00,0.00,0.00,,,,,N,1-2-2-1,,,,,,,,,,,"2026-04-23 09:41:45","2026-05-28 00:00:00",,,,,,,,BLACK,0,,,,,,0,0,,,,,,,0.00,-91.00,30.00,0.00,,,"2026-04-09 15:40:57",0.0000,0.0000,,,,,,,,,,,,,,
CDT1061,WHITE,DROP,,15.6000,,34.0000,0.0000,0.0000,0.0000,0.0000,yosup,"2026-04-09 15:40:57",SS26,0.00,0.00,0.00,0.00,"ELEVATOR DISCO","26 MAY",,,,,,,0.0000,0.0000,0.0000,0.0000,,,,,,,,,,0,0,,,Style,XS-XL,"DAY DREAM SET",DRESSES,,,,,,,,,mike,"2026-05-19 16:35:26",,,0.0000,,CHIFFON,,,,,,,N,861,Style,0.0000,N,0.00,98.0000,,,,,0.0000,0.0000,0.0000,0.0000,0.0000,0.00,0.00,0.00,,,,,N,1-2-2-1,,,,,,,,,,,"2025-12-26 00:00:00","2026-04-21 00:00:00","2026-05-06 00:00:00","2026-04-28 00:00:00",,,,223,,WHITE,0,,,223,,,0,0,,,,,,,0.00,0.00,0.00,0.00,,,"2026-04-09 15:40:57",0.0000,0.0000,,,,,,,,,,,,,,
CP1001,WHITE,ACTIVE,,8.5000,,21.0000,0.0000,0.0000,0.0000,0.0000,yosup,"2026-04-09 15:40:57",SS26,66.00,0.00,0.00,0.00,"ELEVATOR DISCO","26 MAY",,,,,,,0.0000,0.0000,0.0000,0.0000,,,,,,,,,,0,0,,,Style,XS-XL,"MANDY SHORTS",SHORTS,,,,,,,,,adrian,"2026-05-19 10:45:30",,,0.0000,,LACE,,,,,,,N,867,Style,0.0000,N,0.00,58.0000,,,,,0.0000,0.0000,0.0000,0.0000,0.0000,0.00,0.00,0.00,,,,,N,1-2-2-1,,,,,,,,,,,"2026-04-21 00:00:00","2026-03-13 00:00:00","2026-06-22 16:47:43","2026-05-27 00:00:00",,,,102,,WHITE,0,,,36,,,0,0,,,,,,,66.00,66.00,66.00,0.00,,,"2026-04-09 15:40:57",0.0000,0.0000,,,,,,,,,,,,,,
CP1003,PINK,DROP,,,,33.0000,,,,,yosup,"2026-04-09 15:40:57",SS26,0.00,0.00,0.00,0.00,"ELEVATOR DISCO","26 MAY",,,,,,,0.0000,0.0000,0.0000,0.0000,,,,,,,,,,0,0,,,Style,XS-XL,"GENTLE RIVER PANTS",PANTS,,,,,,,,,yosup,"2026-04-09 15:40:57",,,,,LACE,,,,,,,,880,Style,0.0000,,,88.0000,,,,,,,,,,0.00,0.00,0.00,,,,,,,,,,,,,,,,,,,,,,,,,,PINK,0,,,,,,0,0,,,,,,,0.00,0.00,0.00,0.00,,,"2026-04-09 15:40:57",0.0000,0.0000,,,,,,,,,,,,,,
CP1004,WHITE,ACTIVE,,8.9500,,24.0000,,,,,yosup,"2026-04-09 15:40:57",SS26,28.00,124.00,0.00,108.00,"ELEVATOR DISCO","26 JUN",,,,,,,0.0000,0.0000,0.0000,0.0000,,,,,,,,,,0,0,,,Style,XS-XL,"PARIS SHORTS",SHORTS,,,,,,,,,yosup,"2026-04-09 15:40:57",,,,,"CRINKLED CHIFFON LAC",,,,,,,,948,Style,0.0000,,,68.0000,,,,,,,,,,0.00,0.00,0.00,,,,,,,,,,,,,,,,,"2026-04-21 00:00:00","2026-04-21 00:00:00","2026-06-27 12:07:36","2026-06-25 00:00:00",,,,640,,WHITE,0,,,612,,,0,0,,,,,,,28.00,-96.00,12.00,0.00,,,"2026-04-09 15:40:57",0.0000,0.0000,,,,,,,,,,,,,,
CP1005,MINT,ACTIVE,,10.5000,,24.0000,0.0000,0.0000,0.0000,0.0000,yosup,"2026-04-09 15:40:57",SS26,0.00,66.00,0.00,102.00,"ELEVATOR DISCO","26 JUN",,,,,,,0.0000,0.0000,0.0000,0.0000,,,,,,,,,,0,0,,,Style,XS-XL,"MOONVEIL VIBE SHORTS",SHORTS,STENUE,,,,,,,,Marie,"2026-05-26 15:35:57",,,0.0000,,"CRINKLED CHIFFON LAC",,,,,,,N,925,Style,0.0000,N,0.00,68.0000,,,,,0.0000,0.0000,0.0000,0.0000,0.0000,0.00,0.00,0.00,,,,,N,1-2-2-1,,,,,,,,,,,"2026-04-21 00:00:00","2026-01-08 00:00:00",,,,,,,,MINT,0,,,,,"2026-05-29 00:00:00",0,0,,,,"2026-05-29 00:00:00",,,0.00,-66.00,36.00,0.00,,,"2026-04-09 15:40:57",0.0000,0.0000,,,,,,,,,,,,,,
CP1006,CREAM,ACTIVE,,8.9000,,24.0000,0.0000,0.0000,0.0000,0.0000,yosup,"2026-04-09 15:40:57",SS26,31.00,18.00,0.00,0.00,"ELEVATOR DISCO","26 JUN",,,,,,,0.0000,0.0000,0.0000,0.0000,,,,,,,,,,0,0,,,Style,XS-XL,"DEWDROP BUBBLE SHORTS",SHORTS,,,,,,,,,design,"2026-06-11 13:26:05",,,0.0000,,CHIFFON,,,,,,,N,915,Style,0.0000,N,0.00,68.0000,,,,,0.0000,0.0000,0.0000,0.0000,0.0000,0.00,0.00,0.00,,,,,N,1-2-2-1,,,,,,,,,,,"2026-02-10 00:00:00","2026-04-21 00:00:00","2026-04-27 00:00:00","2026-05-06 00:00:00",,,,406,,CREAM,0,,,375,,,0,0,,,,,,,31.00,13.00,13.00,0.00,,,"2026-04-09 15:40:57",0.0000,0.0000,,,,,,,,,,,,,,
CP1007,BLUE,ACTIVE,,14.5000,,28.0000,0.0000,0.0000,0.0000,0.0000,yosup,"2026-04-09 15:40:57",SS26,36.00,6.00,0.00,0.00,"ELEVATOR DISCO","26 MAY",,,,,,,0.0000,0.0000,0.0000,0.0000,,,,,,,,,,0,0,,,Style,XS-XL,"SOCIAL BUTTERFLY ROMPER",PANTS,,,,,,,,,mike,"2026-05-20 11:57:45",,,0.0000,,COTTON,,,,,,,N,839,Style,0.0000,N,0.00,78.0000,,,,,0.0000,0.0000,0.0000,0.0000,0.0000,0.00,6.00,0.00,,,,,N,1-2-2-1,,,,,,,,,,,"2026-05-01 00:00:00","2026-04-21 00:00:00","2026-06-05 14:08:02","2026-05-20 00:00:00",,,,272,,BLUE,0,,,230,,,0,0,,,,,,,30.00,30.00,30.00,0.00,,,"2026-04-09 15:40:57",0.0000,0.0000,,,,,,,,,,,,,,
CP1008V,CREAM,ACTIVE,,6.7000,,14.5400,,,,,support,"2026-04-14 12:44:54",,-199.00,0.00,0.00,300.00,FREESIA,"12TH TRIBE",,,,,,,0.0000,0.0000,0.0000,0.0000,,,,,,,,,,0,0,,,Style,XS-XL,"CREAM SATIN MID RISE SHORTS",,,,,,,,,,support,"2026-04-14 12:44:54",,,,,,,,,,,,,1160,Style,0.0000,,,0.0000,,,,,,,,,,0.00,0.00,0.00,,,,,,,,,,,,,,,,,"2026-01-29 00:00:00","2026-06-26 00:00:00","2026-06-23 11:32:06",,,,,,,CREAM,0,,,199,,"2026-08-20 00:00:00",0,0,,,,"2026-08-20 00:00:00",STANFORD,,-199.00,-199.00,101.00,0.00,,,"2026-04-14 12:44:54",0.0000,0.0000,,,,,,,,,,,,"2026-07-30 00:00:00","2026-07-30 00:00:00",
CP1009,"LIGHT YELLOW",DROP,,0.0000,,24.0000,0.0000,0.0000,0.0000,0.0000,yosup,"2026-04-09 15:40:57",SS26,0.00,0.00,0.00,0.00,"ELEVATOR DISCO","26 JUN",,,,,,,0.0000,0.0000,0.0000,0.0000,,,,,,,,,,0,0,,,Style,XS-XL,"PROGRESS SHORTS",SHORTS,,,,,,,,,design,"2026-06-11 13:26:52",,,0.0000,,TWEED,,,,,,,N,961,Style,0.0000,N,0.00,68.0000,,,,,0.0000,0.0000,0.0000,0.0000,0.0000,0.00,0.00,0.00,,,,,N,1-2-2-1,,,,,,,,,,,,,,,,,,,,"LIGHT YELLOW",0,,,,,,0,0,,,,,,,0.00,0.00,0.00,0.00,,,"2026-04-09 15:40:57",0.0000,0.0000,,,,,,,,,,,,,,
CP1010,"PINK CREAM",ACTIVE,,11.0000,,24.0000,,,,,yosup,"2026-04-09 15:40:57",SS26,76.00,58.00,0.00,40.00,"ELEVATOR DISCO","26 JUN",,,,,,,0.0000,0.0000,0.0000,0.0000,,,,,,,,,,0,0,,,Style,XS-XL,"SUNDAY VIBES SHORTS",SHORTS,,,,,,,,,yosup,"2026-04-09 15:40:57",,,,,PIQUE,,,,,,,,828,Style,0.0000,,,68.0000,,,,,,,,,,0.00,0.00,0.00,,,,,,,,,,,,,,,,,"2026-03-31 00:00:00","2026-04-20 00:00:00","2026-06-27 12:07:36","2026-05-06 00:00:00",,,,42,,"PINK CREAM",0,,,46,,"2026-05-18 00:00:00",0,0,,,,"2026-05-18 00:00:00",,,76.00,18.00,58.00,0.00,,,"2026-04-09 15:40:57",0.0000,0.0000,,,,,,,,,,,,"2026-04-20 00:00:00","2026-04-20 00:00:00",
CP1012,"PINK BROWN",ACTIVE,,7.2000,,21.0000,0.0000,0.0000,0.0000,0.0000,yosup,"2026-04-09 15:40:57",SS26,12.00,12.00,0.00,0.00,"ELEVATOR DISCO","26 MAY",,,,,,,0.0000,0.0000,0.0000,0.0000,,,,,,,,,,0,0,,,Style,XS-XL,"SAFE ZONE SHORTS",SHORTS,,,,,,,,,adrian,"2026-05-19 10:46:12",,,0.0000,,COTTON,,,,,,,N,813,Style,0.0000,N,0.00,58.0000,,,,,0.0000,0.0000,0.0000,0.0000,0.0000,0.00,0.00,0.00,,,,,N,1-2-2-1,,,,,,,,,,,"2026-03-31 00:00:00","2026-04-22 00:00:00","2026-06-12 10:51:33","2026-05-06 00:00:00",,,,42,,"PINK BROWN",0,,,118,,,0,0,,,,,,,12.00,0.00,0.00,0.00,,,"2026-04-09 15:40:57",0.0000,0.0000,,,,,,,,,,,,,,
CP1013,"PINK MULTI",DROP,,,,28.0000,,,,,yosup,"2026-04-09 15:40:57",SS26,0.00,0.00,0.00,0.00,"ELEVATOR DISCO","26 JUN",,,,,,,0.0000,0.0000,0.0000,0.0000,,,,,,,,,,0,0,,,Style,XS-XL,"LOUNGE BAR PANTS",PANTS,,,,,,,,,yosup,"2026-04-09 15:40:57",,,,,"CROCHET KNIT",,,,,,,,968,Style,0.0000,,,78.0000,,,,,,,,,,0.00,0.00,0.00,,,,,,,,,,,,,,,,,,,,,,,,,,"PINK MULTI",0,,,,,,0,0,,,,,,,0.00,0.00,0.00,0.00,,,"2026-04-09 15:40:57",0.0000,0.0000,,,,,,,,,,,,,,
CP1014,"BLUE MULTI",ACTIVE,,8.8000,,20.7100,0.0000,0.0000,0.0000,0.0000,yosup,"2026-04-09 15:40:57",SS26,13.00,0.00,0.00,0.00,"ELEVATOR DISCO","26 MAY",,,,,,,0.0000,0.0000,0.0000,0.0000,,,,,,,,,,0,0,,,Style,XS-XL,"CANDICE SHORTS",SHORTS,,,,,,,,,adrian,"2026-05-19 10:46:39",,,0.0000,,"CROCHET KNIT",,,,,,,N,805,Style,0.0000,N,0.00,58.0000,,,,,0.0000,0.0000,0.0000,0.0000,0.0000,0.00,0.00,0.00,,,,,N,1-2-2-1,,,,,,,,,,,"2026-05-14 00:00:00","2026-04-22 00:00:00","2026-06-15 17:13:47","2026-05-06 00:00:00",,,,63,,"BLUE MULTI",0,,,88,,,0,0,,,,,,,13.00,13.00,13.00,0.00,,,"2026-04-09 15:40:57",0.0000,0.0000,,,,,,,,,,,,,,
CP1015,WHITE,DROP,,,,42.0000,,,,,yosup,"2026-04-09 15:40:57",SS26,0.00,0.00,0.00,0.00,"ELEVATOR DISCO","26 MAY",,,,,,,0.0000,0.0000,0.0000,0.0000,,,,,,,,,,0,0,,,Style,XS-XL,"CLOUD9 JUMPER",PANTS,,,,,,,,,yosup,"2026-04-09 15:40:57",,,,,POPLIN,,,,,,,,888,Style,0.0000,,,118.0000,,,,,,,,,,0.00,0.00,0.00,,,,,,,,,,,,,,,,,,,,,,,,,,WHITE,0,,,,,,0,0,,,,,,,0.00,0.00,0.00,0.00,,,"2026-04-09 15:40:57",0.0000,0.0000,,,,,,,,,,,,,,
CP1016,BLUE,ACTIVE,,9.9000,,20.7100,0.0000,0.0000,0.0000,0.0000,yosup,"2026-04-09 15:40:57",SS26,89.00,6.00,0.00,0.00,"ELEVATOR DISCO","26 MAY",,,,,,,0.0000,0.0000,0.0000,0.0000,,,,,,,,,,0,0,,,Style,XS-XL,"ASHLEY SHORTS",SHORTS,,,,,,,,,adrian,"2026-05-19 10:47:04",,,0.0000,,POPLIN,,,,,,,N,802,Style,0.0000,N,0.00,58.0000,,,,,0.0000,0.0000,0.0000,0.0000,0.0000,0.00,0.00,6.00,,,,,N,1-2-2-1,,,,,,,,,,,"2026-03-31 00:00:00","2026-04-22 00:00:00","2026-06-26 16:42:15","2026-05-06 00:00:00",,,,227,,BLUE,0,,,234,,,0,0,,,,,,,83.00,83.00,83.00,0.00,,,"2026-04-09 15:40:57",0.0000,0.0000,,,,,,,,,,,,,,
CP1017,WHITE,ACTIVE,,15.5000,,31.4300,0.0000,0.0000,0.0000,0.0000,yosup,"2026-04-09 15:40:57",SS26,60.00,0.00,0.00,0.00,"ELEVATOR DISCO","26 MAY",,,,,,,0.0000,0.0000,0.0000,0.0000,,,,,,,,,,0,0,,,Style,XS-XL,"CASSIDY PANTS",SKIRTS,,,,,,,,,jenna,"2026-05-20 09:49:52",,,0.0000,,"EMBROIDERY POPLIN",,,,,,,N,868,Style,0.0000,N,0.00,88.0000,,,,,0.0000,0.0000,0.0000,0.0000,0.0000,0.00,0.00,0.00,,,,,N,1-2-2-1,,,,,,,,,,,"2026-04-21 00:00:00","2026-03-13 00:00:00","2026-06-17 16:05:44","2026-06-11 00:00:00",,,,120,,WHITE,0,,,60,,,0,0,,,,,,,60.00,60.00,60.00,0.00,,,"2026-04-09 15:40:57",0.0000,0.0000,,,,,,,,,,,,,,
CP1018,WHITE,ACTIVE,,14.0000,,31.0000,0.0000,0.0000,0.0000,0.0000,yosup,"2026-04-09 15:40:57",SS26,31.00,0.00,0.00,0.00,"ELEVATOR DISCO","26 MAY",,,,,,,0.0000,0.0000,0.0000,0.0000,,,,,,,,,,0,0,,,Style,XS-XL,"THE SHOW PANTS",PANTS,,,,,,,,,adrian,"2026-05-19 10:47:32",,,0.0000,,POPLIN,,,,,,,N,816,Style,0.0000,N,0.00,88.0000,,,,,0.0000,0.0000,0.0000,0.0000,0.0000,0.00,0.00,0.00,,,,,N,1-2-2-1,,,,,,,,,,,"2026-04-17 00:00:00","2026-04-22 00:00:00","2026-06-02 15:14:11","2026-05-06 00:00:00",,,,37,,WHITE,0,,,94,,,0,0,,,,,,,31.00,31.00,31.00,0.00,,,"2026-04-09 15:40:57",0.0000,0.0000,,,,,,,,,,,,,,
CP1019,"LIME GREEN",ACTIVE,,,,21.0000,,,,,yosup,"2026-04-09 15:40:57",SS26,0.00,30.00,0.00,102.00,"ELEVATOR DISCO","26 JUN",,,,,,,0.0000,0.0000,0.0000,0.0000,,,,,,,,,,0,0,,,Style,XS-XL,"VIVA SHORTS",SHORTS,,,,,,,,,yosup,"2026-04-09 15:40:57",,,,,POPLIN,,,,,,,,921,Style,0.0000,,,58.0000,,,,,,,,,,0.00,0.00,0.00,,,,,,,,,,,,,,,,,"2026-03-03 00:00:00","2026-01-09 00:00:00",,,,,,,,"LIME GREEN",0,,,,,,0,0,,,,,,,0.00,-30.00,72.00,0.00,,,"2026-04-09 15:40:57",0.0000,0.0000,,,,,,,,,,,,,,
CP1020,WHITE,DROP,,18.5000,,31.0000,0.0000,0.0000,0.0000,0.0000,yosup,"2026-04-09 15:40:57",SS26,0.00,0.00,0.00,0.00,"ELEVATOR DISCO","26 JUN",,,,,,,0.0000,0.0000,0.0000,0.0000,,,,,,,,,,0,0,,,Style,XS-XL,"AFTERHOUR PEAK PANTS",PANTS,,,,,,,,,shipping,"2026-06-16 16:40:27",,,0.0000,,"BEADED MESH",,,,,,,N,947,Style,0.0000,N,0.00,88.0000,,,,,0.0000,0.0000,0.0000,0.0000,0.0000,0.00,0.00,0.00,,,,,N,1-2-2-1,,,,,,,,,,,"2026-04-17 00:00:00","2026-03-23 00:00:00",,,,,,,,WHITE,0,,,,,,0,0,,,,,,,0.00,0.00,0.00,0.00,,,"2026-04-09 15:40:57",0.0000,0.0000,,,,,,,,,,,,,,
CP1021,MINT,ACTIVE,,11.2000,,25.0000,0.0000,0.0000,0.0000,0.0000,yosup,"2026-04-09 15:40:57",SS26,11.00,6.00,0.00,0.00,"ELEVATOR DISCO","26 MAY",,,,,,,0.0000,0.0000,0.0000,0.0000,,,,,,,,,,0,0,,,Style,XS-XL,"SARA MINI SKIRT",SKIRTS,,,,,,,,,mike,"2026-06-16 14:31:58",,,0.0000,,TWEED,,,,,,,N,808,Style,0.0000,N,0.00,68.0000,,,,,0.0000,0.0000,0.0000,0.0000,0.0000,0.00,6.00,0.00,,,,,N,1-2-2-1,,,,,,,,,,,"2026-05-01 00:00:00","2026-05-20 00:00:00","2026-06-26 16:42:15","2026-05-20 00:00:00",,,,101,,MINT,0,,,108,,,0,0,,,,,,,5.00,5.00,5.00,0.00,,,"2026-04-09 15:40:57",0.0000,0.0000,,,,,,,,,,,,,,
CP1023,"BLACK WHITE",ACTIVE,,8.9000,,21.0000,0.0000,0.0000,0.0000,0.0000,yosup,"2026-04-09 15:40:57",SS26,102.00,72.00,0.00,0.00,"ELEVATOR DISCO","26 JUN",,,,,,,0.0000,0.0000,0.0000,0.0000,,,,,,,,,,0,0,,,Style,XS-XL,"FABLE WRITER SHORTS",SHORTS,,,,,,,,,minji,"2026-05-13 14:24:15",,,0.0000,,POPLIN,,,,,,,N,904,Style,0.0000,N,0.00,58.0000,,,,,0.0000,0.0000,0.0000,0.0000,0.0000,0.00,0.00,0.00,,,,,N,1-2-2-1,,,,,,,,,,,"2026-03-02 00:00:00","2026-03-23 00:00:00",,"2026-06-25 00:00:00",,,,102,,"BLACK WHITE",0,,,,,,0,0,,,,,,,102.00,30.00,30.00,0.00,,,"2026-04-09 15:40:57",0.0000,0.0000,,,,,,,,,,,,,,
CP1024,"BLACK WHITE",DROP,,,,33.0000,,,,,yosup,"2026-04-09 15:40:57",SS26,0.00,0.00,0.00,0.00,"ELEVATOR DISCO","26 JUN",,,,,,,0.0000,0.0000,0.0000,0.0000,,,,,,,,,,0,0,,,Style,XS-XL,"SENSES SHORTS",SHORTS,,,,,,,,,yosup,"2026-04-09 15:40:57",,,,,"EMBROIDERED RAMIE",,,,,,,,955,Style,0.0000,,,88.0000,,,,,,,,,,0.00,0.00,0.00,,,,,,,,,,,,,,,,,,,,,,,,,,"BLACK WHITE",0,,,,,,0,0,,,,,,,0.00,0.00,0.00,0.00,,,"2026-04-09 15:40:57",0.0000,0.0000,,,,,,,,,,,,,,
CP1025,"PINK MULTI",ACTIVE,,13.0000,,28.0000,,,,,yosup,"2026-04-09 15:40:57",SS26,102.00,54.00,0.00,0.00,"ELEVATOR DISCO","26 JUN",,,,,,,0.0000,0.0000,0.0000,0.0000,,,,,,,,,,0,0,,,Style,XS-XL,"MANNERS PANTS",PANTS,,,,,,,,,yosup,"2026-04-09 15:40:57",,,,,"CROCHET KNIT",,,,,,,,935,Style,0.0000,,,78.0000,,,,,,,,,,0.00,0.00,0.00,,,,,,,,,,,,,,,,,"2026-05-14 00:00:00","2026-03-23 00:00:00","2026-06-27 12:07:36","2026-06-25 00:00:00",,,,108,,"PINK MULTI",0,,,6,,,0,0,,,,,,,102.00,48.00,48.00,0.00,,,"2026-04-09 15:40:57",0.0000,0.0000,,,,,,,,,,,,,,
CP1026,BROWN,ACTIVE,,12.0000,,31.0000,,,,,yosup,"2026-04-09 15:40:57",SS26,138.00,117.00,0.00,0.00,"ELEVATOR DISCO","26 JUN",,,,,,,0.0000,0.0000,0.0000,0.0000,,,,,,,,,,0,0,,,Style,XS-XL,"MIDNIGHT DRIVE ROMPER",PANTS,,,,,,,,,yosup,"2026-04-09 15:40:57",,,,,"EMBROIDERED COTTON",,,,,,,,911,Style,0.0000,,,88.0000,,,,,,,,,,0.00,0.00,0.00,,,,,,,,,,,,,,,,,"2026-05-08 00:00:00","2026-04-20 00:00:00","2026-06-27 12:07:36","2026-06-25 00:00:00",,,,144,,BROWN,0,,,6,,,0,0,,,,,,,138.00,21.00,21.00,0.00,,,"2026-04-09 15:40:57",0.0000,0.0000,,,,,,,,,,,,,,
CP1028,"WHITE BLUE",ACTIVE,,15.7000,,41.0000,0.0000,0.0000,0.0000,0.0000,yosup,"2026-04-09 15:40:57",SS26,16.00,0.00,0.00,0.00,"ELEVATOR DISCO","26 MAY",,,,,,,0.0000,0.0000,0.0000,0.0000,,,,,,,,,,0,0,,,Style,XS-XL,"SOPHIA ROMPER + SCARF",PANTS,,,,,,,,,adrian,"2026-05-19 10:48:30",,,0.0000,,COTTON,,,,,,,N,872,Style,0.0000,N,0.00,118.0000,,,,,0.0000,0.0000,0.0000,0.0000,0.0000,0.00,0.00,0.00,,,,,N,1-2-2-1,,,,,,,,,,,"2026-03-03 00:00:00","2026-04-22 00:00:00","2026-06-02 16:19:21","2026-05-06 00:00:00",,,,209,,"WHITE BLUE",0,,,199,,,0,0,,,,,,,16.00,16.00,16.00,0.00,,,"2026-04-09 15:40:57",0.0000,0.0000,,,,,,,,,,,,,,
CP1029,"LIGHT BLUE",ACTIVE,,,,21.0000,,,,,yosup,"2026-04-09 15:40:57",SS26,93.00,18.00,0.00,0.00,"ELEVATOR DISCO","26 JUN",,,,,,,0.0000,0.0000,0.0000,0.0000,,,,,,,,,,0,0,,,Style,XS-XL,"MORNING VIBES SHORTS",SHORTS,,,,,,,,,yosup,"2026-04-09 15:40:57",,,,,POPLIN,,,,,,,,923,Style,0.0000,,,58.0000,,,,,,,,,,0.00,0.00,0.00,,,,,,,,,,,,,,,,,"2026-03-03 00:00:00","2026-04-21 00:00:00","2026-06-10 17:20:43","2026-05-20 00:00:00",,,,558,,"LIGHT BLUE",0,,,465,,,0,0,,,,,,,93.00,75.00,75.00,0.00,,,"2026-04-09 15:40:57",0.0000,0.0000,,,,,,,,,,,,,,
CP1030,BLUE,ACTIVE,,0.0000,,32.0000,0.0000,0.0000,0.0000,0.0000,yosup,"2026-04-09 15:40:57",SS26,12.00,0.00,0.00,0.00,"ELEVATOR DISCO","26 MAY",,,,,,,0.0000,0.0000,0.0000,0.0000,,,,,,,,,,0,0,,,Style,XS-XL,"FEELS ROMPER",PANTS,,,,,,,,,adrian,"2026-05-19 10:48:58",,,0.0000,,POPLIN,,,,,,,N,840,Style,0.0000,N,0.00,88.0000,,,,,0.0000,0.0000,0.0000,0.0000,0.0000,0.00,0.00,0.00,,,,,N,1-2-2-1,,,,,,,,,,,"2026-04-16 00:00:00","2026-03-13 00:00:00","2026-06-12 10:51:33","2026-05-28 00:00:00",,,,66,,BLUE,0,,,30,,,0,0,,,,,,,12.00,12.00,12.00,0.00,,,"2026-04-09 15:40:57",0.0000,0.0000,,,,,,,,,,,,,,
CP1034,PINK,ACTIVE,,10.6000,,21.0000,,,,,yosup,"2026-04-09 15:40:57",SS26,138.00,30.00,0.00,0.00,"ELEVATOR DISCO","26 JUN",,,,,,,0.0000,0.0000,0.0000,0.0000,,,,,,,,,,0,0,,,Style,XS-XL,"SOFT SERVE SHORTS",SHORTS,,,,,,,,,yosup,"2026-04-09 15:40:57",,,,,COTTON,,,,,,,,929,Style,0.0000,,,58.0000,,,,,,,,,,0.00,0.00,0.00,,,,,,,,,,,,,,,,,"2026-04-20 00:00:00","2026-04-21 00:00:00","2026-04-27 00:00:00","2026-05-01 00:00:00",,,,597,,PINK,0,,,459,,,0,0,,,,,,,138.00,108.00,108.00,0.00,,,"2026-04-09 15:40:57",0.0000,0.0000,,,,,,,,,,,,,,
CS1001,CREAM,ACTIVE,,9.5000,,21.0000,0.0000,0.0000,0.0000,0.0000,yosup,"2026-04-09 15:40:57",SS26,41.00,0.00,0.00,0.00,"ELEVATOR DISCO","26 MAY",,,,,,,0.0000,0.0000,0.0000,0.0000,,,,,,,,,,0,0,,,Style,XS-XL,"GET ME SKIRT",SKIRTS,,,,,,,,,adrian,"2026-05-19 10:49:22",,,0.0000,,LACE,,,,,,,N,807,Style,0.0000,N,0.00,58.0000,,,,,0.0000,0.0000,0.0000,0.0000,0.0000,0.00,0.00,0.00,,,,,N,1-2-2-1,,,,,,,,,,,"2026-06-01 00:00:00","2026-04-22 00:00:00","2026-06-27 11:58:04","2026-05-06 00:00:00",,,,83,,CREAM,0,,,82,,,0,0,,,,,,,41.00,41.00,41.00,0.00,,,"2026-04-09 15:40:57",0.0000,0.0000,,,,,,,,,,,,,,
CS1002,PINK,ACTIVE,,14.8000,,31.0000,0.0000,0.0000,0.0000,0.0000,yosup,"2026-04-09 15:40:57",SS26,18.00,0.00,0.00,0.00,"ELEVATOR DISCO","26 MAY",,,,,,,14.8000,0.0000,0.0000,0.0000,,,,,,,,,,0,0,EACH,,Style,XS-XL,"LUNA DISCO SKIRT",SKIRTS,STENUE,,,,,,,,mike,"2026-05-20 11:34:23",Import,,0.0000,,"POLY CROCHET",,,,USD,,,N,812,Style,0.0000,N,0.00,88.0000,,,,,0.0000,0.0000,0.0000,0.0000,0.0000,0.00,0.00,0.00,,,,,N,1-2-2-1,,,,,PO,,,,,,"2026-04-21 00:00:00","2026-04-30 00:00:00","2026-06-17 16:05:44","2026-05-27 00:00:00",,,,213,,PINK,0,,,296,,,0,0,,,,,,,18.00,18.00,18.00,0.00,,,"2026-04-09 15:40:57",14.8000,0.0000,,,,,,,,,,,,,,
CS1004,PINK,DROP,,,,33.0000,,,,,yosup,"2026-04-09 15:40:57",SS26,0.00,0.00,0.00,0.00,"ELEVATOR DISCO","26 MAY",,,,,,,0.0000,0.0000,0.0000,0.0000,,,,,,,,,,0,0,,,Style,XS-XL,"TREASURE SKIRT",SKIRTS,,,,,,,,,yosup,"2026-04-09 15:40:57",,,,,EMBROIDERED,,,,,,,,881,Style,0.0000,,,88.0000,,,,,,,,,,0.00,0.00,0.00,,,,,,,,,,,,,,,,,,,,,,,,,,PINK,0,,,,,,0,0,,,,,,,0.00,0.00,0.00,0.00,,,"2026-04-09 15:40:57",0.0000,0.0000,,,,,,,,,,,,,,
CS1005,WHITE,DROP,,,,24.0000,,,,,yosup,"2026-04-09 15:40:57",SS26,0.00,0.00,0.00,0.00,"ELEVATOR DISCO","26 MAY",,,,,,,0.0000,0.0000,0.0000,0.0000,,,,,,,,,,0,0,,,Style,XS-XL,"HOT ISSUE MINI SKIRT",SKIRTS,,,,,,,,,yosup,"2026-04-09 15:40:57",,,,,TENCEL,,,,,,,,889,Style,0.0000,,,68.0000,,,,,,,,,,0.00,0.00,0.00,,,,,,,,,,,,,,,,,,,,,,,,,,WHITE,0,,,,,,0,0,,,,,,,0.00,0.00,0.00,0.00,,,"2026-04-09 15:40:57",0.0000,0.0000,,,,,,,,,,,,,,
CS1006,WHITE,DROP,,,,24.0000,,,,,yosup,"2026-04-09 15:40:57",SS26,0.00,0.00,0.00,0.00,"ELEVATOR DISCO","26 JUN",,,,,,,0.0000,0.0000,0.0000,0.0000,,,,,,,,,,0,0,,,Style,XS-XL,"FIFTH SENSE MINI SKIRT",SKIRTS,,,,,,,,,yosup,"2026-04-09 15:40:57",,,,,"JAQCUARD EMBROIDERED",,,,,,,,971,Style,0.0000,,,68.0000,,,,,,,,,,0.00,0.00,0.00,,,,,,,,,,,,,,,,,,,,,,,,,,WHITE,0,,,,,,0,0,,,,,,,0.00,0.00,0.00,0.00,,,"2026-04-09 15:40:57",0.0000,0.0000,,,,,,,,,,,,,,
CS1008,"LIGHT BLUE",ACTIVE,,11.5000,,24.0000,0.0000,0.0000,0.0000,0.0000,yosup,"2026-04-09 15:40:57",SS26,5.00,0.00,0.00,0.00,"ELEVATOR DISCO","26 MAY",,,,,,,0.0000,0.0000,0.0000,0.0000,,,,,,,,,,0,0,,,Style,XS-XL,"IDEAL MINI SKIRT",SKIRTS,,,,,,,,,adrian,"2026-05-19 10:50:30",,,0.0000,,COTTON,,,,,,,N,850,Style,0.0000,N,0.00,68.0000,,,,,0.0000,0.0000,0.0000,0.0000,0.0000,0.00,0.00,0.00,,,,,N,1-2-2-1,,,,,,,,,,,"2026-06-26 11:34:07","2026-01-09 00:00:00","2026-06-26 16:24:05","2026-05-27 00:00:00",,,,102,,"LIGHT BLUE",0,,,97,,,0,0,,,,,,,5.00,5.00,5.00,0.00,,,"2026-04-09 15:40:57",0.0000,0.0000,,,,,,,,,,,,,,
CS1009,"LIGHT YELLOW",DROP,,,,24.0000,,,,,yosup,"2026-04-09 15:40:57",SS26,0.00,0.00,0.00,0.00,"ELEVATOR DISCO","26 JUN",,,,,,,0.0000,0.0000,0.0000,0.0000,,,,,,,,,,0,0,,,Style,XS-XL,"PLANNER MINI SKIRT",SKIRTS,,,,,,,,,yosup,"2026-04-09 15:40:57",,,,,TWEED,,,,,,,,962,Style,0.0000,,,68.0000,,,,,,,,,,0.00,0.00,0.00,,,,,,,,,,,,,,,,,,,,,,,,,,"LIGHT YELLOW",0,,,,,,0,0,,,,,,,0.00,0.00,0.00,0.00,,,"2026-04-09 15:40:57",0.0000,0.0000,,,,,,,,,,,,,,
CS1010,"WHITE MULTI",ACTIVE,,11.5000,,24.0000,0.0000,0.0000,0.0000,0.0000,yosup,"2026-04-09 15:40:57",SS26,42.00,0.00,0.00,0.00,"ELEVATOR DISCO","26 MAY",,,,,,,0.0000,0.0000,0.0000,0.0000,,,,,,,,,,0,0,,,Style,XS-XL,"LONE SCRIPT MINI SKIRT",SKIRTS,,,,,,,,,adrian,"2026-05-19 10:50:55",,,0.0000,,SEQUIN,,,,,,,N,819,Style,0.0000,N,0.00,68.0000,,,,,0.0000,0.0000,0.0000,0.0000,0.0000,0.00,0.00,0.00,,,,,N,1-2-2-1,,,,,,,,,,,"2026-03-31 00:00:00","2026-04-22 00:00:00","2026-06-04 16:48:27","2026-05-06 00:00:00",,,,56,,"WHITE MULTI",0,,,62,,,0,0,,,,,,,42.00,42.00,42.00,0.00,,,"2026-04-09 15:40:57",0.0000,0.0000,,,,,,,,,,,,,,
CS1014,MINT,ACTIVE,,0.0000,,33.0000,0.0000,0.0000,0.0000,0.0000,yosup,"2026-04-09 15:40:57",SS26,0.00,42.00,0.00,102.00,"ELEVATOR DISCO","26 JUN",,,,,,,0.0000,0.0000,0.0000,0.0000,,,,,,,,,,0,0,,,Style,XS-XL,"DANCE WITH ME MIDI SKIRT",SKIRTS,,,,,,,,,minji,"2026-05-13 09:34:27",,,0.0000,,SEQUIN,,,,,,,N,926,Style,0.0000,N,0.00,88.0000,,,,,0.0000,0.0000,0.0000,0.0000,0.0000,0.00,0.00,0.00,,,,,N,1-2-2-1,,,,,,,,,,,"2026-03-02 00:00:00","2026-01-07 00:00:00",,,,,,,,MINT,0,,,,,"2026-05-29 00:00:00",0,0,,,,"2026-05-29 00:00:00",,,0.00,-42.00,60.00,0.00,,,"2026-04-09 15:40:57",0.0000,0.0000,,,,,,,,,,,,,,
CS1015,FUCHSIA,DROP,,,,25.0000,,,,,yosup,"2026-04-09 15:40:57",SS26,0.00,0.00,0.00,0.00,"ELEVATOR DISCO","26 JUN",,,,,,,0.0000,0.0000,0.0000,0.0000,,,,,,,,,,0,0,,,Style,XS-XL,"DISCO SWAN MINI SKIRT",SKIRTS,,,,,,,,,yosup,"2026-04-09 15:40:57",,,,,SEQUIN,,,,,,,,957,Style,0.0000,,,68.0000,,,,,,,,,,0.00,0.00,0.00,,,,,,,,,,,,,,,,,,,,,,,,,,FUCHSIA,0,,,,,,0,0,,,,,,,0.00,0.00,0.00,0.00,,,"2026-04-09 15:40:57",0.0000,0.0000,,,,,,,,,,,,,,
CS1015B,"WHITE BLUE",DROP,,,,24.0000,,,,,yosup,"2026-04-09 15:40:57",SS26,0.00,0.00,0.00,0.00,"ELEVATOR DISCO","26 MAY",,,,,,,0.0000,0.0000,0.0000,0.0000,,,,,,,,,,0,0,,,Style,XS-XL,"CECE MINI SKIRT",SKIRTS,,,,,,,,,yosup,"2026-04-09 15:40:57",,,,,"PRINTED SEQUIN",,,,,,,,894,Style,0.0000,,,68.0000,,,,,,,,,,0.00,0.00,0.00,,,,,,,,,,,,,,,,,,,,,,,,,,"WHITE BLUE",0,,,,,,0,0,,,,,,,0.00,0.00,0.00,0.00,,,"2026-04-09 15:40:57",0.0000,0.0000,,,,,,,,,,,,,,
CS1016,"SAGE GREEN",ACTIVE,,11.2000,,24.0000,,,,,yosup,"2026-04-09 15:40:57",SS26,0.00,42.00,0.00,102.00,"ELEVATOR DISCO","26 JUN",,,,,,,0.0000,0.0000,0.0000,0.0000,,,,,,,,,,0,0,,,Style,XS-XL,"THE RESIDENT SKIRT",SKIRTS,,,,,,,,,yosup,"2026-04-09 15:40:57",,,,,CHIFFON,,,,,,,,941,Style,0.0000,,,68.0000,,,,,,,,,,0.00,0.00,0.00,,,,,,,,,,,,,,,,,"2026-04-21 00:00:00","2026-01-13 00:00:00",,,,,,,,"SAGE GREEN",0,,,,,"2026-05-29 00:00:00",0,0,,,,"2026-05-29 00:00:00",,,0.00,-42.00,60.00,0.00,,,"2026-04-09 15:40:57",0.0000,0.0000,,,,,,,,,,,,,,
CS1017,"PINK MULTI",ACTIVE,,9.8000,,21.0000,0.0000,0.0000,0.0000,0.0000,yosup,"2026-04-09 15:40:57",SS26,45.00,42.00,0.00,0.00,"ELEVATOR DISCO","26 JUN",,,,,,,0.0000,0.0000,0.0000,0.0000,,,,,,,,,,0,0,,,Style,XS-XL,"TEASER MINI SKIRT",SKIRTS,,,,,,,,,mike,"2026-06-27 11:15:08",,,0.0000,,"CROCHET KNIT",,,,,,,N,832,Style,0.0000,N,0.00,58.0000,,,,,0.0000,0.0000,0.0000,0.0000,0.0000,0.00,0.00,0.00,,,,,N,1-2-2-1,,,,,,,,,,,"2026-06-01 00:00:00","2026-04-22 00:00:00","2026-06-27 00:00:00","2026-05-06 00:00:00",,,,51,,"PINK MULTI",0,,,114,,,0,0,,,,,,,45.00,3.00,3.00,0.00,,,"2026-04-09 15:40:57",0.0000,0.0000,,,,,,,,,,,,,,
CS1020,NAVY,DROP,,,,25.0000,,,,,yosup,"2026-04-09 15:40:57",SS26,0.00,0.00,0.00,0.00,"ELEVATOR DISCO","26 JUN",,,,,,,0.0000,0.0000,0.0000,0.0000,,,,,,,,,,0,0,,,Style,XS-XL,"VELORE MINI SKIRT",SKIRTS,,,,,,,,,yosup,"2026-04-09 15:40:57",,,,,"BEADED MESH",,,,,,,,966,Style,0.0000,,,68.0000,,,,,,,,,,0.00,0.00,0.00,,,,,,,,,,,,,,,,,,,,,,,,,,NAVY,0,,,,,,0,0,,,,,,,0.00,0.00,0.00,0.00,,,"2026-04-09 15:40:57",0.0000,0.0000,,,,,,,,,,,,,,
CS1021,BROWN,ACTIVE,,,,24.0000,,,,,yosup,"2026-04-09 15:40:57",SS26,101.00,80.00,0.00,50.00,"ELEVATOR DISCO","26 JUN",,,,,,,0.0000,0.0000,0.0000,0.0000,,,,,,,,,,0,0,,,Style,XS-XL,"JULIET MIDI SKIRT",SKIRTS,,,,,,,,,yosup,"2026-04-09 15:40:57",,,,,"PRINTED CHIFFON",,,,,,,,825,Style,0.0000,,,68.0000,,,,,,,,,,0.00,0.00,0.00,,,,,,,,,,,,,,,,,"2026-04-22 13:46:37","2026-06-25 00:00:00",,"2026-06-25 00:00:00",,,,101,,BROWN,0,,,,,,0,0,,,,,,,101.00,21.00,71.00,0.00,,,"2026-04-09 15:40:57",0.0000,0.0000,,,,,,,,,,,,,,
CS1023,CREAM,ACTIVE,,10.8000,,21.0000,,,,,yosup,"2026-04-09 15:40:57",SS26,88.00,66.00,0.00,72.00,"ELEVATOR DISCO","26 JUN",,,,,,,0.0000,0.0000,0.0000,0.0000,,,,,,,,,,0,0,,,Style,XS-XL,"SIN IN ME MINI SKIRT",SKIRTS,,,,,,,,,yosup,"2026-04-09 15:40:57",,,,,"SATIN LACE",,,,,,,,916,Style,0.0000,,,58.0000,,,,,,,,,,0.00,0.00,0.00,,,,,,,,,,,,,,,,,"2026-05-14 00:00:00","2026-04-21 00:00:00","2026-06-27 12:07:36","2026-04-22 00:00:00",,,,612,,CREAM,0,,,614,,,0,0,,,,,,,88.00,22.00,94.00,0.00,,,"2026-04-09 15:40:57",0.0000,0.0000,,,,,,,,,,,,,,
CS1024,GRAY,DROP,,,,21.0000,,,,,yosup,"2026-04-09 15:40:57",SS26,0.00,0.00,0.00,0.00,"ELEVATOR DISCO","26 JUN",,,,,,,0.0000,0.0000,0.0000,0.0000,,,,,,,,,,0,0,,,Style,XS-XL,"BALLET CLASS MINI SKIRT",SKIRTS,,,,,,,,,yosup,"2026-04-09 15:40:57",,,,,"SWEATER KNIT",,,,,,,,958,Style,0.0000,,,58.0000,,,,,,,,,,0.00,0.00,0.00,,,,,,,,,,,,,,,,,,,,,,,,,,GRAY,0,,,,,,0,0,,,,,,,0.00,0.00,0.00,0.00,,,"2026-04-09 15:40:57",0.0000,0.0000,,,,,,,,,,,,,,
CS1025,GRAY,DROP,,0.0000,,25.0000,0.0000,0.0000,0.0000,0.0000,yosup,"2026-04-09 15:40:57",FW26,0.00,0.00,0.00,0.00,"ELEVATOR DISCO","26 JUL",,,,,,,0.0000,0.0000,0.0000,0.0000,,,,,,,,,,0,0,,,Style,XS-XL,"IRIS MINI SKIRT",SKIRTS,,,,,,,,,mike,"2026-05-19 16:49:31",,,0.0000,,"POLY BLENDED WOVEN",,,,,,,N,994,Style,0.0000,N,0.00,68.0000,,,,,0.0000,0.0000,0.0000,0.0000,0.0000,0.00,0.00,0.00,,,,,N,1-2-2-1,,,,,,,,,,,,,,,,,,,,GRAY,0,,,,,,0,0,,,,,,,0.00,0.00,0.00,0.00,,,"2026-04-09 15:40:57",0.0000,0.0000,,,,,,,,,,,,,,
CS1027,"SAGE GREEN",ACTIVE,,19.5000,,31.0000,0.0000,0.0000,0.0000,0.0000,yosup,"2026-04-09 15:40:57",SS26,0.00,74.00,0.00,104.00,"ELEVATOR DISCO","26 JUN",,,,,,,0.0000,0.0000,0.0000,0.0000,,,,,,,,,,0,0,,,Style,XS-XL,"SELINA MIDI SKIRT",SKIRTS,,,,,,,,,minji,"2026-05-20 15:28:48",,,0.0000,,"EMBELLISHED CREPE",,,,,,,N,942,Style,0.0000,N,0.00,88.0000,,,,,0.0000,0.0000,0.0000,0.0000,0.0000,0.00,0.00,0.00,,,,,N,1-2-2-1,,,,,,,,,,,"2026-04-21 00:00:00","2026-12-29 00:00:00",,,,,,,,"SAGE GREEN",0,,,,,,0,0,,,,,,,0.00,-74.00,30.00,0.00,,,"2026-04-09 15:40:57",0.0000,0.0000,,,,,,,,,,,,,,
CS1031,"PINK MULTI",ACTIVE,,10.5000,,21.0000,,,,,yosup,"2026-04-09 15:40:57",SS26,114.00,66.00,0.00,0.00,"ELEVATOR DISCO","26 JUN",,,,,,,0.0000,0.0000,0.0000,0.0000,,,,,,,,,,0,0,,,Style,XS-XL,"EVEN MORE MINI SKIRT",SKIRTS,,,,,,,,,yosup,"2026-04-09 15:40:57",,,,,"CROCHET KNIT",,,,,,,,936,Style,0.0000,,,58.0000,,,,,,,,,,0.00,0.00,0.00,,,,,,,,,,,,,,,,,"2026-05-14 00:00:00","2026-03-23 00:00:00",,"2026-06-25 00:00:00",,,,114,,"PINK MULTI",0,,,,,,0,0,,,,,,,114.00,48.00,48.00,0.00,,,"2026-04-09 15:40:57",0.0000,0.0000,,,,,,,,,,,,,,
CS1032,MINT,ACTIVE,,0.0000,,0.0000,0.0000,0.0000,0.0000,0.0000,design,"2026-06-22 13:40:12",,0.00,0.00,0.00,0.00,"ELEVATOR DISCO",,,,,,,,0.0000,0.0000,0.0000,0.0000,,,,,,,,,,0,0,,,Style,XS-L,,SKIRTS,,,,,,,,,design,"2026-06-22 13:40:23",Import,,0.0000,,,,,,,,,N,1705,Style,0.0000,N,0.00,0.0000,,,,,0.0000,0.0000,0.0000,0.0000,0.0000,0.00,0.00,0.00,,,,,N,,,,,,PO,,,,,,,,,,,,,,,MINT,0,,,,"2026-06-22 13:39:54",,0,0,,,,,,,0.00,0.00,0.00,0.00,,,"2026-06-22 13:40:12",0.0000,0.0000,,,,,,,,,,,,,,
CS1061,WHITE,ACTIVE,,8.2000,,16.0000,0.0000,0.0000,0.0000,0.0000,yosup,"2026-04-09 15:40:57",SS26,0.00,0.00,0.00,0.00,"ELEVATOR DISCO","26 MAY",,,,,,,0.0000,0.0000,0.0000,0.0000,,,,,,,,,,0,0,,,Style,XS-XL,"DAY DREAM SET",SETS,,,,,,,,,adrian,"2026-05-19 11:03:21",,,0.0000,,CHIFFON,,,,,,,N,866,Style,0.0000,N,0.00,48.0000,,,,,0.0000,0.0000,0.0000,0.0000,0.0000,0.00,0.00,0.00,,,,,N,1-2-2-1,,,,,,,,,,,"2025-12-26 00:00:00","2026-04-21 00:00:00","2026-04-28 00:00:00","2026-04-27 00:00:00",,,,248,,WHITE,0,,,248,,,0,0,,,,,,,0.00,0.00,0.00,0.00,,,"2026-04-09 15:40:57",0.0000,0.0000,,,,,,,,,,,,,,
CT1001,WHITE,ACTIVE,,9.9000,,21.0000,0.0000,0.0000,0.0000,0.0000,yosup,"2026-04-09 15:40:57",SS26,50.00,0.00,0.00,0.00,"ELEVATOR DISCO","26 MAY",,,,,,,0.0000,0.0000,0.0000,0.0000,,,,,,,,,,0,0,,,Style,XS-XL,"GET HER TOP",TOPS,,,,,,,,,adrian,"2026-05-19 10:51:32",,,0.0000,,LACE,,,,,,,N,818,Style,0.0000,N,0.00,58.0000,,,,,0.0000,0.0000,0.0000,0.0000,0.0000,0.00,0.00,0.00,,,,,N,1-2-2-1,,,,,,,,,,,"2026-06-01 00:00:00","2026-04-22 00:00:00","2026-06-27 11:58:04","2026-05-06 00:00:00",,,,86,,WHITE,0,,,76,,,0,0,,,,,,,50.00,50.00,50.00,0.00,,,"2026-04-09 15:40:57",0.0000,0.0000,,,,,,,,,,,,,,
CT1002,WHITE,ACTIVE,,8.3000,,21.0000,0.0000,0.0000,0.0000,0.0000,yosup,"2026-04-09 15:40:57",SS26,24.00,0.00,0.00,0.00,"ELEVATOR DISCO","26 MAY",,,,,,,0.0000,0.0000,0.0000,0.0000,,,,,,,,,,0,0,,,Style,XS-XL,"WEDNESDAY TOP",TOPS,,,,,,,,,adrian,"2026-05-19 10:52:01",,,0.0000,,"POLY LINEN",,,,,,,N,870,Style,0.0000,N,0.00,58.0000,,,,,0.0000,0.0000,0.0000,0.0000,0.0000,0.00,0.00,0.00,,,,,N,1-2-2-1,,,,,,,,,,,"2026-04-21 00:00:00","2026-04-20 00:00:00","2026-06-22 16:47:43","2026-06-11 00:00:00",,,,105,,WHITE,0,,,81,,,0,0,,,,,,,24.00,24.00,24.00,0.00,,,"2026-04-09 15:40:57",0.0000,0.0000,,,,,,,,,,,,,,
CT1004,PINK,DROP,,,,21.0000,,,,,yosup,"2026-04-09 15:40:57",SS26,0.00,0.00,0.00,0.00,"ELEVATOR DISCO","26 MAY",,,,,,,0.0000,0.0000,0.0000,0.0000,,,,,,,,,,0,0,,,Style,XS-XL,"REFINED TOP",TOPS,,,,,,,,,yosup,"2026-04-09 15:40:57",,,,,EMBROIDERED,,,,,,,,882,Style,0.0000,,,58.0000,,,,,,,,,,0.00,0.00,0.00,,,,,,,,,,,,,,,,,,,,,,,,,,PINK,0,,,,,,0,0,,,,,,,0.00,0.00,0.00,0.00,,,"2026-04-09 15:40:57",0.0000,0.0000,,,,,,,,,,,,,,
CT1005,WHITE,DROP,,,,24.0000,,,,,yosup,"2026-04-09 15:40:57",SS26,0.00,0.00,0.00,0.00,"ELEVATOR DISCO","26 MAY",,,,,,,0.0000,0.0000,0.0000,0.0000,,,,,,,,,,0,0,,,Style,XS-XL,"HELEN TOP",TOPS,,,,,,,,,yosup,"2026-04-09 15:40:57",,,,,TENCEL,,,,,,,,891,Style,0.0000,,,68.0000,,,,,,,,,,0.00,0.00,0.00,,,,,,,,,,,,,,,,,,,,,,,,,,WHITE,0,,,,,,0,0,,,,,,,0.00,0.00,0.00,0.00,,,"2026-04-09 15:40:57",0.0000,0.0000,,,,,,,,,,,,,,
CT1008,WHITE,DROP,,,,21.0000,,,,,yosup,"2026-04-09 15:40:57",SS26,0.00,0.00,0.00,0.00,"ELEVATOR DISCO","26 MAY",,,,,,,0.0000,0.0000,0.0000,0.0000,,,,,,,,,,0,0,,,Style,XS-XL,"OFF DAY TOP",TOPS,,,,,,,,,yosup,"2026-04-09 15:40:57",,,,,"NYLON MESH",,,,,,,,890,Style,0.0000,,,58.0000,,,,,,,,,,0.00,0.00,0.00,,,,,,,,,,,,,,,,,,,,,,,,,,WHITE,0,,,,,,0,0,,,,,,,0.00,0.00,0.00,0.00,,,"2026-04-09 15:40:57",0.0000,0.0000,,,,,,,,,,,,,,
CT1009,CREAM,DROP,,8.0000,,24.0000,0.0000,0.0000,0.0000,0.0000,yosup,"2026-04-09 15:40:57",SS26,0.00,0.00,0.00,0.00,"ELEVATOR DISCO","26 JUN",,,,,,,0.0000,0.0000,0.0000,0.0000,,,,,,,,,,0,0,,,Style,XS-XL,"DEWDROP TOP",TOPS,,,,,,,,,shipping,"2026-06-16 16:40:58",,,0.0000,,CHIFFON,,,,,,,N,917,Style,0.0000,N,0.00,68.0000,,,,,0.0000,0.0000,0.0000,0.0000,0.0000,0.00,0.00,0.00,,,,,N,1-2-2-1,,,,,,,,,,,"2026-02-05 00:00:00","2026-03-23 00:00:00",,,,,,,,CREAM,0,,,,,,0,0,,,,,,,0.00,0.00,0.00,0.00,,,"2026-04-09 15:40:57",0.0000,0.0000,,,,,,,,,,,,,,
CT1010,WHITE,DROP,,,,24.0000,,,,,yosup,"2026-04-09 15:40:57",SS26,0.00,0.00,0.00,0.00,"ELEVATOR DISCO","26 JUN",,,,,,,0.0000,0.0000,0.0000,0.0000,,,,,,,,,,0,0,,,Style,XS-XL,"FIRST SENSE TOP",TOPS,,,,,,,,,yosup,"2026-04-09 15:40:57",,,,,"JAQCUARD EMBROIDERED",,,,,,,,972,Style,0.0000,,,68.0000,,,,,,,,,,0.00,0.00,0.00,,,,,,,,,,,,,,,,,,,,,,,,,,WHITE,0,,,,,,0,0,,,,,,,0.00,0.00,0.00,0.00,,,"2026-04-09 15:40:57",0.0000,0.0000,,,,,,,,,,,,,,
CT1012,"SAGE GREEN",ACTIVE,,10.2000,,24.0000,,,,,yosup,"2026-04-09 15:40:57",SS26,102.00,103.00,0.00,0.00,"ELEVATOR DISCO","26 JUN",,,,,,,0.0000,0.0000,0.0000,0.0000,,,,,,,,,,0,0,,,Style,XS-XL,"DOLLA TOP",TOPS,,,,,,,,,yosup,"2026-04-09 15:40:57",,,,,CHIFFON,,,,,,,,943,Style,0.0000,,,68.0000,,,,,,,,,,0.00,0.00,0.00,,,,,,,,,,,,,,,,,"2026-04-21 00:00:00","2026-01-13 00:00:00",,"2026-06-24 00:00:00",,,,102,,"SAGE GREEN",0,,,,,,0,0,,,,,,,102.00,-1.00,-1.00,0.00,,,"2026-04-09 15:40:57",0.0000,0.0000,,,,,,,,,,,,,,
CT1014,"LIGHT YELLOW",DROP,,,,28.0000,,,,,yosup,"2026-04-09 15:40:57",SS26,0.00,0.00,0.00,0.00,"ELEVATOR DISCO","26 JUN",,,,,,,0.0000,0.0000,0.0000,0.0000,,,,,,,,,,0,0,,,Style,XS-XL,"END GOALS TOP",TOPS,,,,,,,,,yosup,"2026-04-09 15:40:57",,,,,TWEED,,,,,,,,963,Style,0.0000,,,78.0000,,,,,,,,,,0.00,0.00,0.00,,,,,,,,,,,,,,,,,,,,,,,,,,"LIGHT YELLOW",0,,,,,,0,0,,,,,,,0.00,0.00,0.00,0.00,,,"2026-04-09 15:40:57",0.0000,0.0000,,,,,,,,,,,,,,
CT1015,"PINK CREAM",ACTIVE,,12.3000,,28.0000,,,,,yosup,"2026-04-09 15:40:57",SS26,30.00,36.00,0.00,0.00,"ELEVATOR DISCO","26 JUN",,,,,,,0.0000,0.0000,0.0000,0.0000,,,,,,,,,,0,0,,,Style,XS-XL,"SUNDAY ME POLO TOP",TOPS,,,,,,,,,yosup,"2026-04-09 15:40:57",,,,,PIQUE,,,,,,,,829,Style,0.0000,,,78.0000,,,,,,,,,,0.00,0.00,0.00,,,,,,,,,,,,,,,,,"2026-03-31 00:00:00","2026-04-20 00:00:00","2026-06-27 12:07:36","2026-05-15 00:00:00",,,,87,,"PINK CREAM",0,,,86,,,0,0,,,,,,,30.00,-6.00,-6.00,0.00,,,"2026-04-09 15:40:57",0.0000,0.0000,,,,,,,,,,,,,,
CT1016,WHITE,ACTIVE,,13.5000,,21.0000,0.0000,0.0000,0.0000,0.0000,yosup,"2026-04-09 15:40:57",SS26,60.00,0.00,0.00,0.00,"ELEVATOR DISCO","26 MAY",,,,,,,0.0000,0.0000,0.0000,0.0000,,,,,,,,,,0,0,,,Style,XS-XL,"MODERN SCANDEL TOP",TOPS,,,,,,,,,Marie,"2026-05-21 15:36:22",,,0.0000,,"COTTON SPAN KNIT",,,,,,,N,869,Style,0.0000,N,0.00,58.0000,,,,,0.0000,0.0000,0.0000,0.0000,0.0000,0.00,0.00,0.00,,,,,N,1-2-2-1,,,,,,,,,,,"2026-04-21 00:00:00","2026-03-13 00:00:00","2026-06-12 14:00:07","2026-06-11 00:00:00",,,,108,,WHITE,0,,,54,,,0,0,,,,,,,60.00,60.00,60.00,0.00,,,"2026-04-09 15:40:57",0.0000,0.0000,,,,,,,,,,,,,,
CT1017,PINK,DROP,,0.0000,,28.5700,0.0000,0.0000,0.0000,0.0000,yosup,"2026-04-09 15:40:57",SS26,0.00,0.00,0.00,0.00,"ELEVATOR DISCO","26 JUN",,,,,,,0.0000,0.0000,0.0000,0.0000,,,,,,,,,,0,0,,,Style,XS-XL,"BOYFRIEND SHIRT",TOPS,,,,,,,,,shipping,"2026-06-16 16:43:28",,,0.0000,,COTTON,,,,,,,N,930,Style,0.0000,N,0.00,80.0000,,,,,0.0000,0.0000,0.0000,0.0000,0.0000,0.00,0.00,0.00,,,,,N,1-2-2-1,,,,,,,,,,,"2026-04-20 00:00:00","2026-03-23 00:00:00",,,,,,,,PINK,0,,,,,,0,0,,,,,,,0.00,0.00,0.00,0.00,,,"2026-04-09 15:40:57",0.0000,0.0000,,,,,,,,,,,,,,
CT1019,"PINK BROWN",DROP,,,,21.0000,,,,,yosup,"2026-04-09 15:40:57",SS26,0.00,0.00,0.00,0.00,"ELEVATOR DISCO","26 MAY",,,,,,,0.0000,0.0000,0.0000,0.0000,,,,,,,,,,0,0,,,Style,XS-XL,"CLAUDIA TOP",TOPS,,,,,,,,,yosup,"2026-04-09 15:40:57",,,,,COTTON,,,,,,,,883,Style,0.0000,,,58.0000,,,,,,,,,,0.00,0.00,0.00,,,,,,,,,,,,,,,,,,,,,,,,,,"PINK BROWN",0,,,,,,0,0,,,,,,,0.00,0.00,0.00,0.00,,,"2026-04-09 15:40:57",0.0000,0.0000,,,,,,,,,,,,,,
CT1020,"PINK BROWN",ACTIVE,,8.9000,,21.0000,0.0000,0.0000,0.0000,0.0000,yosup,"2026-04-09 15:40:57",SS26,4.00,12.00,0.00,0.00,"ELEVATOR DISCO","26 MAY",,,,,,,0.0000,0.0000,0.0000,0.0000,,,,,,,,,,0,0,,,Style,XS-XL,"AMBER TOP",TOPS,,,,,,,,,adrian,"2026-05-19 10:53:09",,,0.0000,,COTTON,,,,,,,N,814,Style,0.0000,N,0.00,58.0000,,,,,0.0000,0.0000,0.0000,0.0000,0.0000,0.00,0.00,0.00,,,,,N,1-2-2-1,,,,,,,,,,,"2026-03-31 00:00:00","2026-03-13 00:00:00","2026-06-12 14:00:07","2026-05-20 00:00:00",,,,34,,"PINK BROWN",0,,,118,,,0,0,,,,,,,4.00,-8.00,-8.00,0.00,,,"2026-04-09 15:40:57",0.0000,0.0000,,,,,,,,,,,,,,
CT1021,"PINK MULTI",DROP,,,,21.0000,,,,,yosup,"2026-04-09 15:40:57",SS26,0.00,0.00,0.00,0.00,"ELEVATOR DISCO","26 JUN",,,,,,,0.0000,0.0000,0.0000,0.0000,,,,,,,,,,0,0,,,Style,XS-XL,"THE HOST TOP",TOPS,,,,,,,,,yosup,"2026-04-09 15:40:57",,,,,"CROCHET KNIT",,,,,,,,969,Style,0.0000,,,58.0000,,,,,,,,,,0.00,0.00,0.00,,,,,,,,,,,,,,,,,,,,,,,,,,"PINK MULTI",0,,,,,,0,0,,,,,,,0.00,0.00,0.00,0.00,,,"2026-04-09 15:40:57",0.0000,0.0000,,,,,,,,,,,,,,
CT1022,"BLUE MULTI",ACTIVE,,9.0000,,17.1400,0.0000,0.0000,0.0000,0.0000,yosup,"2026-04-09 15:40:57",SS26,38.00,0.00,0.00,0.00,"ELEVATOR DISCO","26 MAY",,,,,,,0.0000,0.0000,0.0000,0.0000,,,,,,,,,,0,0,,,Style,XS-XL,"CASSANDRA TOP",TOPS,,,,,,,,,adrian,"2026-05-19 10:53:31",,,0.0000,,"CROCHET KNIT",,,,,,,N,806,Style,0.0000,N,0.00,48.0000,,,,,0.0000,0.0000,0.0000,0.0000,0.0000,0.00,0.00,0.00,,,,,N,1-2-2-1,,,,,,,,,,,"2026-04-17 00:00:00","2026-04-22 00:00:00","2026-06-04 18:01:00","2026-05-06 00:00:00",,,,60,,"BLUE MULTI",0,,,64,,,0,0,,,,,,,38.00,38.00,38.00,0.00,,,"2026-04-09 15:40:57",0.0000,0.0000,,,,,,,,,,,,,,
CT1023,BLUE,ACTIVE,,14.6000,,28.5700,0.0000,0.0000,0.0000,0.0000,yosup,"2026-04-09 15:40:57",SS26,97.00,6.00,0.00,0.00,"ELEVATOR DISCO","26 MAY",,,,,,,0.0000,0.0000,0.0000,0.0000,,,,,,,,,,0,0,,,Style,XS-XL,"ANGIE SHIRT",TOPS,,,,,,,,,adrian,"2026-05-19 10:53:50",,,0.0000,,POPLIN,,,,,,,N,804,Style,0.0000,N,0.00,80.0000,,,,,0.0000,0.0000,0.0000,0.0000,0.0000,0.00,0.00,6.00,,,,,N,1-2-2-1,,,,,,,,,,,"2026-03-31 00:00:00","2026-04-22 00:00:00","2026-06-22 16:47:43","2026-05-07 00:00:00",,,,227,,BLUE,0,,,228,,,0,0,,,,,,,91.00,91.00,91.00,0.00,,,"2026-04-09 15:40:57",0.0000,0.0000,,,,,,,,,,,,,,
CT1025,"WHITE LIGHT BLUE",ACTIVE,,0.0000,,26.0000,0.0000,0.0000,0.0000,0.0000,yosup,"2026-04-09 15:40:57",SS26,48.00,0.00,0.00,0.00,"ELEVATOR DISCO","26 MAY",,,,,,,0.0000,0.0000,0.0000,0.0000,,,,,,,,,,0,0,,,Style,XS-XL,"CLAUDIA EMBROIDERED TOP",TOPS,,,,,,,,,minji,"2026-05-07 13:26:41",,,0.0000,,"EMBROIDERED COTTON",,,,,,,N,875,Style,0.0000,N,0.00,74.0000,,,,,0.0000,0.0000,0.0000,0.0000,0.0000,0.00,0.00,0.00,,,,,N,1-2-2-1,,,,,,,,,,,"2026-04-21 00:00:00","2026-03-13 00:00:00","2026-06-17 16:05:44","2026-06-11 00:00:00",,,,120,,"WHITE LIGHT BLUE",0,,,72,,,0,0,,,,,,,48.00,48.00,48.00,0.00,,,"2026-04-09 15:40:57",0.0000,0.0000,,,,,,,,,,,,,,
CT1026,WHITE,ACTIVE,,10.7000,,21.0000,0.0000,0.0000,0.0000,0.0000,yosup,"2026-04-09 15:40:57",SS26,0.00,0.00,0.00,0.00,"ELEVATOR DISCO","26 MAY",,,,,,,0.0000,0.0000,0.0000,0.0000,,,,,,,,,,0,0,,,Style,XS-XL,"UPTOWN TOP",TOPS,,,,,,,,,adrian,"2026-05-19 10:54:23",,,0.0000,,POPLIN,,,,,,,N,871,Style,0.0000,N,0.00,58.0000,,,,,0.0000,0.0000,0.0000,0.0000,0.0000,0.00,0.00,0.00,,,,,N,1-2-2-1,,,,,,,,,,,"2026-04-17 00:00:00","2026-03-13 00:00:00","2026-06-15 15:22:51","2026-05-28 00:00:00",,,,48,,WHITE,0,,,48,,,0,0,,,,,,,0.00,0.00,0.00,0.00,,,"2026-04-09 15:40:57",0.0000,0.0000,,,,,,,,,,,,,,
CT1027,"LIME GREEN",ACTIVE,,,,21.0000,,,,,yosup,"2026-04-09 15:40:57",SS26,0.00,36.00,0.00,102.00,"ELEVATOR DISCO","26 JUN",,,,,,,0.0000,0.0000,0.0000,0.0000,,,,,,,,,,0,0,,,Style,XS-XL,"VIVIANNE TOP",TOPS,,,,,,,,,yosup,"2026-04-09 15:40:57",,,,,POPLIN,,,,,,,,922,Style,0.0000,,,58.0000,,,,,,,,,,0.00,0.00,0.00,,,,,,,,,,,,,,,,,"2026-03-03 00:00:00","2025-12-30 00:00:00",,,,,,,,"LIME GREEN",0,,,,,,0,0,,,,,,,0.00,-36.00,66.00,0.00,,,"2026-04-09 15:40:57",0.0000,0.0000,,,,,,,,,,,,,,
CT1028,"BLACK WHITE",ACTIVE,,12.2000,,28.0000,0.0000,0.0000,0.0000,0.0000,yosup,"2026-04-09 15:40:57",SS26,18.00,0.00,0.00,0.00,"ELEVATOR DISCO","26 MAY",,,,,,,0.0000,0.0000,0.0000,0.0000,,,,,,,,,,0,0,,,Style,XS-XL,"MARRY TOP",TOPS,,,,,,,,,adrian,"2026-05-19 10:55:00",,,0.0000,,COTTON,,,,,,,N,837,Style,0.0000,N,0.00,78.0000,,,,,0.0000,0.0000,0.0000,0.0000,0.0000,0.00,0.00,0.00,,,,,N,1-2-2-1,,,,,,,,,,,"2026-06-01 14:51:09","2026-03-13 00:00:00","2026-06-16 16:13:50","2026-05-28 00:00:00",,,,102,,"BLACK WHITE",0,,,84,,,0,0,,,,,,,18.00,18.00,18.00,0.00,,,"2026-04-09 15:40:57",0.0000,0.0000,,,,,,,,,,,,,,
CT1029,WHITE,DROP,,0.0000,,21.0000,0.0000,0.0000,0.0000,0.0000,yosup,"2026-04-09 15:40:57",SS26,0.00,0.00,0.00,0.00,"ELEVATOR DISCO","26 MAY",,,,,,,0.0000,0.0000,0.0000,0.0000,,,,,,,,,,0,0,,,Style,XS-XL,"ICONIC TOP",TOPS,,,,,,,,,design,"2026-06-11 11:47:39",,,0.0000,,"TEXTURED ORGANZA",,,,,,,N,892,Style,0.0000,N,0.00,58.0000,,,,,0.0000,0.0000,0.0000,0.0000,0.0000,0.00,0.00,0.00,,,,,N,1-2-2-1,,,,,,,,,,,,,,,,,,,,WHITE,0,,,,,,0,0,,,,,,,0.00,0.00,0.00,0.00,,,"2026-04-09 15:40:57",0.0000,0.0000,,,,,,,,,,,,,,
CT1030,MINT,ACTIVE,,10.0000,,21.0000,0.0000,0.0000,0.0000,0.0000,yosup,"2026-04-09 15:40:57",SS26,17.00,6.00,0.00,0.00,"ELEVATOR DISCO","26 MAY",,,,,,,0.0000,0.0000,0.0000,0.0000,,,,,,,,,,0,0,,,Style,XS-XL,"SANDRA TOP",TOPS,,,,,,,,,adrian,"2026-05-19 10:55:25",,,0.0000,,TWEED,,,,,,,N,809,Style,0.0000,N,0.00,58.0000,,,,,0.0000,0.0000,0.0000,0.0000,0.0000,0.00,6.00,0.00,,,,,N,1-2-2-1,,,,,,,,,,,"2026-05-01 00:00:00","2026-04-22 00:00:00","2026-06-26 16:42:15","2026-05-06 00:00:00",,,,73,,MINT,0,,,102,,,0,0,,,,,,,11.00,11.00,11.00,0.00,,,"2026-04-09 15:40:57",0.0000,0.0000,,,,,,,,,,,,,,
CT1033,BLACK,DROP,,,,29.0000,,,,,yosup,"2026-04-09 15:40:57",SS26,0.00,0.00,0.00,0.00,"ELEVATOR DISCO","26 JUN",,,,,,,0.0000,0.0000,0.0000,0.0000,,,,,,,,,,0,0,,,Style,XS-XL,"SENSATION TOP",TOPS,,,,,,,,,yosup,"2026-04-09 15:40:57",,,,,"EMBROIDERED RAMIE",,,,,,,,952,Style,0.0000,,,78.0000,,,,,,,,,,0.00,0.00,0.00,,,,,,,,,,,,,,,,,,,,,,,,,,BLACK,0,,,,,,0,0,,,,,,,0.00,0.00,0.00,0.00,,,"2026-04-09 15:40:57",0.0000,0.0000,,,,,,,,,,,,,,
CT1034,BLACK,ACTIVE,,8.0000,,17.0000,0.0000,0.0000,0.0000,0.0000,yosup,"2026-04-09 15:40:57",SS26,45.00,0.00,0.00,0.00,"ELEVATOR DISCO","26 MAY",,,,,,,0.0000,0.0000,0.0000,0.0000,,,,,,,,,,0,0,,,Style,XS-XL,"MOOD SWINGS TOP",TOPS,,,,,,,,,adrian,"2026-05-19 10:56:05",,,0.0000,,"POLY MESH",,,,,,,N,801,Style,0.0000,N,0.00,48.0000,,,,,0.0000,0.0000,0.0000,0.0000,0.0000,0.00,0.00,0.00,,,,,N,1-2-2-1,,,,,,,,,,,"2026-04-16 00:00:00","2026-04-22 00:00:00","2026-06-10 11:57:02","2026-05-06 00:00:00",,,,86,,BLACK,0,,,82,,,0,0,,,,,,,45.00,45.00,45.00,0.00,,,"2026-04-09 15:40:57",0.0000,0.0000,,,,,,,,,,,,,,
CT1035,BLACK,DROP,,,,21.0000,,,,,yosup,"2026-04-09 15:40:57",SS26,0.00,0.00,0.00,0.00,"ELEVATOR DISCO","26 JUN",,,,,,,0.0000,0.0000,0.0000,0.0000,,,,,,,,,,0,0,,,Style,XS-XL,"MOOD SWINGS LONG SLEEVE TOP",TOPS,,,,,,,,,yosup,"2026-04-09 15:40:57",,,,,"POLYESTER MESH",,,,,,,,953,Style,0.0000,,,58.0000,,,,,,,,,,0.00,0.00,0.00,,,,,,,,,,,,,,,,,,,,,,,,,,BLACK,0,,,,,,0,0,,,,,,,0.00,0.00,0.00,0.00,,,"2026-04-09 15:40:57",0.0000,0.0000,,,,,,,,,,,,,,
CT1036,"PINK MULTI",DROP,,,,21.0000,,,,,yosup,"2026-04-09 15:40:57",SS26,0.00,0.00,0.00,0.00,"ELEVATOR DISCO","26 JUN",,,,,,,0.0000,0.0000,0.0000,0.0000,,,,,,,,,,0,0,,,Style,XS-XL,"PRETTY SASSY TOP",TOPS,,,,,,,,,yosup,"2026-04-09 15:40:57",,,,,"CROCHET KNIT",,,,,,,,970,Style,0.0000,,,58.0000,,,,,,,,,,0.00,0.00,0.00,,,,,,,,,,,,,,,,,,,,,,,,,,"PINK MULTI",0,,,,,,0,0,,,,,,,0.00,0.00,0.00,0.00,,,"2026-04-09 15:40:57",0.0000,0.0000,,,,,,,,,,,,,,
CT1037,"PINK MULTI",ACTIVE,,8.5000,,21.0000,,,,,yosup,"2026-04-09 15:40:57",SS26,57.00,48.00,0.00,0.00,"ELEVATOR DISCO","26 JUN",,,,,,,0.0000,0.0000,0.0000,0.0000,,,,,,,,,,0,0,,,Style,XS-XL,"CAPSULE TOP",TOPS,,,,,,,,,yosup,"2026-04-09 15:40:57",,,,,"CROCHET KNIT",,,,,,,,833,Style,0.0000,,,58.0000,,,,,,,,,,0.00,0.00,0.00,,,,,,,,,,,,,,,,,"2026-03-31 00:00:00","2026-04-22 00:00:00","2026-05-12 00:00:00","2026-05-06 00:00:00",,,,9,,"PINK MULTI",0,,,108,,,0,0,,,,,,,57.00,9.00,9.00,0.00,,,"2026-04-09 15:40:57",0.0000,0.0000,,,,,,,,,,,,,,
CT1039,GRAY,DROP,,0.0000,,21.0000,0.0000,0.0000,0.0000,0.0000,yosup,"2026-04-09 15:40:57",FW26,0.00,0.00,0.00,0.00,"ELEVATOR DISCO","26 JUL",,,,,,,0.0000,0.0000,0.0000,0.0000,,,,,,,,,,0,0,,,Style,XS-XL,"LONDON CROP TOP",TOPS,,,,,,,,,adrian,"2026-05-20 10:54:12",,,0.0000,,"POLY BLENDED WOVEN",,,,,,,N,997,Style,0.0000,N,0.00,58.0000,,,,,0.0000,0.0000,0.0000,0.0000,0.0000,0.00,0.00,0.00,,,,,N,1-2-2-1,,,,,,,,,,,,,,,,,,,,GRAY,0,,,,,,0,0,,,,,,,0.00,0.00,0.00,0.00,,,"2026-04-09 15:40:57",0.0000,0.0000,,,,,,,,,,,,,,
CT1043,"BLACK WHITE",ACTIVE,,9.8000,,21.0000,0.0000,0.0000,0.0000,0.0000,yosup,"2026-04-09 15:40:57",SS26,108.00,84.00,0.00,0.00,"ELEVATOR DISCO","26 JUN",,,,,,,0.0000,0.0000,0.0000,0.0000,,,,,,,,,,0,0,,,Style,XS-XL,"FABLE TOP",TOPS,,,,,,,,,minji,"2026-05-07 18:04:45",,,0.0000,,POPLIN,,,,,,,N,905,Style,0.0000,N,0.00,58.0000,,,,,0.0000,0.0000,0.0000,0.0000,0.0000,0.00,0.00,0.00,,,,,N,1-2-2-1,,,,,,,,,,,"2026-03-04 00:00:00","2026-03-23 00:00:00",,"2026-06-25 00:00:00",,,,108,,"BLACK WHITE",0,,,,,,0,0,,,,,,,108.00,24.00,24.00,0.00,,,"2026-04-09 15:40:57",0.0000,0.0000,,,,,,,,,,,,,,
CT1044,BROWN,DROP,,,,24.0000,,,,,yosup,"2026-04-09 15:40:57",SS26,0.00,0.00,0.00,0.00,"ELEVATOR DISCO","26 JUN",,,,,,,0.0000,0.0000,0.0000,0.0000,,,,,,,,,,0,0,,,Style,XS-XL,"TERESA TOP",TOPS,,,,,,,,,yosup,"2026-04-09 15:40:57",,,,,"PRINTED CHIFFON",,,,,,,,956,Style,0.0000,,,68.0000,,,,,,,,,,0.00,0.00,0.00,,,,,,,,,,,,,,,,,,,,,,,,,,BROWN,0,,,,,,0,0,,,,,,,0.00,0.00,0.00,0.00,,,"2026-04-09 15:40:57",0.0000,0.0000,,,,,,,,,,,,,,
CT1045,BROWN,ACTIVE,,11.8000,,24.0000,,,,,yosup,"2026-04-09 15:40:57",SS26,104.00,80.00,0.00,50.00,"ELEVATOR DISCO","26 JUN",,,,,,,0.0000,0.0000,0.0000,0.0000,,,,,,,,,,0,0,,,Style,XS-XL,"CAPULET TOP",TOPS,,,,,,,,,yosup,"2026-04-09 15:40:57",,,,,"PRINTED CHIFFON",,,,,,,,827,Style,0.0000,,,68.0000,,,,,,,,,,0.00,0.00,0.00,,,,,,,,,,,,,,,,,"2026-04-22 13:46:37","2026-06-25 00:00:00",,"2026-06-25 00:00:00",,,,104,,BROWN,0,,,,,,0,0,,,,,,,104.00,24.00,74.00,0.00,,,"2026-04-09 15:40:57",0.0000,0.0000,,,,,,,,,,,,,,
CT1046,GRAY,DROP,,,,24.0000,,,,,yosup,"2026-04-09 15:40:57",SS26,0.00,0.00,0.00,0.00,"ELEVATOR DISCO","26 JUN",,,,,,,0.0000,0.0000,0.0000,0.0000,,,,,,,,,,0,0,,,Style,XS-XL,"BALLET CLASS TOP",TOPS,,,,,,,,,yosup,"2026-04-09 15:40:57",,,,,"SWEATER KNIT",,,,,,,,959,Style,0.0000,,,68.0000,,,,,,,,,,0.00,0.00,0.00,,,,,,,,,,,,,,,,,,,,,,,,,,GRAY,0,,,,,,0,0,,,,,,,0.00,0.00,0.00,0.00,,,"2026-04-09 15:40:57",0.0000,0.0000,,,,,,,,,,,,,,
CT1048,WHITE,ACTIVE,,11.6000,,28.0000,0.0000,0.0000,0.0000,0.0000,yosup,"2026-04-09 15:40:57",SS26,31.00,12.00,0.00,0.00,"ELEVATOR DISCO","26 MAY",,,,,,,0.0000,0.0000,0.0000,0.0000,,,,,,,,,,0,0,,,Style,XS-XL,"DAILY HABITS TOP",TOPS,,,,,,,,,adrian,"2026-05-19 10:56:46",,,0.0000,,COTTON,,,,,,,N,817,Style,0.0000,N,0.00,78.0000,,,,,0.0000,0.0000,0.0000,0.0000,0.0000,0.00,0.00,0.00,,,,,N,1-2-2-1,,,,,,,,,,,"2026-06-01 14:51:09","2026-04-22 00:00:00","2026-06-26 16:42:15","2026-05-06 00:00:00",,,,167,,WHITE,0,,,302,,,0,0,,,,,,,31.00,19.00,19.00,0.00,,,"2026-04-09 15:40:57",0.0000,0.0000,,,,,,,,,,,,,,
CT1049A,BLACK,DROP,,0.0000,,28.0000,0.0000,0.0000,0.0000,0.0000,yosup,"2026-04-09 15:40:57",FW26,0.00,0.00,0.00,0.00,"ELEVATOR DISCO","26 JUL",,,,,,,0.0000,0.0000,0.0000,0.0000,,,,,,,,,,0,0,,,Style,XS-XL,"ANABELLE SHIRT",TOPS,,,,,,,,,adrian,"2026-05-21 16:28:18",,,0.0000,,"JACQUARD SATIN",,,,,,,N,978,Style,0.0000,N,0.00,78.0000,,,,,0.0000,0.0000,0.0000,0.0000,0.0000,0.00,0.00,0.00,,,,,N,1-2-2-1,,,,,,,,,,,"2026-02-17 00:00:00",,,,,,,,,BLACK,0,,,,,,0,0,,,,,,,0.00,0.00,0.00,0.00,,,"2026-04-09 15:40:57",0.0000,0.0000,,,,,,,,,,,,,,
CT1050,"LIGHT BLUE",ACTIVE,,0.0000,"2026-06-23 00:00:00",29.0000,0.0000,0.0000,0.0000,0.0000,yosup,"2026-04-09 15:40:57",SS26,0.00,48.00,0.00,102.00,"ELEVATOR DISCO","26 JUN",,,,,,,0.0000,0.0000,0.0000,0.0000,,,,,,,,,,0,0,,,Style,XS-XL,"MORNING COFFEE SHIRT",TOPS,,,,,,,,,mike,"2026-06-15 19:10:16",,,0.0000,,POPLIN,,,,,,,N,924,Style,0.0000,N,0.00,80.0000,,,,,0.0000,0.0000,0.0000,0.0000,0.0000,0.00,0.00,0.00,,,,,N,1-2-2-1,,,,,,,,,,,"2026-03-03 00:00:00","2026-01-02 00:00:00",,,,,,,,"LIGHT BLUE",0,,,,"2026-06-24 00:00:00",,0,0,,,,,,,0.00,-48.00,54.00,0.00,,,"2026-04-09 15:40:57",0.0000,0.0000,,,,,,,,,,,,,,
CT1051,CREAM,ACTIVE,,10.5000,,20.7100,,,,,yosup,"2026-04-09 15:40:57",SS26,0.00,30.00,0.00,102.00,"ELEVATOR DISCO","26 JUN",,,,,,,0.0000,0.0000,0.0000,0.0000,,,,,,,,,,0,0,,,Style,XS-XL,"ARIA TOP",TOPS,,,,,,,,,yosup,"2026-04-09 15:40:57",,,,,LINEN,,,,,,,,918,Style,0.0000,,,58.0000,,,,,,,,,,0.00,0.00,0.00,,,,,,,,,,,,,,,,,"2026-04-21 00:00:00","2026-01-07 00:00:00",,,,,,,,CREAM,0,,,,,,0,0,,,,,,,0.00,-30.00,72.00,0.00,,,"2026-04-09 15:40:57",0.0000,0.0000,,,,,,,,,,,,,,
CT1056,BLUE,ACTIVE,,8.0000,,17.0000,0.0000,0.0000,0.0000,0.0000,yosup,"2026-04-09 15:40:57",SS26,24.00,0.00,0.00,0.00,"ELEVATOR DISCO","26 MAY",,,,,,,0.0000,0.0000,0.0000,0.0000,,,,,,,,,,0,0,,,Style,XS-XL,"ANDY TOP",TOPS,,,,,,,,,adrian,"2026-05-19 10:57:11",,,0.0000,,COTTON,,,,,,,N,803,Style,0.0000,N,0.00,48.0000,,,,,0.0000,0.0000,0.0000,0.0000,0.0000,0.00,0.00,0.00,,,,,N,1-2-2-1,,,,,,,,,,,"2026-03-31 00:00:00","2026-04-22 00:00:00","2026-06-26 16:42:15","2026-05-06 00:00:00",,,,57,,BLUE,0,,,128,,,0,0,,,,,,,24.00,24.00,24.00,0.00,,,"2026-04-09 15:40:57",0.0000,0.0000,,,,,,,,,,,,,,
CT1059,"PINK MULTI",ACTIVE,,15.6000,,24.0000,,,,,yosup,"2026-04-09 15:40:57",SS26,114.00,90.00,0.00,0.00,"ELEVATOR DISCO","26 JUN",,,,,,,0.0000,0.0000,0.0000,0.0000,,,,,,,,,,0,0,,,Style,XS-XL,"EVER MORE TOP",TOPS,,,,,,,,,yosup,"2026-04-09 15:40:57",,,,,"CROCHET KNIT",,,,,,,,937,Style,0.0000,,,68.0000,,,,,,,,,,0.00,0.00,0.00,,,,,,,,,,,,,,,,,"2026-05-14 00:00:00","2026-03-23 00:00:00",,"2026-06-25 00:00:00",,,,114,,"PINK MULTI",0,,,,,,0,0,,,,,,,114.00,24.00,24.00,0.00,,,"2026-04-09 15:40:57",0.0000,0.0000,,,,,,,,,,,,,,
CT1061,GRAY,ACTIVE,,14.8000,,28.0000,0.0000,0.0000,0.0000,0.0000,yosup,"2026-04-09 15:40:57",FW26,0.00,314.00,0.00,356.00,"ELEVATOR DISCO","26 JUL",,,,,,,0.0000,0.0000,0.0000,0.0000,,,,,,,,,,0,0,,,Style,XS-XL,"KATHERINE CARDIGAN",TOPS,,,,,,,,,Marie,"2026-06-11 13:13:54",,,0.0000,,"KNITTED VISCOSE SWEA",,,,,,,N,996,Style,0.0000,N,0.00,78.0000,,,,,0.0000,0.0000,0.0000,0.0000,0.0000,0.00,0.00,0.00,,,,,N,1-2-2-1,,,,,,,,,,,"2026-05-14 00:00:00","2026-05-14 00:00:00",,,,,,,,GRAY,0,,,,,,0,0,,,,,,,0.00,-314.00,42.00,0.00,,,"2026-04-09 15:40:57",0.0000,0.0000,,,,,,,,,,,,,,
CW1001,"WHITE BLUE",DROP,,,,35.0000,,,,,yosup,"2026-04-09 15:40:57",SS26,0.00,0.00,0.00,0.00,"ELEVATOR DISCO","26 MAY",,,,,,,0.0000,0.0000,0.0000,0.0000,,,,,,,,,,0,0,,,Style,XS-XL,"SOPHIE JACKET",OUTERWEAR,,,,,,,,,yosup,"2026-04-09 15:40:57",,,,,COTTON,,,,,,,,893,Style,0.0000,,,98.0000,,,,,,,,,,0.00,0.00,0.00,,,,,,,,,,,,,,,,,,,,,,,,,,"WHITE BLUE",0,,,,,,0,0,,,,,,,0.00,0.00,0.00,0.00,,,"2026-04-09 15:40:57",0.0000,0.0000,,,,,,,,,,,,,,
ED1377,"NAVY BLUE",ACTIVE,,12.0000,,19.0000,0.0000,0.0000,0.0000,0.0000,adrian,"2026-04-15 13:35:44",,0.00,370.00,0.00,400.00,FREESIA,LULUS,,,,,,,0.0000,0.0000,0.0000,0.0000,,,,,,,,,,0,0,,,Style,XXS-XXL,"SEE THE CITY BUTTON-FRONT TIERED MIDI DRESS",,,,,,,,,,minji,"2026-04-24 14:41:34",,,0.0000,,,,,,,,,N,1195,Style,0.0000,N,0.00,0.0000,,,,0,0.0000,0.0000,0.0000,0.0000,0.0000,0.00,0.00,0.00,,,,,N,,,,,,,,,,,,"2026-04-23 00:00:00","2026-04-24 00:00:00","2026-04-21 14:09:01","2026-04-21 00:00:00",,,,786,,"NAVY BLUE",0,,,786,,,0,0,,,,,STANFORD,,0.00,-370.00,30.00,0.00,,,"2026-04-15 13:35:44",0.0000,0.0000,,,,,,,,,,,,,,
ED1377,SAND,ACTIVE,,12.0000,,19.0000,0.0000,0.0000,0.0000,0.0000,support,"2026-04-14 12:44:54",,-333.00,0.00,0.00,351.00,FREESIA,LULUS,,,,,,,0.0000,0.0000,0.0000,0.0000,,,,,,,,,,0,0,,,Style,XXS-XXL,"SEE THE CITY BUTTON-FRONT TIERED MIDI DRESS",,,,,,,,,,design,"2026-06-26 09:38:38",,,0.0000,,,,,,,,,N,1125,Style,0.0000,N,0.00,0.0000,,,,,0.0000,0.0000,0.0000,0.0000,0.0000,0.00,0.00,0.00,,,,,N,,,,,,,,,,,,"2025-12-23 00:00:00","2026-04-30 00:00:00","2026-05-14 00:00:00",,,,,,,SAND,0,,,333,,"2026-05-28 00:00:00",0,0,,,,"2026-05-28 00:00:00",STANFORD,,-333.00,-333.00,18.00,0.00,,,"2026-04-14 12:44:54",0.0000,0.0000,,,,,,,,,,,,"2026-04-30 00:00:00","2026-04-30 00:00:00",
ED1435,"MUSTARD WHITE",ACTIVE,,10.0000,,20.6000,0.0000,0.0000,0.0000,0.0000,support,"2026-04-14 12:44:54",,0.00,0.00,0.00,0.00,FREESIA,LULUS,,,,,,,0.0000,0.0000,0.0000,0.0000,,,,,,,,,,0,0,,,Style,XXS-XXL,"CATCHING SUNRAYS MIDI DRESS",,,,,,,,,,design,"2026-06-26 09:54:32",,,0.0000,,,,,,,,,N,1135,Style,0.0000,N,0.00,0.0000,,,,,0.0000,0.0000,0.0000,0.0000,0.0000,0.00,0.00,0.00,,,,,N,,,,,,,,,,,,"2026-03-17 00:00:00","2026-04-30 00:00:00","2026-06-04 00:00:00","2026-06-22 00:00:00",,,,573,,"MUSTARD WHITE",0,,,573,,,0,0,,,,,STANFORD,,0.00,0.00,0.00,0.00,,,"2026-04-14 12:44:54",0.0000,0.0000,,,,,,,,,,,,,,
ED1649CP,CRM/PRPL/MULTI,ACTIVE,,0.0000,,19.0000,0.0000,0.0000,0.0000,0.0000,adrian,"2026-04-15 13:48:42",,498.00,0.00,0.00,0.00,FREESIA,,,,,,,,0.0000,0.0000,0.0000,0.0000,,,,,,,,,,0,0,,,Style,XXS-XXL,"TRUEST ROMANCE PINK FLORAL PRINT SLEEVELESS RUCHED MIDI DRESS",DRESSES,,,,,,,,,adrian,"2026-04-15 13:50:23",Import,,0.0000,,,,,,,,,N,1196,Style,0.0000,N,0.00,0.0000,,,,,0.0000,0.0000,0.0000,0.0000,0.0000,0.00,0.00,0.00,,,,,N,,,,,,PO,,,,,,"2025-10-27 00:00:00","2026-04-21 00:00:00",,"2026-04-21 00:00:00",,,,498,,"CREAM PURPLE MULTI FLORAL",0,,,,"2026-04-15 13:47:42",,0,0,,,,,,,498.00,498.00,498.00,0.00,,,"2026-04-15 13:48:42",0.0000,0.0000,,,,,,,,,,,,,,
ED1649D,"BLUE BLACK CREAM",ACTIVE,,11.2000,,19.0000,0.0000,0.0000,0.0000,0.0000,minji,"2026-06-24 13:59:09",,0.00,401.00,0.00,401.00,FREESIA,LULUS,,,,,,,0.0000,0.0000,0.0000,0.0000,,,,,,,,,,0,0,,,Style,XXS-XXL,"TRUEST ROMANCE FLORAL PRINT SLEEVELESS RUCHED MIDI DRESS",,,,,,,,,,minji,"2026-06-24 14:04:32",,,0.0000,,,,,,,,,N,1736,Style,0.0000,N,0.00,0.0000,,,,0,0.0000,0.0000,0.0000,0.0000,0.0000,0.00,0.00,0.00,,,,,N,,,,,,,,,,,,"2026-06-24 16:10:48","2026-06-24 00:00:00",,,,,,,,"BLUE BLACK CREAM",0,,,,,,0,0,,,,,STANFORD,,0.00,-401.00,0.00,0.00,,,"2026-06-24 13:59:09",0.0000,0.0000,,,,,,,,,,,,,,
ED1649D,"GREEN FLORAL",ACTIVE,,11.2000,,19.0000,0.0000,0.0000,0.0000,0.0000,adrian,"2026-04-15 16:02:53",,-469.00,299.00,0.00,751.00,FREESIA,LULUS,,,,,,,0.0000,0.0000,0.0000,0.0000,,,,,,,,,,0,0,,,Style,XXS-XXL,"TRUEST ROMANCE FLORAL PRINT SLEEVELESS RUCHED MIDI DRESS",,,,,,,,,,minji,"2026-04-22 19:23:33",,,0.0000,,,,,,,,,N,1210,Style,0.0000,N,0.00,0.0000,,,,0,0.0000,0.0000,0.0000,0.0000,0.0000,0.00,0.00,0.00,,,,,N,,,,,,,,,,,,"2026-04-14 00:00:00","2026-04-30 00:00:00","2026-06-20 17:56:59",,,,,,,"GREEN FLORAL",0,,,469,,"2026-05-28 00:00:00",0,0,,,,"2026-05-28 00:00:00",STANFORD,,-469.00,-768.00,-17.00,0.00,,,"2026-04-15 16:02:53",0.0000,0.0000,,,,,,,,,,,,,,
ED1649D,"LAVENDER BLUE ORANGE",ACTIVE,,11.2000,,19.0000,0.0000,0.0000,0.0000,0.0000,support,"2026-04-14 12:44:54",,0.00,0.00,0.00,0.00,FREESIA,LULUS,,,,,,,0.0000,0.0000,0.0000,0.0000,,,,,,,,,,0,0,,,Style,XXS-XXL,"TRUEST ROMANCE FLORAL PRINT SLEEVELESS RUCHED MIDI DRESS",,,,,,,,,,minji,"2026-06-24 13:59:34",,,0.0000,,,,,,,,,N,1153,Style,0.0000,N,0.00,0.0000,,,,,0.0000,0.0000,0.0000,0.0000,0.0000,0.00,0.00,0.00,,,,,N,,,,,,,,,,,,"2025-11-25 00:00:00","2026-04-21 00:00:00","2026-04-21 13:48:15","2026-04-21 00:00:00",,,,364,,"LAVENDER BLUE ORANGE",0,,,364,,,0,0,,,,,STANFORD,,0.00,0.00,0.00,0.00,,,"2026-04-14 12:44:54",0.0000,0.0000,,,,,,,,,,,,,,
ED1649D,"PINK WHITE PURPLE",ACTIVE,,11.2000,,19.0000,0.0000,0.0000,0.0000,0.0000,adrian,"2026-04-15 14:11:43",,0.00,0.00,0.00,0.00,FREESIA,LULUS,,,,,,,0.0000,0.0000,0.0000,0.0000,,,,,,,,,,0,0,,,Style,XXS-XXL,"TRUEST ROMANCE FLORAL PRINT SLEEVELESS RUCHED MIDI DRESS",,,,,,,,,,adrian,"2026-04-15 14:11:43",,,0.0000,,,,,,,,,N,1199,Style,0.0000,N,0.00,0.0000,,,,0,0.0000,0.0000,0.0000,0.0000,0.0000,0.00,0.00,0.00,,,,,N,,,,,,,,,,,,"2025-11-25 00:00:00",,,,,,,,,"PINK WHITE PURPLE",0,,,,,,0,0,,,,,STANFORD,,0.00,0.00,0.00,0.00,,,"2026-04-15 14:11:43",0.0000,0.0000,,,,,,,,,,,,,,
ED1743,SAGE,ACTIVE,,8.7000,,17.4400,0.0000,0.0000,0.0000,0.0000,support,"2026-04-14 12:44:54",,-175.00,0.00,0.00,0.00,FREESIA,"12TH TRIBE",,,,,,,0.0000,0.0000,0.0000,0.0000,,,,,,,,,,0,0,,,Style,XXS-XXL,"ELEVATOR DISCO SAGE SATIN CUTOUT MINI DRESS",,,,,,,,,,adrian,"2026-05-05 13:00:59",,,0.0000,,,,,,,,,N,1156,Style,0.0000,N,0.00,0.0000,,,,,0.0000,0.0000,0.0000,0.0000,0.0000,0.00,0.00,0.00,,,,,N,,,,,,,,,,,,"2025-12-19 00:00:00",,"2026-05-28 00:00:00",,,,,,,SAGE,0,,,175,,,0,0,,,,,STANFORD,,-175.00,-175.00,-175.00,0.00,,,"2026-04-14 12:44:54",0.0000,0.0000,,,,,,,,,,,,,,
EDD1124,BLACK,ACTIVE,,12.2000,,23.7000,0.0000,0.0000,0.0000,0.0000,support,"2026-04-14 12:44:54",,0.00,400.00,0.00,400.00,FREESIA,LULUS,,,,,,,0.0000,0.0000,0.0000,0.0000,,,,,,,,,,0,0,,,Style,XXS-XXL,"STRAPLESS ORGANZA RUFFLE TECHNO CREPE MERMAID MAXI DRESS W/ CB SLIT",,,,,,,,,,design,"2026-06-26 09:35:17",,,0.0000,,,,,,,,,N,1129,Style,0.0000,N,0.00,0.0000,,,,,0.0000,0.0000,0.0000,0.0000,0.0000,0.00,0.00,0.00,,,,,N,,,,,,,,,,,,"2026-01-19 00:00:00","2026-04-30 00:00:00",,,,,,,,BLACK,0,,,,,"2026-05-28 00:00:00",0,0,,,,"2026-05-28 00:00:00",STANFORD,,0.00,-400.00,0.00,0.00,,,"2026-04-14 12:44:54",0.0000,0.0000,,,,,,,,,,,,,,
EDD1125,"LT YLW/WHT/SILVER",ACTIVE,,13.8000,,23.8500,0.0000,0.0000,0.0000,0.0000,adrian,"2026-04-15 16:30:17",,604.00,600.00,0.00,0.00,FREESIA,LULUS,,,,,,,0.0000,0.0000,0.0000,0.0000,,,,,,,,,,0,0,,,Style,XXS-XXL,"DAZZLING FOREVER SEQUIN BEADED BODYCON MINI DRESS",,,,,,,,,,adrian,"2026-04-15 16:30:17",,,0.0000,,,,,,,,,N,1215,Style,0.0000,N,0.00,0.0000,,,,0,0.0000,0.0000,0.0000,0.0000,0.0000,0.00,0.00,0.00,,,,,N,,,,,,,,,,,,"2026-04-14 00:00:00","2026-04-22 00:00:00",,"2026-06-26 00:00:00",,,,604,,"LT YELLOW SHINY WHITE SILVER",0,,,,,,0,0,,,,,STANFORD,,604.00,4.00,4.00,0.00,,,"2026-04-15 16:30:17",0.0000,0.0000,,,,,,,,,,,,,,
EDD1125,PEACH,ACTIVE,,13.8000,,23.8500,0.0000,0.0000,0.0000,0.0000,adrian,"2026-04-15 16:37:18",,0.00,375.00,0.00,375.00,FREESIA,LULUS,,,,,,,0.0000,0.0000,0.0000,0.0000,,,,,,,,,,0,0,,,Style,XXS-XXL,"DAZZLING FOREVER SEQUIN BEADED BODYCON MINI DRESS",,,,,,,,,,adrian,"2026-04-15 16:37:18",,,0.0000,,,,,,,,,N,1216,Style,0.0000,N,0.00,0.0000,,,,0,0.0000,0.0000,0.0000,0.0000,0.0000,0.00,0.00,0.00,,,,,N,,,,,,,,,,,,"2026-04-14 00:00:00","2026-04-22 00:00:00",,,,,,,,PEACH,0,,,,,"2026-05-20 00:00:00",0,0,,,,"2026-05-20 00:00:00",STANFORD,,0.00,-375.00,0.00,0.00,,,"2026-04-15 16:37:18",0.0000,0.0000,,,,,,,,,,,,,,
EDD1125,"ROYAL BLUE",ACTIVE,,13.8000,,23.8500,0.0000,0.0000,0.0000,0.0000,support,"2026-04-14 12:44:54",,0.00,400.00,0.00,400.00,FREESIA,LULUS,,,,,,,0.0000,0.0000,0.0000,0.0000,,,,,,,,,,0,0,,,Style,XXS-XXL,"DAZZLING FOREVER SEQUIN BEADED BODYCON MINI DRESS",,,,,,,,,,minji,"2026-04-22 19:25:34",,,0.0000,,,,,,,,,N,1144,Style,0.0000,N,0.00,0.0000,,,,,0.0000,0.0000,0.0000,0.0000,0.0000,0.00,0.00,0.00,,,,,N,,,,,,,,,,,,"2026-03-19 00:00:00","2026-04-30 00:00:00",,,,,,,,"ROYAL BLUE",0,,,,,"2026-05-28 00:00:00",0,0,,,,"2026-05-28 00:00:00",STANFORD,,0.00,-400.00,0.00,0.00,,,"2026-04-14 12:44:54",0.0000,0.0000,,,,,,,,,,,,,,
EDD1127,BLACK,ACTIVE,,11.9500,,0.0000,0.0000,0.0000,0.0000,0.0000,minji,"2026-05-04 11:40:20",,0.00,0.00,0.00,0.00,FREESIA,,,,,,,,0.0000,0.0000,0.0000,0.0000,,,,,,,,,,0,0,,,Style,XXS-XXL,"Posh Outcome Short Sleeve Sweater Mini Dress",DRESSES,,,,,,,,,adrian,"2026-05-08 13:51:28",Import,,0.0000,,,,,,,,,N,1232,Style,0.0000,N,0.00,0.0000,,,,,0.0000,0.0000,0.0000,0.0000,0.0000,0.00,0.00,0.00,,,,,N,,,,,,PO,,,,,,,,,,,,,,,BLACK,0,,,,"2026-05-04 11:39:24",,0,0,,,,,,CHI,0.00,0.00,0.00,0.00,,,"2026-05-04 11:40:20",0.0000,0.0000,,,,,,,,,,,,,,
EDD1227,BLACK,ACTIVE,,11.9500,,0.0000,0.0000,0.0000,0.0000,0.0000,minji,"2026-05-04 11:44:01",,0.00,900.00,0.00,900.00,FREESIA,,,,,,,,0.0000,0.0000,0.0000,0.0000,,,,,,,,,,0,0,,,Style,XXS-XXL,"Posh Outcome Short Sleeve Sweater Mini Dress",DRESSES,,,,,,,,,minji,"2026-05-04 13:48:13",Import,,0.0000,,,,,,,,,N,1233,Style,0.0000,N,0.00,0.0000,,,,,0.0000,0.0000,0.0000,0.0000,0.0000,0.00,0.00,0.00,,,,,N,,,,,,PO,,,,,,"2026-06-24 14:12:18","2026-06-24 00:00:00",,,,,,,,BLACK,0,,,,"2026-05-04 11:43:35","2026-07-09 00:00:00",0,0,,,,"2026-07-09 00:00:00",,CHI,0.00,-900.00,0.00,0.00,,,"2026-05-04 11:44:01",0.0000,0.0000,,,,,,,,,,,,,,
EDD1294WH,"ROYAL BLUE",ACTIVE,,,,23.9000,,,,,adrian,"2026-04-13 16:21:41",,0.00,0.00,0.00,0.00,FREESIA,,,,,,,,0.0000,0.0000,0.0000,0.0000,,,,,,,,,,0,0,,,Style,XXS-XXL,"SLEEVELESS V-NECK TIERED PLISSE MAXI DRESS",DRESSES,,,,,,,,,adrian,"2026-04-13 16:21:42",Import,,,,,,,,,,,N,1112,Style,0.0000,N,,0.0000,,,,,,,,,,0.00,0.00,0.00,,,,,N,,,,,,PO,,,,,,"2025-10-22 00:00:00","2025-10-22 00:00:00","2026-04-21 13:26:28","2026-04-14 00:00:00",,,,364,,"ROYAL BLUE",0,,,364,"2026-04-13 16:17:19",,0,0,,,,,,,0.00,0.00,0.00,0.00,,,"2026-04-13 16:21:41",0.0000,0.0000,,,,,,,,,,,,,,
EDD1326,"BEIGE SHINY GOLD",ACTIVE,,15.8000,,24.2000,0.0000,0.0000,0.0000,0.0000,support,"2026-04-14 12:44:54",,-307.00,0.00,0.00,300.00,FREESIA,LULUS,,,,,,,0.0000,0.0000,0.0000,0.0000,,,,,,,,,,0,0,,,Style,XXS-XXL,"CATHAYSA EMBROIDERED PUFF SLEEVE BOW MINI DRESS",,,,,,,,,,adrian,"2026-04-15 15:20:58",,,0.0000,,,,,,,,,N,1146,Style,0.0000,N,0.00,0.0000,,,,,0.0000,0.0000,0.0000,0.0000,0.0000,0.00,0.00,0.00,,,,,N,,,,,,,,,,,,"2026-02-13 00:00:00","2026-04-30 00:00:00","2026-05-27 00:00:00",,,,,,,"BEIGE SHINY GOLD",0,,,307,,"2026-05-28 00:00:00",0,0,,,,"2026-05-28 00:00:00",STANFORD,,-307.00,-307.00,-7.00,0.00,,,"2026-04-14 12:44:54",0.0000,0.0000,,,,,,,,,,,,,,
EDD1326,BLACK,ACTIVE,,15.8000,,24.2000,0.0000,0.0000,0.0000,0.0000,adrian,"2026-04-15 15:54:20",,0.00,310.00,0.00,310.00,FREESIA,LULUS,,,,,,,0.0000,0.0000,0.0000,0.0000,,,,,,,,,,0,0,,,Style,XXS-XXL,"CATHAYSA EMBROIDERED PUFF SLEEVE BOW MINI DRESS",,,,,,,,,,design,"2026-06-26 09:40:04",,,0.0000,,,,,,,,,N,1208,Style,0.0000,N,0.00,0.0000,,,,0,0.0000,0.0000,0.0000,0.0000,0.0000,0.00,0.00,0.00,,,,,N,,,,,,,,,,,,"2026-03-19 00:00:00","2026-04-30 00:00:00",,,,,,,,BLACK,0,,,,,"2026-05-28 00:00:00",0,0,,,,"2026-05-28 00:00:00",STANFORD,,0.00,-310.00,0.00,0.00,,,"2026-04-15 15:54:20",0.0000,0.0000,,,,,,,,,,,,,,
EDD1333B-12,WHITE,DROP,,0.0000,,29.0000,0.0000,0.0000,0.0000,0.0000,yosup,"2026-04-09 15:40:57",FW26,0.00,0.00,0.00,0.00,"ELEVATOR DISCO","26 AUG",,,,,,,0.0000,0.0000,0.0000,0.0000,,,,,,,,,,0,0,,,Style,XS-XL,"MILA SWEATER DRESS",DRESSES,,,,,,,,,adrian,"2026-05-21 15:57:21",,,0.0000,,"VISCOSE SWEATER KNIT",,,,,,,N,1062,Style,0.0000,N,0.00,88.0000,,,,,0.0000,0.0000,0.0000,0.0000,0.0000,0.00,0.00,0.00,,,,,N,1-2-2-1,,,,,,,,,,,"2026-04-13 00:00:00",,,,,,,,,WHITE,0,,,,,,0,0,,,,,,,0.00,0.00,0.00,0.00,,,"2026-04-09 15:40:57",0.0000,0.0000,,,,,,,,,,,,,,
EDX1719,BLACK,ACTIVE,,14.5000,,0.0000,0.0000,0.0000,0.0000,0.0000,design,"2026-06-25 14:08:09",,0.00,400.00,0.00,400.00,FREESIA,,,,,,,,0.0000,0.0000,0.0000,0.0000,,,,,,,,,,0,0,,,Style,XS-XL,,DRESSES,,,,,,,,,design,"2026-06-25 14:10:09",Import,,0.0000,,,,,,,,,N,1763,Style,0.0000,N,0.00,0.0000,,,,,0.0000,0.0000,0.0000,0.0000,0.0000,0.00,0.00,0.00,,,,,N,1-2-2-1,,,,,PO,,,,,,"2026-06-25 15:07:45","2026-06-25 00:00:00",,,,,,,,BLACK,0,,,,"2026-06-25 14:07:13","2026-07-23 00:00:00",0,0,,,,"2026-07-23 00:00:00",,,0.00,-400.00,0.00,0.00,,,"2026-06-25 14:08:09",0.0000,0.0000,,,,,,,,,,,,,,
EDX2047,"LIME GREEN",ACTIVE,,10.5000,,17.0800,0.0000,0.0000,0.0000,0.0000,support,"2026-04-14 12:44:54",,-329.00,351.00,0.00,700.00,FREESIA,LULUS,,,,,,,0.0000,0.0000,0.0000,0.0000,,,,,,,,,,0,0,,,Style,XXS-XXL,"SLEEK DEDICATION SATIN PLISSE CUTOUT TIERED MINI DRESS",,,,,,,,,,minji,"2026-04-22 19:26:13",,,0.0000,,,,,,,,,N,1139,Style,0.0000,N,0.00,0.0000,,,,,0.0000,0.0000,0.0000,0.0000,0.0000,0.00,0.00,0.00,,,,,N,,,,,,,,,,,,"2026-04-14 00:00:00","2026-04-30 00:00:00","2026-06-20 18:03:21",,,,,,,"LIME GREEN",0,,,329,,"2026-05-28 00:00:00",0,0,,,,"2026-05-28 00:00:00",STANFORD,,-329.00,-680.00,20.00,0.00,,,"2026-04-14 12:44:54",0.0000,0.0000,,,,,,,,,,,,,,
EDX2332,"BLACK SHINY BLACK",ACTIVE,,0.0000,,21.0000,0.0000,0.0000,0.0000,0.0000,minji,"2026-05-17 14:40:20",,0.00,500.00,0.00,500.00,FREESIA,LULUS,,,,,,,0.0000,0.0000,0.0000,0.0000,,,,,,,,,,0,0,,,Style,XXS-XXL,"Feeling So Luxe Velvet Mesh Sequin Strapless Midi Dress",DRESSES,,,,,,,,,minji,"2026-06-01 13:47:54",Import,,0.0000,,,,,,,,,N,1246,Style,0.0000,N,0.00,0.0000,,,,0,0.0000,0.0000,0.0000,0.0000,0.0000,0.00,0.00,0.00,,,,,N,,,,,,PO,,,,,,"2026-05-28 00:00:00","2026-05-28 00:00:00",,,,,,,,"BLACK BLACK SHINY BLACK",0,,,,"2026-05-17 14:34:24","2026-06-14 00:00:00",0,0,,,,"2026-06-14 00:00:00",,CHI,0.00,-500.00,0.00,0.00,,,"2026-05-17 14:40:20",0.0000,0.0000,,,,,,,,,,,,,,
EDX2332,"EMERALD GREEN",ACTIVE,,0.0000,,21.0000,0.0000,0.0000,0.0000,0.0000,minji,"2026-05-28 16:03:17",,0.00,350.00,0.00,350.00,FREESIA,LULUS,,,,,,,0.0000,0.0000,0.0000,0.0000,,,,,,,,,,0,0,,,Style,XXS-XXL,"Feeling So Luxe Velvet Mesh Sequin Strapless Midi Dress",DRESSES,,,,,,,,,minji,"2026-06-01 13:47:04",Import,,0.0000,,,,,,,,,N,1686,Style,0.0000,N,0.00,0.0000,,,,0,0.0000,0.0000,0.0000,0.0000,0.0000,0.00,0.00,0.00,,,,,N,,,,,,PO,,,,,,"2026-05-28 00:00:00","2026-05-28 00:00:00",,,,,,,,"EMERALD GREEN",0,,,,"2026-05-17 14:34:24",,0,0,,,,,,CHI,0.00,-350.00,0.00,0.00,,,"2026-05-28 16:03:17",0.0000,0.0000,,,,,,,,,,,,,,
EDX2332,WINE,ACTIVE,,11.0000,,0.0000,0.0000,0.0000,0.0000,0.0000,minji,"2026-05-17 14:35:58",,0.00,750.00,0.00,750.00,FREESIA,LULUS,,,,,,,0.0000,0.0000,0.0000,0.0000,,,,,,,,,,0,0,,,Style,XXS-XXL,"Feeling So Luxe Velvet Mesh Sequin Strapless Midi Dress",DRESSES,INLOOK,,,,,,,,minji,"2026-06-01 13:48:22",Import,,0.0000,,,,,,,,,N,1245,Style,0.0000,N,0.00,0.0000,,,,,0.0000,0.0000,0.0000,0.0000,0.0000,0.00,0.00,0.00,,,,,N,,,,,,PO,,,,,,"2026-06-25 15:37:52","2026-06-25 00:00:00",,,,,,,,WINE,0,,,,"2026-05-17 14:34:24","2026-07-23 00:00:00",0,0,,,,"2026-06-14 00:00:00",,CHI,0.00,-750.00,0.00,0.00,,,"2026-05-17 14:35:58",0.0000,0.0000,,,,,,,,,,,,,,
EDX2396-12,BROWN,ACTIVE,,9.0000,,17.0400,,,,,support,"2026-04-14 12:44:54",,-200.00,0.00,0.00,0.00,FREESIA,"12TH TRIBE",,,,,,,0.0000,0.0000,0.0000,0.0000,,,,,,,,,,0,0,,,Style,XS-XL,"KIKI ZEBRA ONE SHOULDER MICRO MINI DRESS",,,,,,,,,,support,"2026-04-14 12:44:54",,,,,,,,,,,,,1165,Style,0.0000,,,0.0000,,,,,,,,,,0.00,0.00,0.00,,,,,,,,,,,,,,,,,"2026-03-09 00:00:00",,"2026-05-21 21:51:48",,,,,,,BROWN,0,,,200,,,0,0,,,,,STANFORD,,-200.00,-200.00,-200.00,0.00,,,"2026-04-14 12:44:54",0.0000,0.0000,,,,,,,,,,,,,,
EDX2396B,MULTI,ACTIVE,,9.2400,,17.5400,0.0000,0.0000,0.0000,0.0000,support,"2026-04-14 12:44:54",,0.00,150.00,0.00,0.00,FREESIA,"12TH TRIBE",,,,,,,0.0000,0.0000,0.0000,0.0000,,,,,,,,,,0,0,,,Style,XS-XL,"KIKI ANIMAL MINI DRESS",,,,,,,,,,minji,"2026-05-22 13:24:47",,,0.0000,,,,,,,,,N,1191,Style,0.0000,N,0.00,0.0000,,,,,0.0000,0.0000,0.0000,0.0000,0.0000,0.00,0.00,0.00,,,,,N,1-2-2-1,,,,,,,,,,,"2026-02-09 00:00:00",,,,,,,,,MUTI,0,,,,,,0,0,,,,,STANFORD,,0.00,-150.00,-150.00,0.00,,,"2026-04-14 12:44:54",0.0000,0.0000,,,,,,,,,,,,,,
EDX2742,"BLACK CREAM",ACTIVE,,15.6000,,0.0000,0.0000,0.0000,0.0000,0.0000,minji,"2026-05-28 16:51:58",SS26,0.00,300.00,0.00,300.00,FREESIA,LULUS,,,,,,,0.0000,0.0000,0.0000,0.0000,,,,,,,,,,0,0,,,Style,XXS-XXL,"Emryn Maxi Dress",DRESSES,,,,,,,,,minji,"2026-05-28 16:51:58",Import,,0.0000,,,,,,,,,N,1687,Style,0.0000,N,0.00,0.0000,,,,0,0.0000,0.0000,0.0000,0.0000,0.0000,0.00,0.00,0.00,,,,,N,,,,,,PO,,,,,,"2026-05-27 00:00:00","2026-05-28 00:00:00",,,,,,,,"BLACK CREAM",0,,,,"2025-10-15 00:00:00",,0,0,,,,,,CHI,0.00,-300.00,0.00,0.00,,,"2026-05-28 16:51:58",0.0000,0.0000,"Label & Hangtag: Lulus Label & Hangtag Disclaimer Label: Delicate Fabric
Wardrobe Tag:LULUS RETURN TAG + KIMBLE Hanger Tape: LULUS-HTP-WH: White Hanger Tape Care Label:LUCW: White International Care Label
Zipper Type: Talon Zipper Construction: Clean Finish
Lulus Polybag: Yes",,,,,,,,,,,,,
EDX2742,"LT TAUPE BROWN BLACK",ACTIVE,,15.6000,,0.0000,0.0000,0.0000,0.0000,0.0000,minji,"2026-04-30 12:56:20",SS26,0.00,280.00,0.00,280.00,FREESIA,LULUS,,,,,,,0.0000,0.0000,0.0000,0.0000,,,,,,,,,,0,0,,,Style,XXS-XXL,"Emryn Maxi Dress",DRESSES,,,,,,,,,adrian,"2026-05-08 13:52:10",Import,,0.0000,,,,,,,,,N,1229,Style,0.0000,N,0.00,0.0000,,,,,0.0000,0.0000,0.0000,0.0000,0.0000,0.00,0.00,0.00,,,,,N,,,,,,PO,,,,,,"2026-04-30 12:56:29","2026-04-30 00:00:00",,,,,,,,"LT TAUPE BROWN BLACK",0,,,,"2025-10-15 00:00:00","2026-05-28 00:00:00",0,0,,,,"2026-05-28 00:00:00",,CHI,0.00,-280.00,0.00,0.00,,,"2026-04-30 12:56:20",0.0000,0.0000,"Label & Hangtag: Lulus Label & Hangtag Disclaimer Label: Delicate Fabric
Wardrobe Tag:LULUS RETURN TAG + KIMBLE Hanger Tape: LULUS-HTP-WH: White Hanger Tape Care Label:LUCW: White International Care Label
Zipper Type: Talon Zipper Construction: Clean Finish
Lulus Polybag: Yes",,,,,,,,,,,,,
EDX2768V,IVORY,ACTIVE,,0.0000,,20.5400,0.0000,0.0000,0.0000,0.0000,support,"2026-04-14 12:44:54",,-187.00,250.00,0.00,250.00,FREESIA,"12TH TRIBE",,,,,,,0.0000,0.0000,0.0000,0.0000,,,,,,,,,,0,0,,,Style,XXS-XXL,"CORDELIA IVORY SEQUIN MIDI DRESS",,,,,,,,,,minji,"2026-06-09 11:41:28",,,0.0000,,,,,,,,,N,1162,Style,0.0000,N,0.00,0.0000,,,,,0.0000,0.0000,0.0000,0.0000,0.0000,0.00,0.00,0.00,,,,,N,,,,,,,,,,,,"2026-06-09 00:00:00","2026-06-09 00:00:00","2026-05-28 00:00:00",,,,,,,IVORY,0,,,187,,,0,0,,,,,STANFORD,,-187.00,-437.00,-187.00,0.00,,,"2026-04-14 12:44:54",0.0000,0.0000,,,,,,,,,,,,,,
EDX2787AV,"BROWN MULTI",ACTIVE,,11.0000,,19.5400,,,,,support,"2026-04-14 12:44:54",,0.00,150.00,0.00,200.00,FREESIA,"12TH TRIBE",,,,,,,0.0000,0.0000,0.0000,0.0000,,,,,,,,,,0,0,,,Style,XS-XL,"ROSALIA OLIVE MESH MAXI DRESS",,,,,,,,,,support,"2026-04-14 12:44:54",,,,,,,,,,,,,1164,Style,0.0000,,,0.0000,,,,,,,,,,0.00,0.00,0.00,,,,,,,,,,,,,,,,,"2026-05-08 00:00:00","2026-05-13 00:00:00",,,,,,,,"BROWN MULTI",0,,,,,"2026-06-11 00:00:00",0,0,,,,"2026-06-11 00:00:00",STANFORD,,0.00,-150.00,50.00,0.00,,,"2026-04-14 12:44:54",0.0000,0.0000,,,,,,,,,,,,,,
EDX2787AV,MULTI,ACTIVE,,,,19.5400,,,,,support,"2026-04-14 12:44:54",,0.00,0.00,0.00,0.00,FREESIA,"12TH TRIBE",,,,,,,0.0000,0.0000,0.0000,0.0000,,,,,,,,,,0,0,,,Style,XS-XL,"ROSALIA OLIVE MESH MAXI DRESS",,,,,,,,,,support,"2026-04-14 12:44:54",,,,,,,,,,,,,1192,Style,0.0000,,,0.0000,,,,,,,,,,0.00,0.00,0.00,,,,,,,,,,,,,,,,,"2026-02-26 00:00:00","2026-05-08 00:00:00","2026-05-07 00:00:00","2026-05-08 00:00:00",,,,222,,MUTI,0,,,222,,,0,0,,,,,STANFORD,,0.00,0.00,0.00,0.00,,,"2026-04-14 12:44:54",0.0000,0.0000,,,,,,,,,,,,,,
EDX2815V,PINK,ACTIVE,,13.8000,,28.0000,0.0000,0.0000,0.0000,0.0000,yosup,"2026-04-09 15:40:57",SS26,0.00,0.00,0.00,0.00,"ELEVATOR DISCO","26 MAY",,,,,,,0.0000,0.0000,0.0000,0.0000,,,,,,,,,,0,0,,,Style,XS-XL,"TINKER MINI DRESS",DRESSES,,,,,,,,,adrian,"2026-05-19 10:57:39",,,0.0000,,SEQUIN,,,,,,,N,811,Style,0.0000,N,0.00,78.0000,,,,,0.0000,0.0000,0.0000,0.0000,0.0000,0.00,0.00,0.00,,,,,N,1-2-2-1,,,,,,,,,,,"2026-04-21 00:00:00","2026-04-22 00:00:00","2026-06-05 00:21:52","2026-05-15 00:00:00",,,,67,,PINK,0,,,97,,,0,0,,,,,,,0.00,0.00,0.00,0.00,,,"2026-04-09 15:40:57",0.0000,0.0000,,,,,,,,,,,,,,
EDX2829VD,RUST,ACTIVE,,7.2000,,15.5400,,,,,support,"2026-04-14 12:44:54",,0.00,0.00,0.00,0.00,FREESIA,"12TH TRIBE",,,,,,,0.0000,0.0000,0.0000,0.0000,,,,,,,,,,0,0,,,Style,XS-XL,"IRIS TERRACOTTA SHIFT MINI DRESS",,,,,,,,,,support,"2026-04-14 12:44:54",,,,,,,,,,,,,1157,Style,0.0000,,,0.0000,,,,,,,,,,0.00,0.00,0.00,,,,,,,,,,,,,,,,,,,,,,,,,,RUST,0,,,,,,0,0,,,,,STANFORD,,0.00,0.00,0.00,0.00,,,"2026-04-14 12:44:54",0.0000,0.0000,,,,,,,,,,,,,,
EDX2853,OLIVE,ACTIVE,,8.6000,,16.2400,0.0000,0.0000,0.0000,0.0000,support,"2026-04-14 12:44:54",,0.00,350.00,0.00,50.00,FREESIA,"12TH TRIBE",,,,,,,0.0000,0.0000,0.0000,0.0000,,,,,,,,,,0,0,,,Style,XS-XL,"KIKI OLIVE ONE SHOULDER MINI DRESS",DRESSES,,,,,,,,,design,"2026-06-11 11:58:45",,,0.0000,,,,,,,,,N,1161,Style,0.0000,N,0.00,0.0000,,,,,0.0000,0.0000,0.0000,0.0000,0.0000,0.00,0.00,0.00,,,,,N,1-2-2-1,,,,,,,,,,,"2026-06-10 00:00:00","2026-06-11 00:00:00",,,,,,,,OLIVE,0,,,,,,0,0,,,,,STANFORD,,0.00,-350.00,-300.00,0.00,,,"2026-04-14 12:44:54",0.0000,0.0000,,,,,,,,,,,,,,
EP3527A,TAN,ACTIVE,,7.9000,,15.8400,,,,,support,"2026-04-14 12:44:54",,0.00,0.00,0.00,0.00,FREESIA,"12TH TRIBE",,,,,,,0.0000,0.0000,0.0000,0.0000,,,,,,,,,,0,0,,,Style,XS-XL,"MERCER CAMEL FAUX SUEDE MICRO SHORTS",,,,,,,,,,support,"2026-04-14 12:44:54",,,,,,,,,,,,,1167,Style,0.0000,,,0.0000,,,,,,,,,,0.00,0.00,0.00,,,,,,,,,,,,,,,,,"2026-03-12 00:00:00","2026-05-19 00:00:00","2026-05-18 00:00:00","2026-05-19 00:00:00",,,,455,,TAN,0,,,455,,,0,0,,,,,STANFORD,,0.00,0.00,0.00,0.00,,,"2026-04-14 12:44:54",0.0000,0.0000,,,,,,,,,,,,,,
EP4045VD,OLIVE,ACTIVE,,8.8000,,15.9400,0.0000,0.0000,0.0000,0.0000,support,"2026-04-14 12:44:54",,223.00,381.00,0.00,272.00,FREESIA,"12TH TRIBE",,,,,,,0.0000,0.0000,0.0000,0.0000,,,,,,,,,,0,0,,,Style,XS-XL,"OLIVE QUINCY TROUSER UPDATE",,,,,,,,,,minji,"2026-06-11 17:03:54",,,0.0000,,,,,,,,,N,1159,Style,0.0000,N,0.00,0.0000,,,,,0.0000,0.0000,0.0000,0.0000,0.0000,0.00,0.00,0.00,,,,,N,1-2-2-1,,,,,,,,,,,"2026-01-30 00:00:00","2026-06-26 00:00:00",,"2026-06-26 00:00:00",,,,223,,OLIVE,0,,,,,"2026-07-24 00:00:00",0,0,,,,"2026-07-24 00:00:00",STANFORD,,223.00,-158.00,114.00,0.00,,,"2026-04-14 12:44:54",0.0000,0.0000,,,,,,,,,,,,"2026-06-26 00:00:00","2026-06-26 00:00:00",
EPD4028,BLACK,ACTIVE,,7.4000,"2026-08-28 00:00:00",15.7900,0.0000,0.0000,0.0000,0.0000,Marie,"2026-06-19 20:12:12",,0.00,0.00,0.00,400.00,"ELEVATOR DISCO",,,,,,,,0.0000,0.0000,0.0000,0.0000,,,,,,,,,,0,0,,,Style,XS-XL,"Happy Hour Black Lace Flare Pant",PANTS,STENUE,,,,,,,,Marie,"2026-06-19 20:13:07",Import,,0.0000,,,,,,,,,N,1700,Style,0.0000,N,0.00,0.0000,,,,,0.0000,0.0000,0.0000,0.0000,0.0000,0.00,0.00,0.00,,,,,N,1-2-2-1,,,,,PO,,,,,,,"2026-06-19 00:00:00",,,,,,,,BLACK,0,,,,"2026-06-19 20:05:48","2026-08-14 00:00:00",0,0,,,,"2026-08-14 00:00:00",,CHI,0.00,0.00,400.00,0.00,,,"2026-06-19 20:12:12",0.0000,0.0000,,,,,,,,,,,,"2026-07-24 00:00:00","2026-07-24 00:00:00",
EPD4032V,BLACK,ACTIVE,,8.6000,,16.0400,,,,,support,"2026-04-14 12:44:54",,-250.00,0.00,0.00,0.00,FREESIA,"12TH TRIBE",,,,,,,0.0000,0.0000,0.0000,0.0000,,,,,,,,,,0,0,,,Style,XS-XL,"HAPPY HOUR FRINGE PANTS",,,,,,,,,,support,"2026-04-14 12:44:54",,,,,,,,,,,,,1171,Style,0.0000,,,0.0000,,,,,,,,,,0.00,0.00,0.00,,,,,,,,,,,,,,,,,"2026-03-27 00:00:00",,"2026-05-28 00:00:00",,,,,,,BLACK,0,,,250,,,0,0,,,,,STANFORD,,-250.00,-250.00,-250.00,0.00,,,"2026-04-14 12:44:54",0.0000,0.0000,,,,,,,,,,,,,,
EPD4032V,CREAM,ACTIVE,,8.6000,,16.0400,,,,,adrian,"2026-05-05 13:26:39",,-243.00,0.00,0.00,0.00,FREESIA,"12TH TRIBE",,,,,,,0.0000,0.0000,0.0000,0.0000,,,,,,,,,,0,0,,,Style,XS-XL,"HAPPY HOUR FRINGE PANTS",,,,,,,,,,adrian,"2026-05-05 13:26:39",,,,,,,,,,,,,1236,Style,0.0000,,,0.0000,,,,0,0.0000,0.0000,0.0000,0.0000,0.0000,0.00,0.00,0.00,,,,,,,,,,,,,,,,,"2026-03-27 00:00:00",,"2026-05-28 00:00:00",,,,,,,CREAM,0,,,243,,,0,0,,,,,STANFORD,,-243.00,-243.00,-243.00,0.00,,,"2026-05-05 13:26:39",0.0000,0.0000,,,,,,,,,,,,,,
EPD4037VD,CHAMPAGNE,ACTIVE,,,,16.5400,,,,,support,"2026-04-14 12:44:54",,0.00,0.00,0.00,0.00,FREESIA,"12TH TRIBE",,,,,,,0.0000,0.0000,0.0000,0.0000,,,,,,,,,,0,0,,,Style,XS-XL,"CLEAR BREEZE CHAMPAGNE SEQUIN PANTS",,,,,,,,,,support,"2026-04-14 12:44:54",,,,,,,,,,,,,1188,Style,0.0000,,,0.0000,,,,,,,,,,0.00,0.00,0.00,,,,,,,,,,,,,,,,,,,,,,,,,,,0,,,,,,0,0,,,,,STANFORD,,0.00,0.00,0.00,0.00,,,"2026-04-14 12:44:54",0.0000,0.0000,,,,,,,,,,,,,,
EPD4047A,BROWN,ACTIVE,,,,15.0400,,,,,support,"2026-04-14 12:44:54",,0.00,0.00,0.00,0.00,FREESIA,"12TH TRIBE",,,,,,,0.0000,0.0000,0.0000,0.0000,,,,,,,,,,0,0,,,Style,XS-XL,"DIXIE COW PRINT LOW RISE HOT SHORTS",,,,,,,,,,support,"2026-04-14 12:44:54",,,,,,,,,,,,,1187,Style,0.0000,,,0.0000,,,,,,,,,,0.00,0.00,0.00,,,,,,,,,,,,,,,,,,,,,,,,,,BROWN,0,,,,,,0,0,,,,,STANFORD,,0.00,0.00,0.00,0.00,,,"2026-04-14 12:44:54",0.0000,0.0000,,,,,,,,,,,,,,
ES3307A,BRN/ORN/LVNDR,ACTIVE,,0.0000,,18.0000,0.0000,0.0000,0.0000,0.0000,adrian,"2026-04-15 15:50:57",,0.00,0.00,0.00,0.00,FREESIA,LULUS,,,,,,,0.0000,0.0000,0.0000,0.0000,,,,,,,,,,0,0,,,Style,XXS-XXL,"SIDE SASH MIDI SKIRT",SKIRTS,,,,,,,,,design,"2026-06-26 09:53:40",Import,,0.0000,,,,,,,,,N,1207,Style,0.0000,N,0.00,0.0000,,,,,0.0000,0.0000,0.0000,0.0000,0.0000,0.00,0.00,0.00,,,,,N,,,,,,PO,,,,,,,,,,,,,,,"BROWN ORANGE LAVENDER",0,,,,"2026-04-15 15:50:12",,0,0,,,,,,,0.00,0.00,0.00,0.00,,,"2026-04-15 15:50:57",0.0000,0.0000,,,,,,,,,,,,,,
ES3307A,"DK OLIVE PINK",ACTIVE,,,,18.0000,,,,,minji,"2026-05-14 15:23:13",,0.00,0.00,0.00,0.00,FREESIA,LULUS,,,,,,,0.0000,0.0000,0.0000,0.0000,,,,,,,,,,0,0,,,Style,XXS-XXL,"SIDE SASH MIDI SKIRT",SKIRTS,,,,,,,,,minji,"2026-05-14 15:23:13",Import,,,,,,,,,,,N,1242,Style,0.0000,N,,0.0000,,,,0,0.0000,0.0000,0.0000,0.0000,0.0000,0.00,0.00,0.00,,,,,N,,,,,,PO,,,,,,"2026-03-16 00:00:00","2026-04-30 00:00:00",,,,,,,,"DK OLIVE PINK LT PINK",0,,,,"2026-04-15 15:50:12",,0,0,,,,,,,0.00,0.00,0.00,0.00,,,"2026-05-14 15:23:13",0.0000,0.0000,,,,,,,,,,,,,,
ES3479A,CHAMPAGNE,ACTIVE,,11.5000,,19.0400,,,,,support,"2026-04-14 12:44:54",,0.00,0.00,0.00,0.00,FREESIA,"12TH TRIBE",,,,,,,0.0000,0.0000,0.0000,0.0000,,,,,,,,,,0,0,,,Style,XS-XL,"DOLCE CHAMPAGNE SATIN MAXI SKIRT",,,,,,,,,,support,"2026-04-14 12:44:54",,,,,,,,,,,,,1158,Style,0.0000,,,0.0000,,,,,,,,,,0.00,0.00,0.00,,,,,,,,,,,,,,,,,"2026-01-30 00:00:00","2026-05-08 00:00:00","2026-05-07 00:00:00","2026-05-08 00:00:00",,,,223,,,0,,,223,,,0,0,,,,,STANFORD,,0.00,0.00,0.00,0.00,,,"2026-04-14 12:44:54",0.0000,0.0000,,,,,,,,,,,,,,
ES3534V,"DARK BROWN",DROP,,0.0000,,27.0000,0.0000,0.0000,0.0000,0.0000,yosup,"2026-04-09 15:40:57",FW26,0.00,0.00,0.00,0.00,"ELEVATOR DISCO","26 SEP",,,,,,,0.0000,0.0000,0.0000,0.0000,,,,,,,,,,0,0,,,Style,XS-XL,"AMELIA SWEATER SKIRT",SKIRTS,,,,,,,,,adrian,"2026-05-21 15:58:30",,,0.0000,,"VISCOSE SWEATER",,,,,,,N,1091,Style,0.0000,N,0.00,78.0000,,,,,0.0000,0.0000,0.0000,0.0000,0.0000,0.00,0.00,0.00,,,,,N,1-2-2-1,,,,,,,,,,,"2026-02-26 00:00:00",,,,,,,,,"DARK BROWN",0,,,,,,0,0,,,,,,,0.00,0.00,0.00,0.00,,,"2026-04-09 15:40:57",0.0000,0.0000,,,,,,,,,,,,,,
ES3537AV,LVNDR/IVO/ORANGE,ACTIVE,,15.0000,,20.0000,0.0000,0.0000,0.0000,0.0000,adrian,"2026-04-15 15:39:06",,0.00,300.00,0.00,300.00,FREESIA,LULUS,,,,,,,0.0000,0.0000,0.0000,0.0000,,,,,,,,,,0,0,,,Style,XXS-XXL,"TIERED RUFFLE MAXI",SKIRTS,,,,,,,,,minji,"2026-05-22 11:31:38",Import,,0.0000,,,,,,,,,N,1206,Style,0.0000,N,0.00,0.0000,,,,,0.0000,0.0000,0.0000,0.0000,0.0000,0.00,0.00,0.00,,,,,N,,,,,,PO,,,,,,"2026-03-11 00:00:00","2026-04-30 00:00:00",,,,,,,,"LAVENDER IVORY ORANGE",0,,,,"2026-04-15 15:38:39","2026-05-28 00:00:00",0,0,,,,"2026-05-28 00:00:00",,,0.00,-300.00,0.00,0.00,,,"2026-04-15 15:39:06",0.0000,0.0000,,,,,,,,,,,,,,
ES3537V,"NAVY WHITE",ACTIVE,,7.9000,,18.8000,0.0000,0.0000,0.0000,0.0000,support,"2026-04-14 12:44:54",,0.00,300.00,0.00,300.00,FREESIA,LULUS,,,,,,,0.0000,0.0000,0.0000,0.0000,,,,,,,,,,0,0,,,Style,XXS-XXL,"MINI RUFFLE SKIRT",,,,,,,,,,design,"2026-06-26 09:41:25",,,0.0000,,,,,,,,,N,1137,Style,0.0000,N,0.00,0.0000,,,,,0.0000,0.0000,0.0000,0.0000,0.0000,0.00,0.00,0.00,,,,,N,,,,,,,,,,,,"2026-03-11 00:00:00","2026-04-30 00:00:00",,,,,,,,"NAVY WHITE",0,,,,,"2026-05-28 00:00:00",0,0,,,,"2026-05-28 00:00:00",STANFORD,,0.00,-300.00,0.00,0.00,,,"2026-04-14 12:44:54",0.0000,0.0000,,,,,,,,,,,,,,
ES3539VD,RUST,ACTIVE,,8.2000,,16.0400,,,,,support,"2026-04-14 12:44:54",,0.00,200.00,0.00,0.00,FREESIA,"12TH TRIBE",,,,,,,0.0000,0.0000,0.0000,0.0000,,,,,,,,,,0,0,,,Style,XS-XL,"SUNSET ORANGE MINI SKIRT",,,,,,,,,,support,"2026-04-14 12:44:54",,,,,,,,,,,,,1175,Style,0.0000,,,0.0000,,,,,,,,,,0.00,0.00,0.00,,,,,,,,,,,,,,,,,"2026-04-03 00:00:00","2026-05-19 00:00:00","2026-05-18 00:00:00","2026-05-19 00:00:00",,,,300,,RUST,0,,,300,,,0,0,,,,,STANFORD,,0.00,-200.00,-200.00,0.00,,,"2026-04-14 12:44:54",0.0000,0.0000,,,,,,,,,,,,,,
ESWD5332,PINK,ACTIVE,,0.0000,"2026-07-07 00:00:00",35.0000,0.0000,0.0000,0.0000,0.0000,yosup,"2026-04-09 15:40:57",SS26,98.00,99.00,0.00,0.00,"ELEVATOR DISCO","26 MAY",,,,,,,0.0000,0.0000,0.0000,0.0000,,,,,,,,,,0,0,,,Style,XS-XL,"EDITOR MAXI DRESS",DRESSES,,,,,,,,,mike,"2026-06-15 19:15:16",,,0.0000,,VISCOSE,,,,,,,N,854,Style,0.0000,N,0.00,98.0000,,,,,0.0000,0.0000,0.0000,0.0000,0.0000,0.00,0.00,0.00,,,,,N,1-2-2-1,,,,,STO,,,,,,"2026-04-09 00:00:00","2026-12-23 00:00:00","2026-06-26 16:44:54","2026-06-24 00:00:00",,,,110,,PINK,0,,,12,,,0,0,,,,,,,98.00,-1.00,-1.00,0.00,,,"2026-04-09 15:40:57",0.0000,0.0000,,,,,,,,,,,,,,
ESWD5332PL,PINK,ACTIVE,,29.5000,,37.0000,0.0000,0.0000,0.0000,0.0000,yosup,"2026-04-09 15:40:57",SS26,58.00,60.00,0.00,0.00,"ELEVATOR DISCO","26 MAY",,,,,,,0.0000,0.0000,0.0000,0.0000,,,,,,,,,,0,0,,,Style,PL,"EDITOR MAXI DRESS",DRESSES,,,,,,,,,adrian,"2026-05-19 10:58:28",,,0.0000,,VISCOSE,,,,,,,N,855,Style,0.0000,N,0.00,98.0000,,,,,0.0000,0.0000,0.0000,0.0000,0.0000,0.00,0.00,0.00,,,,,N,,,,,,,,,,,,"2025-12-12 00:00:00","2026-12-23 00:00:00",,"2026-06-24 00:00:00",,,,58,,PINK,0,,,,,,0,0,,,,,,,58.00,-2.00,-2.00,0.00,,,"2026-04-09 15:40:57",0.0000,0.0000,,,,,,,,,,,,,,
ESWD5332PT,PINK,ACTIVE,,28.0000,,35.0000,0.0000,0.0000,0.0000,0.0000,yosup,"2026-04-09 15:40:57",SS26,78.00,80.00,0.00,0.00,"ELEVATOR DISCO","26 MAY",,,,,,,0.0000,0.0000,0.0000,0.0000,,,,,,,,,,0,0,,,Style,PT,"EDITOR MAXI DRESS",DRESSES,,,,,,,,,adrian,"2026-05-19 10:58:41",,,0.0000,,VISCOSE,,,,,,,N,856,Style,0.0000,N,0.00,98.0000,,,,,0.0000,0.0000,0.0000,0.0000,0.0000,0.00,0.00,0.00,,,,,N,,,,,,,,,,,,"2025-12-12 00:00:00","2026-12-23 00:00:00",,"2026-06-24 00:00:00",,,,78,,PINK,0,,,,,,0,0,,,,,,,78.00,-2.00,-2.00,0.00,,,"2026-04-09 15:40:57",0.0000,0.0000,,,,,,,,,,,,,,
ESWD6043,"BLACK IVORY",ACTIVE,,10.7500,,0.0000,0.0000,0.0000,0.0000,0.0000,minji,"2026-06-24 14:53:50",,0.00,500.00,0.00,500.00,"ELEVATOR DISCO",LULUS,,,,,,,10.7500,0.0000,0.0000,0.0000,"BLACK IVORY",,,,,,,,,0,0,,,Style,XXS-XXL,"LONG SLEEVE SQUARE NECK A-LINE MINI  SWEATER DRESS",DRESSES,INLOOK,,,,,,,,minji,"2026-06-24 14:59:15",Import,,0.0000,,,,,,,,,N,1737,Style,0.0000,N,0.00,0.0000,,,,,0.0000,0.0000,0.0000,0.0000,0.0000,0.00,0.00,0.00,,,,,N,,,,,,PO,,,,,,"2026-06-24 15:00:17","2026-06-24 00:00:00",,,,,,,,"BLACK IVORY",0,,,,"2026-06-24 14:53:15",,0,0,,,,,,CHI,0.00,-500.00,0.00,0.00,,,"2026-06-24 14:53:50",0.0000,0.0000,,,,,,,,,,,,,,
ET2631B,LEOPARD,ACTIVE,,7.6000,,17.0400,0.0000,0.0000,0.0000,0.0000,minji,"2026-06-19 15:58:12",,0.00,300.00,0.00,300.00,"ELEVATOR DISCO","12TH TRIBE",,,,,,,0.0000,0.0000,0.0000,0.0000,,,,,,,,,,0,0,,,Style,XS-XL,"Alba Leopard Chiffon Long Sleeve Blouse",TOPS,,,,,,,,,minji,"2026-06-19 15:58:25",Import,,0.0000,,,,,,,,,N,1699,Style,0.0000,N,0.00,0.0000,,,,,0.0000,0.0000,0.0000,0.0000,0.0000,0.00,0.00,0.00,,,,,N,1-2-2-1,,,,,PO,,,,,,"2026-06-19 00:00:00","2026-06-19 00:00:00",,,,,,,,LEOPARD,0,,,,"2026-06-19 15:55:55",,0,0,,,,,,CHI,0.00,-300.00,0.00,0.00,,,"2026-06-19 15:58:12",0.0000,0.0000,,,,,,,,,,,,,,
ET2699,"BRW ROSE GREEN",ACTIVE,,7.8000,,0.0000,0.0000,0.0000,0.0000,0.0000,minji,"2026-04-24 15:01:56",SS26,0.00,360.00,0.00,360.00,FREESIA,LULUS,,,,,,,0.0000,0.0000,0.0000,0.0000,,,,,,,,,,0,0,,,Style,XS-XL,"Feeling So Cute Mesh Balloon Sleeve Crop Top",TOPS,,,,,,,,,adrian,"2026-05-08 09:37:57",Import,"SHELL : 95% POLYESTER 5% SPANDEX
LINING : 100% POLYESTER",0.0000,,,,,,,,,N,1227,Style,0.0000,N,0.00,0.0000,,,,,0.0000,0.0000,0.0000,0.0000,0.0000,0.00,0.00,0.00,,,,,N,1-2-2-1,,,,,PO,,,,,,"2026-04-24 15:04:08","2026-04-24 00:00:00",,,,,,,,"BROWN ROSE GREEN",0,,,,"2026-04-24 14:55:47",,0,0,,,,,,CHI,0.00,-360.00,0.00,0.00,,,"2026-04-24 15:01:56",0.0000,0.0000,,,,,,,,,,,,,,
ET2748,MINT,ACTIVE,,10.8000,,24.2900,0.0000,0.0000,0.0000,0.0000,yosup,"2026-04-09 15:40:57",SS26,0.00,54.00,0.00,102.00,"ELEVATOR DISCO","26 JUN",,,,,,,0.0000,0.0000,0.0000,0.0000,,,,,,,,,,0,0,,,Style,XS-XL,"MOONVEIL FEEL TOP",TOPS,,,,,,,,,design,"2026-06-11 15:04:28",,"$10.80 STENUE 5/21 CFM
$12.60 UNISI",0.0000,,"CRINKLED CHIFFON LAC",,,,,,,N,927,Style,0.0000,N,0.00,68.0000,,,,,0.0000,0.0000,0.0000,0.0000,0.0000,0.00,0.00,0.00,,,,,N,1-2-2-1,,,,,,,,,,,"2026-04-21 00:00:00","2026-03-23 00:00:00",,,,,,,,MINT,0,,,,,,0,0,,,,,,,0.00,-54.00,48.00,0.00,,,"2026-04-09 15:40:57",0.0000,0.0000,,,,,,,,,,,,,,
ET2790A-V,IVORY,ACTIVE,,5.7000,,13.5400,,,,,support,"2026-04-14 12:44:54",,0.00,250.00,0.00,0.00,FREESIA,"12TH TRIBE",,,,,,,0.0000,0.0000,0.0000,0.0000,,,,,,,,,,0,0,,,Style,XS-XL,"JADA CREAM SATIN HALTER TOP",,,,,,,,,,support,"2026-04-14 12:44:54",,,,,,,,,,,,,1170,Style,0.0000,,,0.0000,,,,,,,,,,0.00,0.00,0.00,,,,,,,,,,,,,,,,,"2026-03-27 00:00:00",,,,,,,,,IVORY,0,,,,,,0,0,,,,,STANFORD,,0.00,-250.00,-250.00,0.00,,,"2026-04-14 12:44:54",0.0000,0.0000,,,,,,,,,,,,,,
ET2809-12,CREAM,ACTIVE,,,,,,,,,adrian,"2026-05-15 17:21:30",,0.00,400.00,0.00,0.00,FREESIA,"12TH TRIBE",,,,,,,0.0000,0.0000,0.0000,0.0000,,,,,,,,,,0,0,,,Style,XXS-XXL,"ASHBY CREAM SATIN STUDDED TANK TOP",,,,,,,,,,adrian,"2026-05-15 17:21:30",Import,,,,,,,,,,,N,1243,Style,0.0000,N,,0.0000,,,,,,,,,,0.00,0.00,0.00,,,,,N,,,,,,PO,,,,,,"2026-05-14 00:00:00","2026-05-18 00:00:00",,,,,,,,CREAM,0,,,,"2026-05-15 17:20:56",,0,0,,,,,,,0.00,-400.00,-400.00,0.00,,,"2026-05-15 17:21:30",0.0000,0.0000,,,,,,,,,,,,,,
ET2809-12,TAUPE,ACTIVE,,0.0000,,0.0000,0.0000,0.0000,0.0000,0.0000,adrian,"2026-05-15 17:25:45",,0.00,350.00,0.00,350.00,FREESIA,"12TH TRIBE",,,,,,,0.0000,0.0000,0.0000,0.0000,,,,,,,,,,0,0,,,Style,XXS-XXL,"ASHBY CREAM SATIN STUDDED TANK TOP",,,,,,,,,,minji,"2026-05-18 23:41:21",Import,,0.0000,,,,,,,,,N,1244,Style,0.0000,N,0.00,0.0000,,,,0,0.0000,0.0000,0.0000,0.0000,0.0000,0.00,0.00,0.00,,,,,N,,,,,,PO,,,,,,"2026-05-15 00:00:00","2026-05-18 00:00:00",,,,,,,,TAUPE,0,,,,"2026-05-15 17:20:56","2026-06-15 00:00:00",0,0,,,,"2026-06-15 00:00:00",,,0.00,-350.00,0.00,0.00,,,"2026-05-15 17:25:45",0.0000,0.0000,,,,,,,,,,,,,,
ET3224VD,TAN,ACTIVE,,,,14.4400,,,,,adrian,"2026-06-01 16:11:08",,-315.00,0.00,0.00,0.00,FREESIA,"12TH TRIBE",,,,,,,0.0000,0.0000,0.0000,0.0000,,,,,,,,,,0,0,,,Style,XXS-XXL,"ANIMAL PRINTED HIGH NECK HALTER TOP",,,,,,,,,,adrian,"2026-06-01 16:11:09",Import,,,,,,,,,,,N,1689,Style,0.0000,N,,0.0000,,,,,,,,,,0.00,0.00,0.00,,,,,N,,,,,,PO,,,,,,"2025-12-19 00:00:00",,"2026-05-28 00:00:00",,,,,,,TAN,0,,,315,"2026-06-01 16:10:10",,0,0,,,,,,,-315.00,-315.00,-315.00,0.00,,,"2026-06-01 16:11:08",0.0000,0.0000,,,,,,,,,,,,,,
ET3228VD,NATURAL,ACTIVE,,,,14.0400,,,,,adrian,"2026-04-30 17:05:05",,0.00,0.00,0.00,300.00,FREESIA,"12TH TRIBE",,,,,,,0.0000,0.0000,0.0000,0.0000,,,,,,,,,,0,0,,,Style,XXS-XXL,,,,,,,,,,,adrian,"2026-04-30 17:05:05",Import,,,,,,,,,,,N,1230,Style,0.0000,N,,0.0000,,,,,,,,,,0.00,0.00,0.00,,,,,N,,,,,,PO,,,,,,"2025-12-08 00:00:00","2026-05-01 00:00:00","2026-04-30 00:00:00","2026-05-01 00:00:00",,,,299,,NATURAL,0,,,299,"2026-04-30 17:04:30","2026-05-28 00:00:00",0,0,,,,"2026-05-28 00:00:00",,,0.00,0.00,300.00,0.00,,,"2026-04-30 17:05:05",0.0000,0.0000,,,,,,,,,,,,,,
ET3237VD,BLACK,ACTIVE,,6.6000,,13.0400,0.0000,0.0000,0.0000,0.0000,adrian,"2026-05-05 13:23:19",,-1.00,250.00,0.00,250.00,FREESIA,"12TH TRIBE",,,,,,,0.0000,0.0000,0.0000,0.0000,,,,,,,,,,0,0,,,Style,XS-XL,"MESA BLACK FRINGE BRA TOP",,STENUE,,,,,,,,Marie,"2026-06-16 16:19:00",,,0.0000,,,,,,,,,N,1235,Style,0.0000,N,0.00,0.0000,,,,0,0.0000,0.0000,0.0000,0.0000,0.0000,0.00,0.00,0.00,,,,,N,1-2-2-1,,,,,,,,,,,"2026-06-22 00:00:00","2026-06-22 00:00:00","2026-05-19 19:51:19","2026-05-19 00:00:00",,,,441,,BLACK,0,,,442,,"2026-08-20 00:00:00",0,0,,,,"2026-08-20 00:00:00",STANFORD,,-1.00,-251.00,-1.00,0.00,,,"2026-05-05 13:23:19",0.0000,0.0000,,,,,,,,,,,,"2026-07-30 00:00:00","2026-07-30 00:00:00",
ET3237VD,BONE,ACTIVE,,6.6000,,13.0400,0.0000,0.0000,0.0000,0.0000,support,"2026-04-14 12:44:54",,0.00,521.00,0.00,250.00,FREESIA,"12TH TRIBE",,,,,,,0.0000,0.0000,0.0000,0.0000,,,,,,,,,,0,0,,,Style,XS-XL,"MESA BLACK FRINGE BRA TOP",,,,,,,,,,minji,"2026-06-23 08:32:03",,,0.0000,,,,,,,,,N,1166,Style,0.0000,N,0.00,0.0000,,,,,0.0000,0.0000,0.0000,0.0000,0.0000,0.00,0.00,0.00,,,,,N,1-2-2-1,,,,,,,,,,,"2026-06-22 00:00:00","2026-06-22 00:00:00","2026-05-19 15:36:20","2026-05-19 00:00:00",,,,521,,BONE,0,,,521,,"2026-08-20 00:00:00",0,0,,,,"2026-08-20 00:00:00",STANFORD,,0.00,-521.00,-271.00,0.00,,,"2026-04-14 12:44:54",0.0000,0.0000,,,,,,,,,,,,"2026-07-30 00:00:00","2026-07-30 00:00:00",
ETD3215V,"DARK BROWN",DROP,,0.0000,,27.0000,0.0000,0.0000,0.0000,0.0000,yosup,"2026-04-09 15:40:57",FW26,0.00,0.00,0.00,0.00,"ELEVATOR DISCO","26 SEP",,,,,,,0.0000,0.0000,0.0000,0.0000,,,,,,,,,,0,0,,,Style,XS-XL,"ANASTASIA SWEATER TOP",TOPS,,,,,,,,,adrian,"2026-05-21 15:59:18",,,0.0000,,"VISCOSE SWEATER",,,,,,,N,1093,Style,0.0000,N,0.00,78.0000,,,,,0.0000,0.0000,0.0000,0.0000,0.0000,0.00,0.00,0.00,,,,,N,1-2-2-1,,,,,,,,,,,"2026-02-26 00:00:00",,,,,,,,,"DARK BROWN",0,,,,,,0,0,,,,,,,0.00,0.00,0.00,0.00,,,"2026-04-09 15:40:57",0.0000,0.0000,,,,,,,,,,,,,,
EVB3002,BLACK,ACTIVE,,0.0000,,31.0000,0.0000,0.0000,0.0000,0.0000,yosup,"2026-04-09 15:40:57",FW26,0.00,42.00,0.00,102.00,"ELEVATOR DISCO","26 AUG",,,,,,,0.0000,0.0000,0.0000,0.0000,,,,,,,,,,0,0,,,Style,XS-XL,"GIZELLE PANTS",PANTS,,,,,,,,,adrian,"2026-05-27 10:44:22",,,0.0000,,SUITING,,,,,,,N,1021,Style,0.0000,N,0.00,88.0000,,,,,0.0000,0.0000,0.0000,0.0000,0.0000,0.00,0.00,0.00,,,,,N,1-2-2-1,,,,,,,,,,,"2026-04-17 00:00:00","2026-05-15 00:00:00",,,,,,,,BLACK,0,,,,,,0,0,,,,,,,0.00,-42.00,60.00,0.00,,,"2026-04-09 15:40:57",0.0000,0.0000,,,,,,,,,,,,,,
EVB3003,BLACK,ACTIVE,,0.0000,,27.0000,0.0000,0.0000,0.0000,0.0000,yosup,"2026-04-09 15:40:57",FW26,0.00,30.00,0.00,72.00,"ELEVATOR DISCO","26 JUL",,,,,,,0.0000,0.0000,0.0000,0.0000,,,,,,,,,,0,0,,,Style,XS-XL,"ANNA PANTS",PANTS,,,,,,,,,adrian,"2026-05-27 10:21:52",,,0.0000,,"JACQUARD SATIN",,,,,,,N,976,Style,0.0000,N,0.00,78.0000,,,,,0.0000,0.0000,0.0000,0.0000,0.0000,0.00,0.00,0.00,,,,,N,1-2-2-1,,,,,,,,,,,"2026-03-24 00:00:00","2026-04-24 00:00:00",,,,,,,,BLACK,0,,,,,,0,0,,,,,,,0.00,-30.00,42.00,0.00,,,"2026-04-09 15:40:57",0.0000,0.0000,,,,,,,,,,,,,,
EVB3004,CREAM,DROP,,0.0000,,30.0000,0.0000,0.0000,0.0000,0.0000,yosup,"2026-04-09 15:40:57",FW26,0.00,0.00,0.00,102.00,"ELEVATOR DISCO","26 JUL",,,,,,,0.0000,0.0000,0.0000,0.0000,,,,,,,,,,0,0,,,Style,XS-XL,"MANNY MINI SKIRT",SKIRTS,,,,,,,,,adrian,"2026-05-22 09:44:24",,,0.0000,,"PRINTED JACQUARD",,,,,,,N,989,Style,0.0000,N,0.00,78.0000,,,,,0.0000,0.0000,0.0000,0.0000,0.0000,0.00,0.00,0.00,,,,,N,1-2-2-1,,,,,,,,,,,"2026-04-07 00:00:00","2026-04-24 00:00:00",,,,,,,,CREAM,0,,,,,,0,0,,,,,,,0.00,0.00,102.00,0.00,,,"2026-04-09 15:40:57",0.0000,0.0000,,,,,,,,,,,,,,
EVB3005,CREAM,ACTIVE,,10.0000,,25.0000,0.0000,0.0000,0.0000,0.0000,yosup,"2026-04-09 15:40:57",FW26,0.00,58.00,0.00,100.00,"ELEVATOR DISCO","26 JUL",,,,,,,0.0000,0.0000,0.0000,0.0000,,,,,,,,,,0,0,,,Style,XS-XL,"JESSICA SKIRT",SKIRTS,,,,,,,,,Marie,"2026-06-01 11:27:46",,,0.0000,,SATIN,,,,,,,N,990,Style,0.0000,N,0.00,68.0000,,,,,0.0000,0.0000,0.0000,0.0000,0.0000,0.00,0.00,0.00,,,,,N,1-2-2-1,,,,,,,,,,,"2026-03-02 00:00:00","2026-04-30 00:00:00",,,,,,,,CREAM,0,,,,,"2026-05-28 00:00:00",0,0,,,,"2026-05-28 00:00:00",,,0.00,-58.00,42.00,0.00,,,"2026-04-09 15:40:57",0.0000,0.0000,,,,,,,,,,,,"2026-04-30 00:00:00","2026-04-30 00:00:00",
EVB3006,BEIGE,DROP,,0.0000,,25.0000,0.0000,0.0000,0.0000,0.0000,yosup,"2026-04-09 15:40:57",FW26,0.00,0.00,0.00,0.00,"ELEVATOR DISCO","26 JUL",,,,,,,0.0000,0.0000,0.0000,0.0000,,,,,,,,,,0,0,,,Style,XS-XL,"LEXI MINI SKIRT",SKIRTS,,,,,,,,,adrian,"2026-05-20 10:54:28",,,0.0000,,"POLY BLENDED WOVEN",,,,,,,N,975,Style,0.0000,N,0.00,68.0000,,,,,0.0000,0.0000,0.0000,0.0000,0.0000,0.00,0.00,0.00,,,,,N,1-2-2-1,,,,,,,,,,,,,,,,,,,,BEIGE,0,,,,,,0,0,,,,,,,0.00,0.00,0.00,0.00,,,"2026-04-09 15:40:57",0.0000,0.0000,,,,,,,,,,,,,,
EVB3007,PINK,DROP,,0.0000,,28.0000,0.0000,0.0000,0.0000,0.0000,yosup,"2026-04-09 15:40:57",FW26,0.00,0.00,0.00,0.00,"ELEVATOR DISCO","26 JUL",,,,,,,0.0000,0.0000,0.0000,0.0000,,,,,,,,,,0,0,,,Style,XS-XL,"MATILDA SHORTS",SHORTS,,,,,,,,,adrian,"2026-05-21 16:29:23",,,0.0000,,"TWEED EMBELLISHED",,,,,,,N,1011,Style,0.0000,N,0.00,78.0000,,,,,0.0000,0.0000,0.0000,0.0000,0.0000,0.00,0.00,0.00,,,,,N,1-2-2-1,,,,,,,,,,,"2026-04-21 00:00:00",,,,,,,,,PINK,0,,,,,,0,0,,,,,,,0.00,0.00,0.00,0.00,,,"2026-04-09 15:40:57",0.0000,0.0000,,,,,,,,,,,,,,
EVB3009,BLACK,DROP,,0.0000,,42.0000,0.0000,0.0000,0.0000,0.0000,yosup,"2026-04-09 15:40:57",FW26,0.00,0.00,0.00,0.00,"ELEVATOR DISCO","26 SEP",,,,,,,0.0000,0.0000,0.0000,0.0000,,,,,,,,,,0,0,,,Style,XS-XL,"MARISSA PANTS",PANTS,,,,,,,,,adrian,"2026-05-21 16:30:35",,,0.0000,,SUITING,,,,,,,N,1074,Style,0.0000,N,0.00,118.0000,,,,,0.0000,0.0000,0.0000,0.0000,0.0000,0.00,0.00,0.00,,,,,N,1-2-2-1,,,,,,,,,,,"2026-03-19 00:00:00",,,,,,,,,BLACK,0,,,,,,0,0,,,,,,,0.00,0.00,0.00,0.00,,,"2026-04-09 15:40:57",0.0000,0.0000,,,,,,,,,,,,,,
EVB3010,BLACK,DROP,,0.0000,,28.0000,0.0000,0.0000,0.0000,0.0000,yosup,"2026-04-09 15:40:57",FW26,0.00,0.00,0.00,0.00,"ELEVATOR DISCO","26 AUG",,,,,,,0.0000,0.0000,0.0000,0.0000,,,,,,,,,,0,0,,,Style,XS-XL,"GINA SHORTS",SHORTS,,,,,,,,,adrian,"2026-05-21 16:31:28",,,0.0000,,SUITING,,,,,,,N,1023,Style,0.0000,N,0.00,78.0000,,,,,0.0000,0.0000,0.0000,0.0000,0.0000,0.00,0.00,0.00,,,,,N,1-2-2-1,,,,,,,,,,,"2026-03-27 00:00:00",,,,,,,,,BLACK,0,,,,,,0,0,,,,,,,0.00,0.00,0.00,0.00,,,"2026-04-09 15:40:57",0.0000,0.0000,,,,,,,,,,,,,,
EVB3012,RED,ACTIVE,,10.5000,,33.0000,0.0000,0.0000,0.0000,0.0000,adrian,"2026-05-22 10:43:21",HOL26,0.00,0.00,0.00,0.00,"ELEVATOR DISCO","26 OCT",,,,,,,0.0000,0.0000,0.0000,0.0000,,,,,,,,,,0,0,,,Style,XS-XL,"AMOUR SKIRT",,,,,,,,,,design,"2026-05-26 11:28:42",,,0.0000,,,,,,,,,N,1671,Style,0.0000,N,0.00,88.0000,,,,,0.0000,0.0000,0.0000,0.0000,0.0000,0.00,0.00,0.00,,,,,N,1-2-2-1,,,,,,,,,,,,,,,,,,,,RED,0,,,,,,0,0,,,,,,,0.00,0.00,0.00,0.00,,,"2026-05-22 10:43:21",0.0000,0.0000,,,,,,,,,,,,,,
EVB3013,BROWN,DROP,,0.0000,,33.0000,0.0000,0.0000,0.0000,0.0000,yosup,"2026-04-09 15:40:57",FW26,0.00,54.00,0.00,0.00,"ELEVATOR DISCO","26 SEP",,,,,,,0.0000,0.0000,0.0000,0.0000,,,,,,,,,,0,0,,,Style,XS-XL,"PATRICIA PANTS",PANTS,,,,,,,,,adrian,"2026-06-12 12:14:43",,,0.0000,,"EMBELLISHED POPLIN",,,,,,,N,1082,Style,0.0000,N,0.00,88.0000,,,,,0.0000,0.0000,0.0000,0.0000,0.0000,0.00,0.00,0.00,,,,,N,1-2-2-1,,,,,,,,,,,"2026-04-06 00:00:00",,,,,,,,,BROWN,0,,,,,,0,0,,,,,,,0.00,-54.00,-54.00,0.00,,,"2026-04-09 15:40:57",0.0000,0.0000,,,,,,,,,,,,,,
EVB3015,YELLOW,ACTIVE,,9.5000,,24.0000,0.0000,0.0000,0.0000,0.0000,yosup,"2026-04-09 15:40:57",FW26,0.00,96.00,0.00,144.00,"ELEVATOR DISCO","26 JUL",,,,,,,0.0000,0.0000,0.0000,0.0000,,,,,,,,,,0,0,,,Style,XS-XL,"AMANDA SATIN SHORTS",SHORTS,,,,,,,,,design,"2026-05-14 14:56:08",,,0.0000,,SATIN,,,,,,,N,1015,Style,0.0000,N,0.00,68.0000,,,,,0.0000,0.0000,0.0000,0.0000,0.0000,0.00,0.00,0.00,,,,,N,1-2-2-1,,,,,,,,,,,"2026-05-14 00:00:00","2026-04-24 00:00:00",,,,,,,,YELLOW,0,,,,,,0,0,,,,,,,0.00,-96.00,48.00,0.00,,,"2026-04-09 15:40:57",0.0000,0.0000,,,,,,,,,,,,,,
EVB3017,"DARK GREEN",ACTIVE,,16.0000,,28.0000,0.0000,0.0000,0.0000,0.0000,yosup,"2026-04-09 15:40:57",FW26,0.00,575.00,0.00,573.00,"ELEVATOR DISCO","26 SEP",,,,,,,0.0000,0.0000,0.0000,0.0000,,,,,,,,,,0,0,,,Style,XS-XL,"SHOW PLAID PANTS",PANTS,,,,,,,,,minji,"2026-04-28 09:58:39",,,0.0000,,"WOOL TYPE FLANNEL",,,,,,,N,1096,Style,0.0000,N,0.00,78.0000,,,,,0.0000,0.0000,0.0000,0.0000,0.0000,0.00,0.00,0.00,,,,,N,1-2-2-1,,,,,,,,,,,"2026-03-06 00:00:00","2026-04-28 00:00:00",,,,,,,,"DARK GREEN",0,,,,,"2026-05-26 00:00:00",0,0,,,,"2026-05-26 00:00:00",,,0.00,-575.00,-2.00,0.00,,,"2026-04-09 15:40:57",0.0000,0.0000,,,,,,,,,,,,,,
EVB3020,NAVY,ACTIVE,,0.0000,,31.0000,0.0000,0.0000,0.0000,0.0000,yosup,"2026-04-09 15:40:57",FW26,0.00,54.00,0.00,102.00,"ELEVATOR DISCO","26 JUL",,,,,,,0.0000,0.0000,0.0000,0.0000,,,,,,,,,,0,0,,,Style,XS-XL,"EMILY MAXI SKIRT",SKIRTS,,,,,,,,,adrian,"2026-05-27 10:48:38",,,0.0000,,"POLY SUITING",,,,,,,N,1005,Style,0.0000,N,0.00,88.0000,,,,,0.0000,0.0000,0.0000,0.0000,0.0000,0.00,0.00,0.00,,,,,N,1-2-2-1,,,,,,,,,,,"2026-05-14 00:00:00","2026-04-24 00:00:00",,,,,,,,NAVY,0,,,,,,0,0,,,,,,,0.00,-54.00,48.00,0.00,,,"2026-04-09 15:40:57",0.0000,0.0000,,,,,,,,,,,,,,
EVB3021,CREAM,DROP,,0.0000,,33.0000,0.0000,0.0000,0.0000,0.0000,yosup,"2026-04-09 15:40:57",FW26,0.00,0.00,0.00,102.00,"ELEVATOR DISCO","26 JUL",,,,,,,0.0000,0.0000,0.0000,0.0000,,,,,,,,,,0,0,,,Style,XS-XL,"MELISSA MIDI SKIRT",SKIRTS,,,,,,,,,adrian,"2026-05-22 09:31:22",,,0.0000,,EMBELLISHED,,,,,,,N,988,Style,0.0000,N,0.00,88.0000,,,,,0.0000,0.0000,0.0000,0.0000,0.0000,0.00,0.00,0.00,,,,,N,1-2-2-1,,,,,,,,,,,"2026-04-07 00:00:00","2026-04-24 00:00:00",,,,,,,,CREAM,0,,,,,,0,0,,,,,,,0.00,0.00,102.00,0.00,,,"2026-04-09 15:40:57",0.0000,0.0000,,,,,,,,,,,,,,
EVB3023,"DARK BROWN",ACTIVE,,12.0000,,27.0000,0.0000,0.0000,0.0000,0.0000,yosup,"2026-04-09 15:40:57",FW26,0.00,66.00,0.00,102.00,"ELEVATOR DISCO","26 SEP",,,,,,,12.0000,0.0000,0.0000,0.0000,,,,,,,,,,0,0,,,Style,XS-XL,"FLORA PANTS",PANTS,STENUE,,,,,,,,minji,"2026-05-29 18:35:59",,,0.0000,,"PRINTED SATIN",,,,,,,N,1090,Style,0.0000,N,0.00,78.0000,,,,,0.0000,0.0000,0.0000,0.0000,0.0000,0.00,0.00,0.00,,,,,N,1-2-2-1,,,,,,,,,,,"2026-04-07 00:00:00","2026-05-29 00:00:00",,,,,,,,"DARK BROWN",0,,,,,,0,0,,,,,,,0.00,-66.00,36.00,0.00,,,"2026-04-09 15:40:57",0.0000,0.0000,,,,,,,,,,,,,,
EVB3024,"BLACK WHITE",DROP,,0.0000,,21.0000,0.0000,0.0000,0.0000,0.0000,yosup,"2026-04-09 15:40:57",FW26,0.00,0.00,0.00,0.00,"ELEVATOR DISCO","26 AUG",,,,,,,0.0000,0.0000,0.0000,0.0000,,,,,,,,,,0,0,,,Style,XS-XL,"JAMISON SWEATER SHORTS",SHORTS,,,,,,,,,adrian,"2026-05-21 16:00:52",,,0.0000,,"SWEATER KNIT",,,,,,,N,1027,Style,0.0000,N,0.00,58.0000,,,,,0.0000,0.0000,0.0000,0.0000,0.0000,0.00,0.00,0.00,,,,,N,1-2-2-1,,,,,,,,,,,"2026-03-19 00:00:00",,,,,,,,,"BLACK WHITE",0,,,,,,0,0,,,,,,,0.00,0.00,0.00,0.00,,,"2026-04-09 15:40:57",0.0000,0.0000,,,,,,,,,,,,,,
EVB3025,BROWN,ACTIVE,,13.3000,,28.0000,0.0000,0.0000,0.0000,0.0000,yosup,"2026-04-09 15:40:57",FW26,0.00,406.00,0.00,412.00,"ELEVATOR DISCO","26 SEP",,,,,,,0.0000,0.0000,0.0000,0.0000,,,,,,,,,,0,0,,,Style,XS-XL,"VIVI FRINGE SWEATER SKIRT",SKIRTS,,,,,,,,,minji,"2026-05-04 14:53:43",,,0.0000,,"FRINGED SWEATER",,,,,,,N,1083,Style,0.0000,N,0.00,78.0000,,,,,0.0000,0.0000,0.0000,0.0000,0.0000,0.00,0.00,0.00,,,,,N,1-2-2-1,,,,,,,,,,,"2026-04-07 00:00:00","2026-05-29 00:00:00",,,,,,,,BROWN,0,,,,,"2026-05-28 00:00:00",0,0,,,,"2026-05-28 00:00:00",,,0.00,-406.00,6.00,0.00,,,"2026-04-09 15:40:57",0.0000,0.0000,,,,,,,,,,,,,,
EVB3026,BLUE,DROP,,0.0000,,20.0000,0.0000,0.0000,0.0000,0.0000,yosup,"2026-04-09 15:40:57",FW26,0.00,0.00,0.00,0.00,"ELEVATOR DISCO","26 AUG",,,,,,,0.0000,0.0000,0.0000,0.0000,,,,,,,,,,0,0,,,Style,XS-XL,"SOFT SERVE PLAID SHORTS",SHORTS,,,,,,,,,adrian,"2026-05-21 15:32:43",,,0.0000,,"BLEND FLANNEL FABRIC",,,,,,,N,1030,Style,0.0000,N,0.00,58.0000,,,,,0.0000,0.0000,0.0000,0.0000,0.0000,0.00,0.00,0.00,,,,,N,1-2-2-1,,,,,,,,,,,"2026-02-17 00:00:00",,,,,,,,,BLUE,0,,,,,,0,0,,,,,,,0.00,0.00,0.00,0.00,,,"2026-04-09 15:40:57",0.0000,0.0000,,,,,,,,,,,,,,
EVB3027,PURPLE,ACTIVE,,25.8500,,37.0000,0.0000,0.0000,0.0000,0.0000,yosup,"2026-04-09 15:40:57",FW26,0.00,60.00,0.00,114.00,"ELEVATOR DISCO","26 AUG",,,,,,,0.0000,0.0000,0.0000,0.0000,,,,,,,,,,0,0,,,Style,XS-XL,"DONNA BALLOON PANTS",PANTS,,,,,,,,,minji,"2026-05-20 15:42:38",,"BOTTOM $26
SET $48.90 CFM 5/20 MJ",0.0000,,"VELVETY JACQUARD SAT",,,,,,,N,1059,Style,0.0000,N,0.00,98.0000,,,,,0.0000,0.0000,0.0000,0.0000,0.0000,0.00,0.00,0.00,,,,,N,1-2-2-1,,,,,,,,,,,"2026-06-09 00:00:00","2026-05-15 00:00:00",,,,,,,,PURPLE,0,,,,,,0,0,,,,,,,0.00,-60.00,54.00,0.00,,,"2026-04-09 15:40:57",0.0000,0.0000,,,,,,,,,,,,,,
EVB3028,BLACK,ACTIVE,,15.0000,,31.0000,0.0000,0.0000,0.0000,0.0000,yosup,"2026-04-09 15:40:57",FW26,0.00,42.00,0.00,102.00,"ELEVATOR DISCO","26 JUL",,,,,,,0.0000,0.0000,0.0000,0.0000,,,,,,,,,,0,0,,,Style,XS-XL,"AVA BALOON PANTS",PANTS,,,,,,,,,adrian,"2026-05-27 10:52:34",,,0.0000,,TENCEL,,,,,,,N,977,Style,0.0000,N,0.00,88.0000,,,,,0.0000,0.0000,0.0000,0.0000,0.0000,0.00,0.00,0.00,,,,,N,1-2-2-1,,,,,,,,,,,"2026-06-09 00:00:00","2026-04-24 00:00:00",,,,,,,,BLACK,0,,,,,,0,0,,,,,,,0.00,-42.00,60.00,0.00,,,"2026-04-09 15:40:57",0.0000,0.0000,,,,,,,,,,,,,,
EVB3030,PURPLE,DROP,,0.0000,,35.0000,0.0000,0.0000,0.0000,0.0000,yosup,"2026-04-09 15:40:57",FW26,0.00,0.00,0.00,0.00,"ELEVATOR DISCO","26 AUG",,,,,,,0.0000,0.0000,0.0000,0.0000,,,,,,,,,,0,0,,,Style,XS-XL,"MORE THAN LOVERS MAXI SKIRT",SKIRTS,,,,,,,,,adrian,"2026-05-21 16:32:23",,,0.0000,,"VELVETY JACQUARD SAT",,,,,,,N,1060,Style,0.0000,N,0.00,88.0000,,,,,0.0000,0.0000,0.0000,0.0000,0.0000,0.00,0.00,0.00,,,,,N,1-2-2-1,,,,,,,,,,,"2026-03-24 00:00:00",,,,,,,,,PURPLE,0,,,,,,0,0,,,,,,,0.00,0.00,0.00,0.00,,,"2026-04-09 15:40:57",0.0000,0.0000,,,,,,,,,,,,,,
EVB3031,BLUE,DROP,,0.0000,,24.0000,0.0000,0.0000,0.0000,0.0000,yosup,"2026-04-09 15:40:57",FW26,0.00,0.00,0.00,0.00,"ELEVATOR DISCO","26 AUG",,,,,,,0.0000,0.0000,0.0000,0.0000,,,,,,,,,,0,0,,,Style,XS-XL,"LEXI PLAID MINI SKIRT",SKIRTS,,,,,,,,,adrian,"2026-05-21 15:24:29",,,0.0000,,"BLEND FLANNEL FABRIC",,,,,,,N,1031,Style,0.0000,N,0.00,68.0000,,,,,0.0000,0.0000,0.0000,0.0000,0.0000,0.00,0.00,0.00,,,,,N,1-2-2-1,,,,,,,,,,,,,,,,,,,,BLUE,0,,,,,,0,0,,,,,,,0.00,0.00,0.00,0.00,,,"2026-04-09 15:40:57",0.0000,0.0000,,,,,,,,,,,,,,
EVB3032,"DARK RED",DROP,,0.0000,,26.0000,0.0000,0.0000,0.0000,0.0000,yosup,"2026-04-09 15:40:57",FW26,0.00,0.00,0.00,0.00,"ELEVATOR DISCO","26 AUG",,,,,,,0.0000,0.0000,0.0000,0.0000,,,,,,,,,,0,0,,,Style,XS-XL,"JENNA MINI SKIRT",SKIRTS,,,,,,,,,adrian,"2026-05-21 15:33:08",,,0.0000,,"POLY BLENDED SUITING",,,,,,,N,1038,Style,0.0000,N,0.00,74.0000,,,,,0.0000,0.0000,0.0000,0.0000,0.0000,0.00,0.00,0.00,,,,,N,1-2-2-1,,,,,,,,,,,"2026-02-26 00:00:00",,,,,,,,,"DARK RED",0,,,,,,0,0,,,,,,,0.00,0.00,0.00,0.00,,,"2026-04-09 15:40:57",0.0000,0.0000,,,,,,,,,,,,,,
EVB3035,"LIGHT PURPLE",DROP,,0.0000,,28.0000,0.0000,0.0000,0.0000,0.0000,yosup,"2026-04-09 15:40:57",FW26,0.00,0.00,0.00,0.00,"ELEVATOR DISCO","26 AUG",,,,,,,0.0000,0.0000,0.0000,0.0000,,,,,,,,,,0,0,,,Style,XS-XL,"LIVE YOUTH MINI SKIRT",SKIRTS,,,,,,,,,adrian,"2026-05-21 15:24:47",,,0.0000,,TWEED,,,,,,,N,1056,Style,0.0000,N,0.00,78.0000,,,,,0.0000,0.0000,0.0000,0.0000,0.0000,0.00,0.00,0.00,,,,,N,1-2-2-1,,,,,,,,,,,,,,,,,,,,"LIGHT PURPLE",0,,,,,,0,0,,,,,,,0.00,0.00,0.00,0.00,,,"2026-04-09 15:40:57",0.0000,0.0000,,,,,,,,,,,,,,
EVB3037,NAVY,DROP,,0.0000,,27.0000,0.0000,0.0000,0.0000,0.0000,yosup,"2026-04-09 15:40:57",FW26,0.00,0.00,0.00,0.00,"ELEVATOR DISCO","26 JUL",,,,,,,0.0000,0.0000,0.0000,0.0000,,,,,,,,,,0,0,,,Style,XS-XL,"AARON SHORTS",SHORTS,,,,,,,,,adrian,"2026-05-21 16:02:03",,,0.0000,,"POLY SUITING",,,,,,,N,1004,Style,0.0000,N,0.00,78.0000,,,,,0.0000,0.0000,0.0000,0.0000,0.0000,0.00,0.00,0.00,,,,,N,1-2-2-1,,,,,,,,,,,"2026-04-01 00:00:00",,,,,,,,,NAVY,0,,,,,,0,0,,,,,,,0.00,0.00,0.00,0.00,,,"2026-04-09 15:40:57",0.0000,0.0000,,,,,,,,,,,,,,
EVB3038,BLACK,ACTIVE,,17.9000,,33.0000,0.0000,0.0000,0.0000,0.0000,yosup,"2026-04-09 15:40:57",FW26,0.00,66.00,0.00,102.00,"ELEVATOR DISCO","26 SEP",,,,,,,0.0000,0.0000,0.0000,0.0000,,,,,,,,,,0,0,,,Style,XS-XL,"REBECCA MAXI SKIRT",SKIRTS,,,,,,,,,Marie,"2026-06-12 09:10:51",,,0.0000,,"PRINTED ORGANZA",,,,,,,N,1076,Style,0.0000,N,0.00,88.0000,,,,,0.0000,0.0000,0.0000,0.0000,0.0000,0.00,0.00,0.00,,,,,N,1-2-2-1,,,,,,,,,,,"2026-04-13 00:00:00","2026-05-29 00:00:00",,,,,,,,BLACK,0,,,,,"2026-05-28 00:00:00",0,0,,,,"2026-05-28 00:00:00",,,0.00,-66.00,36.00,0.00,,,"2026-04-09 15:40:57",0.0000,0.0000,,,,,,,,,,,,,,
EVB3040,WHITE,DROP,,0.0000,,26.0000,0.0000,0.0000,0.0000,0.0000,yosup,"2026-04-09 15:40:57",FW26,0.00,0.00,0.00,0.00,"ELEVATOR DISCO","26 SEP",,,,,,,0.0000,0.0000,0.0000,0.0000,,,,,,,,,,0,0,,,Style,XS-XL,"HEATHER MINI SKIRT",SKIRTS,,,,,,,,,adrian,"2026-05-21 15:35:55",,,0.0000,,"NOVELTY SEQUIN",,,,,,,N,1109,Style,0.0000,N,0.00,74.0000,,,,,0.0000,0.0000,0.0000,0.0000,0.0000,0.00,0.00,0.00,,,,,N,1-2-2-1,,,,,,,,,,,"2026-03-04 00:00:00",,,,,,,,,WHITE,0,,,,,,0,0,,,,,,,0.00,0.00,0.00,0.00,,,"2026-04-09 15:40:57",0.0000,0.0000,,,,,,,,,,,,,,
EVB3041,"LIGHT BLUE",ACTIVE,,22.0000,,35.0000,0.0000,0.0000,0.0000,0.0000,yosup,"2026-04-09 15:40:57",FW26,0.00,90.00,0.00,114.00,"ELEVATOR DISCO","26 AUG",,,,,,,0.0000,0.0000,0.0000,0.0000,,,,,,,,,,0,0,,,Style,XS-XL,"RUBY WIDELEG PANT",PANTS,,,,,,,,,minji,"2026-05-20 15:44:39",,,0.0000,,"EMBELLISHED POPLIN",,,,,,,N,1046,Style,0.0000,N,0.00,98.0000,,,,,0.0000,0.0000,0.0000,0.0000,0.0000,0.00,0.00,0.00,,,,,N,1-2-2-1,,,,,,,,,,,"2026-05-14 00:00:00","2026-05-15 00:00:00",,,,,,,,"LIGHT BLUE",0,,,,,"2026-06-12 00:00:00",0,0,,,,"2026-06-12 00:00:00",,,0.00,-90.00,24.00,0.00,,,"2026-04-09 15:40:57",0.0000,0.0000,,,,,,,,,,,,,,
EVB3042,IVORY,ACTIVE,,14.8000,,28.0000,,,,,adrian,"2026-05-22 10:43:21",HOL26,0.00,30.00,0.00,0.00,"ELEVATOR DISCO","26 NOV",,,,,,,0.0000,0.0000,0.0000,0.0000,,,,,,,,,,0,0,,,Style,XS-XL,"GIANNA FUR SHORTS",,,,,,,,,,adrian,"2026-05-22 10:43:21",,,,,,,,,,,,,1624,Style,0.0000,,,78.0000,,,,,,,,,,0.00,0.00,0.00,,,,,,,,,,,,,,,,,"2026-06-22 00:00:00",,,,,,,,,IVORY,0,,,,,,0,0,,,,,,,0.00,-30.00,-30.00,0.00,,,"2026-05-22 10:43:21",0.0000,0.0000,,,,,,,,,,,,,,
EVB3043,"LIGHT BROWN",ACTIVE,,0.0000,,21.0000,0.0000,0.0000,0.0000,0.0000,yosup,"2026-04-09 15:40:57",FW26,0.00,120.00,0.00,162.00,"ELEVATOR DISCO","26 AUG",,,,,,,0.0000,0.0000,0.0000,0.0000,,,,,,,,,,0,0,,,Style,XS-XL,"CHARLOTTE MINI SKIRT",SKIRTS,,,,,,,,,minji,"2026-05-04 15:26:57",,,0.0000,,"PRINTED SATIN",,,,,,,N,1051,Style,0.0000,N,0.00,58.0000,,,,,0.0000,0.0000,0.0000,0.0000,0.0000,0.00,0.00,0.00,,,,,N,1-2-2-1,,,,,,,,,,,"2026-04-23 09:35:35","2026-05-14 00:00:00",,,,,,,,"LIGHT BROWN",0,,,,,,0,0,,,,,,,0.00,-120.00,42.00,0.00,,,"2026-04-09 15:40:57",0.0000,0.0000,,,,,,,,,,,,,,
EVB3044,GRAY,DROP,,0.0000,,0.0000,0.0000,0.0000,0.0000,0.0000,adrian,"2026-04-16 17:03:19",FW26,0.00,0.00,0.00,0.00,"ELEVATOR DISCO","26 AUG",,,,,,,0.0000,0.0000,0.0000,0.0000,,,,,,,,,,0,0,,,Style,XS-XL,"MONROE SHORTS",SHORTS,,,,,,,,,adrian,"2026-05-21 15:37:05",Import,"SET W/ FRJ6053",0.0000,,,,,,,,,N,1219,Style,0.0000,N,0.00,0.0000,,,,,0.0000,0.0000,0.0000,0.0000,0.0000,0.00,0.00,0.00,,,,,N,1-2-2-1,,,,,PO,,,,,,"2026-04-02 00:00:00",,,,,,,,,GRAY,0,,,,"2026-04-16 17:01:59",,0,0,,,,,,,0.00,0.00,0.00,0.00,,,"2026-04-16 17:03:19",0.0000,0.0000,,,,,,,,,,,,,,
EVB3049,GRAY,DROP,,0.0000,,0.0000,0.0000,0.0000,0.0000,0.0000,design,"2026-05-08 14:57:25",FW26,0.00,0.00,0.00,0.00,"ELEVATOR DISCO","26 AUG",,,,,,,0.0000,0.0000,0.0000,0.0000,,,,,,,,,,0,0,,,Style,XS-XL,"MARAIS MINI SKIRT",SKIRTS,,,,,,,,,adrian,"2026-05-21 15:26:46",Import,,0.0000,,,,,,,,,N,1238,Style,0.0000,N,0.00,0.0000,,,,,0.0000,0.0000,0.0000,0.0000,0.0000,0.00,0.00,0.00,,,,,N,1-2-2-1,,,,,PO,,,,,,,,,,,,,,,GRAY,0,,,,"2026-05-08 14:56:18",,0,0,,,,,,,0.00,0.00,0.00,0.00,,,"2026-05-08 14:57:25",0.0000,0.0000,,,,,,,,,,,,,,
EVB3053,BLACK,ACTIVE,,15.0000,,28.0000,0.0000,0.0000,0.0000,0.0000,yosup,"2026-04-09 15:40:57",FW26,0.00,142.00,0.00,202.00,"ELEVATOR DISCO","26 SEP",,,,,,,0.0000,0.0000,0.0000,0.0000,,,,,,,,,,0,0,,,Style,XS-XL,"CHARM MIDI SKIRT",SKIRTS,,,,,,,,,minji,"2026-05-04 14:41:57",,,0.0000,,SEQUIN,,,,,,,N,1077,Style,0.0000,N,0.00,78.0000,,,,,0.0000,0.0000,0.0000,0.0000,0.0000,0.00,0.00,0.00,,,,,N,1-2-2-1,,,,,,,,,,,"2026-04-23 09:37:21","2026-05-14 00:00:00",,,,,,,,BLACK,0,,,,,"2026-05-28 00:00:00",0,0,,,,"2026-05-28 00:00:00",,,0.00,-142.00,60.00,0.00,,,"2026-04-09 15:40:57",0.0000,0.0000,,,,,,,,,,,,"2026-04-30 00:00:00","2026-04-30 00:00:00",
EVB3058,"PINK MULTI",ACTIVE,,11.5000,,28.0000,,,,,adrian,"2026-05-22 10:43:21",HOL26,0.00,6.00,0.00,0.00,"ELEVATOR DISCO","26 DEC",,,,,,,0.0000,0.0000,0.0000,0.0000,,,,,,,,,,0,0,,,Style,XS-XL,"AMOUR MINI SKIRT",,,,,,,,,,adrian,"2026-05-22 10:43:21",,,,,,,,,,,,,1557,Style,0.0000,,,78.0000,,,,,,,,,,0.00,0.00,0.00,,,,,,,,,,,,,,,,,"2026-05-14 00:00:00",,,,,,,,,"PINK MULTI",0,,,,,,0,0,,,,,,,0.00,-6.00,-6.00,0.00,,,"2026-05-22 10:43:21",0.0000,0.0000,,,,,,,,,,,,,,
EVB3060,BROWN,DROP,,16.6000,,31.0000,0.0000,0.0000,0.0000,0.0000,adrian,"2026-05-22 10:43:21",HOL26,0.00,0.00,0.00,0.00,"ELEVATOR DISCO","26 NOV",,,,,,,0.0000,0.0000,0.0000,0.0000,,,,,,,,,,0,0,,,Style,XS-XL,"KIRA SHORTS",,,,,,,,,,mike,"2026-06-26 11:05:29",,,0.0000,,,,,,,,,N,1625,Style,0.0000,N,0.00,88.0000,,,,,0.0000,0.0000,0.0000,0.0000,0.0000,0.00,0.00,0.00,,,,,N,1-2-2-1,,,,,,,,,,,"2026-05-13 00:00:00",,,,,,,,,BROWN,0,,,,,,0,0,,,,,,,0.00,0.00,0.00,0.00,,,"2026-05-22 10:43:21",0.0000,0.0000,,,,,,,,,,,,,,
EVB3063,BLACK,ACTIVE,,8.5000,,25.0000,,,,,adrian,"2026-05-22 10:43:21",HOL26,0.00,30.00,0.00,0.00,"ELEVATOR DISCO","26 OCT",,,,,,,0.0000,0.0000,0.0000,0.0000,,,,,,,,,,0,0,,,Style,XS-XL,"MADELYN SHORTS",,,,,,,,,,adrian,"2026-05-22 10:43:21",,,,,,,,,,,,,1670,Style,0.0000,,,68.0000,,,,,,,,,,0.00,0.00,0.00,,,,,,,,,,,,,,,,,"2026-06-16 00:00:00",,,,,,,,,BLACK,0,,,,,,0,0,,,,,,,0.00,-30.00,-30.00,0.00,,,"2026-05-22 10:43:21",0.0000,0.0000,,,,,,,,,,,,,,
EVB3065,PURPLE,ACTIVE,,14.8000,,29.0000,0.0000,0.0000,0.0000,0.0000,adrian,"2026-05-22 10:43:21",HOL26,0.00,0.00,0.00,0.00,"ELEVATOR DISCO","26 OCT",,,,,,,0.0000,0.0000,0.0000,0.0000,,,,,,,,,,0,0,,,Style,XS-XL,"PARKER PANT",,,,,,,,,,design,"2026-05-26 11:37:12",,,0.0000,,,,,,,,,N,1668,Style,0.0000,N,0.00,78.0000,,,,,0.0000,0.0000,0.0000,0.0000,0.0000,0.00,0.00,0.00,,,,,N,1-2-2-1,,,,,,,,,,,,,,,,,,,,PURPLE,0,,,,,,0,0,,,,,,,0.00,0.00,0.00,0.00,,,"2026-05-22 10:43:21",0.0000,0.0000,,,,,,,,,,,,,,
EVB3066,BLACK,ACTIVE,,20.2000,,36.0000,0.0000,0.0000,0.0000,0.0000,adrian,"2026-05-22 10:43:21",HOL26,0.00,24.00,0.00,0.00,"ELEVATOR DISCO","26 OCT",,,,,,,0.0000,0.0000,0.0000,0.0000,,,,,,,,,,0,0,,,Style,XS-XL,"DAISY SKORT PANT",,,,,,,,,,design,"2026-05-26 11:30:23",,,0.0000,,,,,,,,,N,1667,Style,0.0000,N,0.00,98.0000,,,,,0.0000,0.0000,0.0000,0.0000,0.0000,0.00,0.00,0.00,,,,,N,1-2-2-1,,,,,,,,,,,"2026-06-15 00:00:00",,,,,,,,,BLACK,0,,,,,,0,0,,,,,,,0.00,-24.00,-24.00,0.00,,,"2026-05-22 10:43:21",0.0000,0.0000,,,,,,,,,,,,,,
EVB3066,BROWN,ACTIVE,,20.2000,,36.0000,,,,,adrian,"2026-05-22 10:43:21",HOL26,0.00,0.00,0.00,0.00,"ELEVATOR DISCO","26 DEC",,,,,,,0.0000,0.0000,0.0000,0.0000,,,,,,,,,,0,0,,,Style,XS-XL,"DAISY SKORT PANT",,,,,,,,,,adrian,"2026-05-22 10:43:21",,,,,,,,,,,,,1568,Style,0.0000,,,98.0000,,,,,,,,,,0.00,0.00,0.00,,,,,,,,,,,,,,,,,,,,,,,,,,BROWN,0,,,,,,0,0,,,,,,,0.00,0.00,0.00,0.00,,,"2026-05-22 10:43:21",0.0000,0.0000,,,,,,,,,,,,,,
EVB3067,GREY,ACTIVE,,14.0000,,28.0000,,,,,adrian,"2026-05-22 10:43:21",HOL26,0.00,6.00,0.00,0.00,"ELEVATOR DISCO","26 NOV",,,,,,,0.0000,0.0000,0.0000,0.0000,,,,,,,,,,0,0,,,Style,XS-XL,"BLAIRE SKORT",,,,,,,,,,adrian,"2026-05-22 10:43:21",,,,,,,,,,,,,1617,Style,0.0000,,,78.0000,,,,,,,,,,0.00,0.00,0.00,,,,,,,,,,,,,,,,,"2026-06-22 00:00:00",,,,,,,,,GREY,0,,,,,,0,0,,,,,,,0.00,-6.00,-6.00,0.00,,,"2026-05-22 10:43:21",0.0000,0.0000,,,,,,,,,,,,,,
EVB3068,SILVER,ACTIVE,,20.2000,,36.0000,,,,,adrian,"2026-05-22 10:43:21",HOL26,0.00,36.00,0.00,0.00,"ELEVATOR DISCO","26 NOV",,,,,,,0.0000,0.0000,0.0000,0.0000,,,,,,,,,,0,0,,,Style,XS-XL,"NAOMI PANT",,,,,,,,,,adrian,"2026-05-22 10:43:21",,,,,,,,,,,,,1618,Style,0.0000,,,98.0000,,,,,,,,,,0.00,0.00,0.00,,,,,,,,,,,,,,,,,"2026-06-15 00:00:00",,,,,,,,,SILVER,0,,,,,,0,0,,,,,,,0.00,-36.00,-36.00,0.00,,,"2026-05-22 10:43:21",0.0000,0.0000,,,,,,,,,,,,,,
EVB3069,PLUM,ACTIVE,,14.9000,,35.0000,,,,,adrian,"2026-05-22 10:43:21",HOL26,0.00,24.00,0.00,0.00,"ELEVATOR DISCO","26 OCT",,,,,,,0.0000,0.0000,0.0000,0.0000,,,,,,,,,,0,0,,,Style,XS-XL,"FREYA PJ PANT",,,,,,,,,,adrian,"2026-05-22 10:43:21",,,,,,,,,,,,,1669,Style,0.0000,,,98.0000,,,,,,,,,,0.00,0.00,0.00,,,,,,,,,,,,,,,,,"2026-06-12 00:00:00",,,,,,,,,PLUM,0,,,,,,0,0,,,,,,,0.00,-24.00,-24.00,0.00,,,"2026-05-22 10:43:21",0.0000,0.0000,,,,,,,,,,,,,,
EVB3070,BLACK,DROP,,17.0000,,35.0000,0.0000,0.0000,0.0000,0.0000,adrian,"2026-05-22 10:43:21",HOL26,0.00,48.00,0.00,0.00,"ELEVATOR DISCO","26 NOV",,,,,,,0.0000,0.0000,0.0000,0.0000,,,,,,,,,,0,0,,,Style,XS-XL,"FREYA FEATHER PANT",,,,,,,,,,mike,"2026-06-26 10:58:10",,,0.0000,,,,,,,,,N,1619,Style,0.0000,N,0.00,98.0000,,,,,0.0000,0.0000,0.0000,0.0000,0.0000,0.00,0.00,0.00,,,,,N,1-2-2-1,,,,,,,,,,,"2026-06-24 00:00:00",,,,,,,,,BLACK,0,,,,,,0,0,,,,,,,0.00,-48.00,-48.00,0.00,,,"2026-05-22 10:43:21",0.0000,0.0000,,,,,,,,,,,,,,
EVB3071,BROWN,ACTIVE,,14.0000,,28.0000,,,,,adrian,"2026-05-22 10:43:21",HOL26,0.00,6.00,0.00,0.00,"ELEVATOR DISCO","26 DEC",,,,,,,0.0000,0.0000,0.0000,0.0000,,,,,,,,,,0,0,,,Style,XS-XL,"LETTI SKORT",,,,,,,,,,adrian,"2026-05-22 10:43:21",,,,,,,,,,,,,1572,Style,0.0000,,,78.0000,,,,,,,,,,0.00,0.00,0.00,,,,,,,,,,,,,,,,,"2026-06-16 00:00:00",,,,,,,,,BROWN,0,,,,,,0,0,,,,,,,0.00,-6.00,-6.00,0.00,,,"2026-05-22 10:43:21",0.0000,0.0000,,,,,,,,,,,,,,
EVB3072,"WINE MULTI",ACTIVE,,15.4000,,35.0000,,,,,adrian,"2026-05-22 10:43:21",HOL26,0.00,0.00,0.00,0.00,"ELEVATOR DISCO","26 OCT",,,,,,,0.0000,0.0000,0.0000,0.0000,,,,,,,,,,0,0,,,Style,XS-XL,"AUDREY PANT",,,,,,,,,,adrian,"2026-05-22 10:43:21",,,,,,,,,,,,,1666,Style,0.0000,,,98.0000,,,,,,,,,,0.00,0.00,0.00,,,,,,,,,,,,,,,,,,,,,,,,,,"WINE MULTI",0,,,,,,0,0,,,,,,,0.00,0.00,0.00,0.00,,,"2026-05-22 10:43:21",0.0000,0.0000,,,,,,,,,,,,,,
EVB3073,"DARK GREY",ACTIVE,,12.5000,,28.0000,,,,,adrian,"2026-05-22 10:43:21",HOL26,0.00,40.00,0.00,0.00,"ELEVATOR DISCO","26 NOV",,,,,,,0.0000,0.0000,0.0000,0.0000,,,,,,,,,,0,0,,,Style,XS-XL,"EMERY SKIRT",,,,,,,,,,adrian,"2026-05-22 10:43:21",,,,,,,,,,,,,1614,Style,0.0000,,,78.0000,,,,,,,,,,0.00,0.00,0.00,,,,,,,,,,,,,,,,,"2026-06-22 00:00:00",,,,,,,,,"DARK GREY",0,,,,,,0,0,,,,,,,0.00,-40.00,-40.00,0.00,,,"2026-05-22 10:43:21",0.0000,0.0000,,,,,,,,,,,,,,
EVB3074,MINT,ACTIVE,,13.3000,,0.0000,0.0000,0.0000,0.0000,0.0000,design,"2026-06-22 16:20:39",,0.00,0.00,0.00,0.00,"ELEVATOR DISCO",,,,,,,,0.0000,0.0000,0.0000,0.0000,,,,,,,,,,0,0,,,Style,XS-L,,PANTS,,,,,,,,,design,"2026-06-22 16:20:50",Import,,0.0000,,,,,,,,,N,1725,Style,0.0000,N,0.00,0.0000,,,,,0.0000,0.0000,0.0000,0.0000,0.0000,0.00,0.00,0.00,,,,,N,,,,,,PO,,,,,,,,,,,,,,,MINT,0,,,,"2026-06-22 16:20:22",,0,0,,,,,,,0.00,0.00,0.00,0.00,,,"2026-06-22 16:20:39",0.0000,0.0000,,,,,,,,,,,,,,
EVB3074A,FLORAL,ACTIVE,,15.6000,,0.0000,0.0000,0.0000,0.0000,0.0000,design,"2026-06-22 13:51:27",,0.00,0.00,0.00,0.00,"ELEVATOR DISCO",,,,,,,,0.0000,0.0000,0.0000,0.0000,,,,,,,,,,0,0,,,Style,XS-L,,PANTS,,,,,,,,,design,"2026-06-25 11:07:39",Import,,0.0000,,,,,,,,,N,1718,Style,0.0000,N,0.00,0.0000,,,,,0.0000,0.0000,0.0000,0.0000,0.0000,0.00,0.00,0.00,,,,,N,,,,,,PO,,,,,,,,,,,,,,,FLORAL,0,,,,"2026-06-22 13:51:12",,0,0,,,,,,,0.00,0.00,0.00,0.00,,,"2026-06-22 13:51:27",0.0000,0.0000,,,,,,,,,,,,,,
EVB3075,CHAMPAGNE,ACTIVE,,19.0000,,35.0000,,,,,adrian,"2026-05-22 10:43:21",HOL26,0.00,48.00,0.00,0.00,"ELEVATOR DISCO","26 OCT",,,,,,,0.0000,0.0000,0.0000,0.0000,,,,,,,,,,0,0,,,Style,XS-XL,"ANASTASIA SKIRT",,,,,,,,,,adrian,"2026-05-22 10:43:21",,,,,,,,,,,,,1652,Style,0.0000,,,98.0000,,,,,,,,,,0.00,0.00,0.00,,,,,,,,,,,,,,,,,"2026-06-15 00:00:00",,,,,,,,,,0,,,,,,0,0,,,,,,,0.00,-48.00,-48.00,0.00,,,"2026-05-22 10:43:21",0.0000,0.0000,,,,,,,,,,,,,,
EVB3075,"RED BLACK",ACTIVE,,19.0000,,35.0000,,,,,adrian,"2026-05-22 10:43:21",HOL26,0.00,6.00,0.00,0.00,"ELEVATOR DISCO","26 OCT",,,,,,,0.0000,0.0000,0.0000,0.0000,,,,,,,,,,0,0,,,Style,XS-XL,"ANASTASIA SKIRT",,,,,,,,,,adrian,"2026-05-22 10:43:21",,,,,,,,,,,,,1653,Style,0.0000,,,98.0000,,,,,,,,,,0.00,0.00,0.00,,,,,,,,,,,,,,,,,"2026-06-24 00:00:00",,,,,,,,,"RED BLACK",0,,,,,,0,0,,,,,,,0.00,-6.00,-6.00,0.00,,,"2026-05-22 10:43:21",0.0000,0.0000,,,,,,,,,,,,,,
EVB3076,BERRY,ACTIVE,,11.0000,,31.0000,,,,,adrian,"2026-05-22 10:43:21",HOL26,0.00,56.00,0.00,0.00,"ELEVATOR DISCO","26 OCT",,,,,,,0.0000,0.0000,0.0000,0.0000,,,,,,,,,,0,0,,,Style,XS-XL,"DILLA SKIRT",,,,,,,,,,adrian,"2026-05-22 10:43:21",,,,,,,,,,,,,1662,Style,0.0000,,,88.0000,,,,,,,,,,0.00,0.00,0.00,,,,,,,,,,,,,,,,,"2026-06-22 00:00:00",,,,,,,,,BERRY,0,,,,,,0,0,,,,,,,0.00,-56.00,-56.00,0.00,,,"2026-05-22 10:43:21",0.0000,0.0000,,,,,,,,,,,,,,
EVB3080,IVORY,ACTIVE,,14.0000,,31.0000,,,,,adrian,"2026-05-22 10:43:21",HOL26,0.00,24.00,0.00,0.00,"ELEVATOR DISCO","26 DEC",,,,,,,0.0000,0.0000,0.0000,0.0000,,,,,,,,,,0,0,,,Style,XS-XL,"ANNIE SHORT",,,,,,,,,,adrian,"2026-05-22 10:43:21",,,,,,,,,,,,,1579,Style,0.0000,,,88.0000,,,,,,,,,,0.00,0.00,0.00,,,,,,,,,,,,,,,,,"2026-06-10 00:00:00",,,,,,,,,IVORY,0,,,,,,0,0,,,,,,,0.00,-24.00,-24.00,0.00,,,"2026-05-22 10:43:21",0.0000,0.0000,,,,,,,,,,,,,,
EVB3081,"BROWN BLUE",ACTIVE,,17.0000,,35.0000,,,,,adrian,"2026-05-22 10:43:21",HOL26,0.00,36.00,0.00,0.00,"ELEVATOR DISCO","26 NOV",,,,,,,0.0000,0.0000,0.0000,0.0000,,,,,,,,,,0,0,,,Style,XS-XL,"SORAYA PANT",,,,,,,,,,adrian,"2026-05-22 10:43:21",,,,,,,,,,,,,1620,Style,0.0000,,,98.0000,,,,,,,,,,0.00,0.00,0.00,,,,,,,,,,,,,,,,,"2026-06-15 00:00:00",,,,,,,,,"BROWN BLUE",0,,,,,,0,0,,,,,,,0.00,-36.00,-36.00,0.00,,,"2026-05-22 10:43:21",0.0000,0.0000,,,,,,,,,,,,,,
EVB3082,"BROWN BLUE",ACTIVE,,12.5000,,31.0000,,,,,adrian,"2026-05-22 10:43:21",HOL26,0.00,0.00,0.00,0.00,"ELEVATOR DISCO","26 NOV",,,,,,,0.0000,0.0000,0.0000,0.0000,,,,,,,,,,0,0,,,Style,XS-XL,"DOROTHY MINI SKIRT",,,,,,,,,,adrian,"2026-05-22 10:43:21",,,,,,,,,,,,,1615,Style,0.0000,,,88.0000,,,,,,,,,,0.00,0.00,0.00,,,,,,,,,,,,,,,,,,,,,,,,,,"BROWN BLUE",0,,,,,,0,0,,,,,,,0.00,0.00,0.00,0.00,,,"2026-05-22 10:43:21",0.0000,0.0000,,,,,,,,,,,,,,
EVB3083,NAVY,ACTIVE,,14.8000,,35.0000,,,,,adrian,"2026-05-22 10:43:21",HOL26,0.00,48.00,0.00,0.00,"ELEVATOR DISCO","26 NOV",,,,,,,0.0000,0.0000,0.0000,0.0000,,,,,,,,,,0,0,,,Style,XS-XL,"SORAYA PANT",,,,,,,,,,adrian,"2026-05-22 10:43:21",,,,,,,,,,,,,1621,Style,0.0000,,,98.0000,,,,,,,,,,0.00,0.00,0.00,,,,,,,,,,,,,,,,,"2026-06-24 00:00:00",,,,,,,,,NAVY,0,,,,,,0,0,,,,,,,0.00,-48.00,-48.00,0.00,,,"2026-05-22 10:43:21",0.0000,0.0000,,,,,,,,,,,,,,
EVB3085,"NAVY DOT",ACTIVE,,9.4000,,28.0000,,,,,adrian,"2026-05-22 10:43:21",HOL26,0.00,6.00,0.00,0.00,"ELEVATOR DISCO","26 DEC",,,,,,,0.0000,0.0000,0.0000,0.0000,,,,,,,,,,0,0,,,Style,XS-XL,"ALEXIS SHORTS",,,,,,,,,,adrian,"2026-05-22 10:43:21",,,,,,,,,,,,,1582,Style,0.0000,,,78.0000,,,,,,,,,,0.00,0.00,0.00,,,,,,,,,,,,,,,,,"2026-06-12 00:00:00",,,,,,,,,"NAVY DOT",0,,,,,,0,0,,,,,,,0.00,-6.00,-6.00,0.00,,,"2026-05-22 10:43:21",0.0000,0.0000,,,,,,,,,,,,,,
EVB3086,PLUM,ACTIVE,,8.2000,,19.0000,,,,,adrian,"2026-05-22 10:43:21",HOL26,0.00,6.00,0.00,0.00,"ELEVATOR DISCO","26 OCT",,,,,,,0.0000,0.0000,0.0000,0.0000,,,,,,,,,,0,0,,,Style,XS-XL,"BETH SKIRT",,,,,,,,,,adrian,"2026-05-22 10:43:21",,,,,,,,,,,,,1661,Style,0.0000,,,58.0000,,,,,,,,,,0.00,0.00,0.00,,,,,,,,,,,,,,,,,"2026-05-26 00:00:00",,,,,,,,,PLUM,0,,,,,,0,0,,,,,,,0.00,-6.00,-6.00,0.00,,,"2026-05-22 10:43:21",0.0000,0.0000,,,,,,,,,,,,,,
EVB3088,BLACK,ACTIVE,,12.2000,,31.0000,,,,,adrian,"2026-05-22 10:43:21",HOL26,0.00,24.00,0.00,0.00,"ELEVATOR DISCO","26 DEC",,,,,,,0.0000,0.0000,0.0000,0.0000,,,,,,,,,,0,0,,,Style,XS-XL,"EVE CAPRI PANT",,,,,,,,,,adrian,"2026-05-22 10:43:21",,,,,,,,,,,,,1586,Style,0.0000,,,88.0000,,,,,,,,,,0.00,0.00,0.00,,,,,,,,,,,,,,,,,"2026-06-16 00:00:00",,,,,,,,,BLACK,0,,,,,,0,0,,,,,,,0.00,-24.00,-24.00,0.00,,,"2026-05-22 10:43:21",0.0000,0.0000,,,,,,,,,,,,,,
EVB3089,PURPLE,ACTIVE,,18.4000,,29.0000,,,,,adrian,"2026-05-22 10:43:21",HOL26,0.00,18.00,0.00,0.00,"ELEVATOR DISCO","26 NOV",,,,,,,0.0000,0.0000,0.0000,0.0000,,,,,,,,,,0,0,,,Style,XS-XL,"LETTI SKORT",,,,,,,,,,adrian,"2026-05-22 10:43:21",,,,,,,,,,,,,1616,Style,0.0000,,,78.0000,,,,,,,,,,0.00,0.00,0.00,,,,,,,,,,,,,,,,,"2026-06-15 00:00:00",,,,,,,,,PURPLE,0,,,,,,0,0,,,,,,,0.00,-18.00,-18.00,0.00,,,"2026-05-22 10:43:21",0.0000,0.0000,,,,,,,,,,,,,,
EVB3092,BLUSH,ACTIVE,,14.8000,,0.0000,0.0000,0.0000,0.0000,0.0000,design,"2026-06-25 11:12:26",,0.00,0.00,0.00,0.00,"ELEVATOR DISCO",,,,,,,,0.0000,0.0000,0.0000,0.0000,,,,,,,,,,0,0,,,Style,XS-L,,SKIRTS,,,,,,,,,design,"2026-06-25 11:14:49",Import,,0.0000,,,,,,,,,N,1741,Style,0.0000,N,0.00,0.0000,,,,,0.0000,0.0000,0.0000,0.0000,0.0000,0.00,0.00,0.00,,,,,N,,,,,,PO,,,,,,,,,,,,,,,BLUSH,0,,,,"2026-06-25 11:12:05",,0,0,,,,,,,0.00,0.00,0.00,0.00,,,"2026-06-25 11:12:26",0.0000,0.0000,,,,,,,,,,,,,,
EVB3093,BLUSH,ACTIVE,,12.8000,,0.0000,0.0000,0.0000,0.0000,0.0000,design,"2026-06-25 11:15:47",,0.00,0.00,0.00,0.00,"ELEVATOR DISCO",,,,,,,,0.0000,0.0000,0.0000,0.0000,,,,,,,,,,0,0,,,Style,XS-L,,SKORTS,,,,,,,,,design,"2026-06-25 11:15:57",Import,,0.0000,,,,,,,,,N,1742,Style,0.0000,N,0.00,0.0000,,,,,0.0000,0.0000,0.0000,0.0000,0.0000,0.00,0.00,0.00,,,,,N,,,,,,PO,,,,,,,,,,,,,,,BLUSH,0,,,,"2026-06-25 11:15:03",,0,0,,,,,,,0.00,0.00,0.00,0.00,,,"2026-06-25 11:15:47",0.0000,0.0000,,,,,,,,,,,,,,
EVB3094,"WHITE BLACK",ACTIVE,,10.9000,,0.0000,0.0000,0.0000,0.0000,0.0000,design,"2026-06-25 11:19:33",,0.00,0.00,0.00,0.00,"ELEVATOR DISCO",,,,,,,,0.0000,0.0000,0.0000,0.0000,,,,,,,,,,0,0,,,Style,XS-L,,SHORTS,,,,,,,,,design,"2026-06-25 11:20:51",Import,,0.0000,,,,,,,,,N,1746,Style,0.0000,N,0.00,0.0000,,,,,0.0000,0.0000,0.0000,0.0000,0.0000,0.00,0.00,0.00,,,,,N,,,,,,PO,,,,,,,,,,,,,,,"WHITE BLACK",0,,,,"2026-06-25 11:19:16",,0,0,,,,,,,0.00,0.00,0.00,0.00,,,"2026-06-25 11:19:33",0.0000,0.0000,,,,,,,,,,,,,,
EVB3096,FLORAL,ACTIVE,,13.5000,,0.0000,0.0000,0.0000,0.0000,0.0000,design,"2026-06-25 11:35:54",,0.00,0.00,0.00,0.00,"ELEVATOR DISCO",,,,,,,,0.0000,0.0000,0.0000,0.0000,,,,,,,,,,0,0,,,Style,XS-L,,SKIRTS,,,,,,,,,design,"2026-06-25 11:36:03",Import,,0.0000,,,,,,,,,N,1756,Style,0.0000,N,0.00,0.0000,,,,,0.0000,0.0000,0.0000,0.0000,0.0000,0.00,0.00,0.00,,,,,N,,,,,,PO,,,,,,,,,,,,,,,FLORAL,0,,,,"2026-06-25 11:35:38",,0,0,,,,,,,0.00,0.00,0.00,0.00,,,"2026-06-25 11:35:54",0.0000,0.0000,,,,,,,,,,,,,,
EVB3097,FLORAL,ACTIVE,,16.0400,,0.0000,0.0000,0.0000,0.0000,0.0000,design,"2026-06-25 11:37:00",,0.00,0.00,0.00,0.00,"ELEVATOR DISCO",,,,,,,,0.0000,0.0000,0.0000,0.0000,,,,,,,,,,0,0,,,Style,XS-L,,PANTS,,,,,,,,,design,"2026-06-25 11:37:10",Import,,0.0000,,,,,,,,,N,1758,Style,0.0000,N,0.00,0.0000,,,,,0.0000,0.0000,0.0000,0.0000,0.0000,0.00,0.00,0.00,,,,,N,,,,,,PO,,,,,,,,,,,,,,,FLORAL,0,,,,"2026-06-25 11:36:49",,0,0,,,,,,,0.00,0.00,0.00,0.00,,,"2026-06-25 11:37:00",0.0000,0.0000,,,,,,,,,,,,,,
EVB3098,IVORY,ACTIVE,,14.8700,,0.0000,0.0000,0.0000,0.0000,0.0000,design,"2026-06-25 11:25:30",,0.00,0.00,0.00,0.00,"ELEVATOR DISCO",,,,,,,,0.0000,0.0000,0.0000,0.0000,,,,,,,,,,0,0,,,Style,XS-L,,SHORTS,,,,,,,,,design,"2026-06-25 11:25:41",Import,,0.0000,,,,,,,,,N,1750,Style,0.0000,N,0.00,0.0000,,,,,0.0000,0.0000,0.0000,0.0000,0.0000,0.00,0.00,0.00,,,,,N,,,,,,PO,,,,,,,,,,,,,,,IVORY,0,,,,"2026-06-25 11:25:10",,0,0,,,,,,,0.00,0.00,0.00,0.00,,,"2026-06-25 11:25:30",0.0000,0.0000,,,,,,,,,,,,,,
EVB3100,YELLOW,ACTIVE,,19.3000,,0.0000,0.0000,0.0000,0.0000,0.0000,design,"2026-06-22 16:25:49",,0.00,0.00,0.00,0.00,"ELEVATOR DISCO",,,,,,,,0.0000,0.0000,0.0000,0.0000,,,,,,,,,,0,0,,,Style,XS-L,,PANTS,,,,,,,,,design,"2026-06-22 16:25:58",Import,,0.0000,,,,,,,,,N,1732,Style,0.0000,N,0.00,0.0000,,,,,0.0000,0.0000,0.0000,0.0000,0.0000,0.00,0.00,0.00,,,,,N,,,,,,PO,,,,,,,,,,,,,,,YELLOW,0,,,,"2026-06-22 16:25:37",,0,0,,,,,,,0.00,0.00,0.00,0.00,,,"2026-06-22 16:25:49",0.0000,0.0000,,,,,,,,,,,,,,
EVB3102,BLUSH,ACTIVE,,14.0400,,0.0000,0.0000,0.0000,0.0000,0.0000,design,"2026-06-22 16:23:00",,0.00,0.00,0.00,0.00,"ELEVATOR DISCO",,,,,,,,0.0000,0.0000,0.0000,0.0000,,,,,,,,,,0,0,,,Style,XS-L,,SKIRTS,,,,,,,,,design,"2026-06-22 16:23:46",Import,,0.0000,,,,,,,,,N,1728,Style,0.0000,N,0.00,0.0000,,,,,0.0000,0.0000,0.0000,0.0000,0.0000,0.00,0.00,0.00,,,,,N,,,,,,PO,,,,,,,,,,,,,,,BLUSH,0,,,,"2026-06-22 16:22:46",,0,0,,,,,,,0.00,0.00,0.00,0.00,,,"2026-06-22 16:23:00",0.0000,0.0000,,,,,,,,,,,,,,
EVB3103,BLUE,ACTIVE,,8.3000,,0.0000,0.0000,0.0000,0.0000,0.0000,design,"2026-06-25 11:11:38",,0.00,0.00,0.00,0.00,"ELEVATOR DISCO",,,,,,,,0.0000,0.0000,0.0000,0.0000,,,,,,,,,,0,0,,,Style,XS-L,,SHORTS,,,,,,,,,design,"2026-06-25 11:11:49",Import,,0.0000,,,,,,,,,N,1740,Style,0.0000,N,0.00,0.0000,,,,,0.0000,0.0000,0.0000,0.0000,0.0000,0.00,0.00,0.00,,,,,N,,,,,,PO,,,,,,,,,,,,,,,BLUE,0,,,,"2026-06-25 11:10:57",,0,0,,,,,,,0.00,0.00,0.00,0.00,,,"2026-06-25 11:11:38",0.0000,0.0000,,,,,,,,,,,,,,
EVD1003,"LIGHT RED",DROP,,0.0000,,28.0000,0.0000,0.0000,0.0000,0.0000,yosup,"2026-04-09 15:40:57",FW26,0.00,0.00,0.00,0.00,"ELEVATOR DISCO","26 JUL",,,,,,,0.0000,0.0000,0.0000,0.0000,,,,,,,,,,0,0,,,Style,XS-XL,"CHICAGO MINI DRESS",DRESSES,,,,,,,,,adrian,"2026-05-20 10:56:43",,,0.0000,,SATIN,,,,,,,N,1001,Style,0.0000,N,0.00,78.0000,,,,,0.0000,0.0000,0.0000,0.0000,0.0000,0.00,0.00,0.00,,,,,N,1-2-2-1,,,,,,,,,,,"2026-04-13 00:00:00",,,,,,,,,"LIGHT RED",0,,,,,,0,0,,,,,,,0.00,0.00,0.00,0.00,,,"2026-04-09 15:40:57",0.0000,0.0000,,,,,,,,,,,,,,
EVD1005,CREAM,DROP,,0.0000,,42.0000,0.0000,0.0000,0.0000,0.0000,yosup,"2026-04-09 15:40:57",FW26,0.00,0.00,0.00,0.00,"ELEVATOR DISCO","26 JUL",,,,,,,0.0000,0.0000,0.0000,0.0000,,,,,,,,,,0,0,,,Style,XS-XL,"MARCO MINI DRESS",DRESSES,,,,,,,,,adrian,"2026-05-21 17:08:11",,,0.0000,,"PRINTED JACQUARD",,,,,,,N,985,Style,0.0000,N,0.00,118.0000,,,,,0.0000,0.0000,0.0000,0.0000,0.0000,0.00,0.00,0.00,,,,,N,1-2-2-1,,,,,,,,,,,"2026-04-01 00:00:00",,,,,,,,,CREAM,0,,,,,,0,0,,,,,,,0.00,0.00,0.00,0.00,,,"2026-04-09 15:40:57",0.0000,0.0000,,,,,,,,,,,,,,
EVD1008,CREAM,DROP,,0.0000,,53.0000,0.0000,0.0000,0.0000,0.0000,yosup,"2026-04-09 15:40:57",FW26,0.00,0.00,0.00,102.00,"ELEVATOR DISCO","26 JUL",,,,,,,0.0000,0.0000,0.0000,0.0000,,,,,,,,,,0,0,,,Style,XS-XL,"RACHEL MIDI DRESS",DRESSES,,,,,,,,,adrian,"2026-05-22 09:47:50",,,0.0000,,"POLY WOVEN",,,,,,,N,984,Style,0.0000,N,0.00,148.0000,,,,,0.0000,0.0000,0.0000,0.0000,0.0000,0.00,0.00,0.00,,,,,N,1-2-2-1,,,,,,,,,,,"2026-04-13 00:00:00","2026-04-24 00:00:00",,,,,,,,CREAM,0,,,,,,0,0,,,,,,,0.00,0.00,102.00,0.00,,,"2026-04-09 15:40:57",0.0000,0.0000,,,,,,,,,,,,,,
EVD1010,PINK,DROP,,0.0000,,42.0000,0.0000,0.0000,0.0000,0.0000,yosup,"2026-04-09 15:40:57",FW26,0.00,0.00,0.00,0.00,"ELEVATOR DISCO","26 JUL",,,,,,,0.0000,0.0000,0.0000,0.0000,,,,,,,,,,0,0,,,Style,XS-XL,"FINE DAY MINI DRESS",DRESSES,,,,,,,,,adrian,"2026-05-21 15:56:27",,,0.0000,,"EMBELLISHED TWEED",,,,,,,N,1008,Style,0.0000,N,0.00,118.0000,,,,,0.0000,0.0000,0.0000,0.0000,0.0000,0.00,0.00,0.00,,,,,N,1-2-2-1,,,,,,,,,,,"2026-04-07 00:00:00",,,,,,,,,PINK,0,,,,,,0,0,,,,,,,0.00,0.00,0.00,0.00,,,"2026-04-09 15:40:57",0.0000,0.0000,,,,,,,,,,,,,,
EVD1011,CREAM,DROP,,0.0000,,44.0000,0.0000,0.0000,0.0000,0.0000,yosup,"2026-04-09 15:40:57",FW26,0.00,0.00,0.00,102.00,"ELEVATOR DISCO","26 JUL",,,,,,,0.0000,0.0000,0.0000,0.0000,,,,,,,,,,0,0,,,Style,XS-XL,"MARCI MIDI DRESS",DRESSES,,,,,,,,,adrian,"2026-05-22 09:50:07",,,0.0000,,"PRINTED JACQUARD",,,,,,,N,986,Style,0.0000,N,0.00,124.0000,,,,,0.0000,0.0000,0.0000,0.0000,0.0000,0.00,0.00,0.00,,,,,N,1-2-2-1,,,,,,,,,,,"2026-04-03 00:00:00","2026-04-24 00:00:00",,,,,,,,CREAM,0,,,,,,0,0,,,,,,,0.00,0.00,102.00,0.00,,,"2026-04-09 15:40:57",0.0000,0.0000,,,,,,,,,,,,,,
EVD1013,NAVY,DROP,,0.0000,,35.0000,0.0000,0.0000,0.0000,0.0000,yosup,"2026-04-09 15:40:57",FW26,0.00,0.00,0.00,0.00,"ELEVATOR DISCO","26 JUL",,,,,,,0.0000,0.0000,0.0000,0.0000,,,,,,,,,,0,0,,,Style,XS-XL,"CAYLA MIDI DRESS",DRESSES,,,,,,,,,adrian,"2026-05-21 16:03:14",,,0.0000,,"POLY SUITING",,,,,,,N,1003,Style,0.0000,N,0.00,98.0000,,,,,0.0000,0.0000,0.0000,0.0000,0.0000,0.00,0.00,0.00,,,,,N,1-2-2-1,,,,,,,,,,,"2026-03-13 00:00:00",,,,,,,,,NAVY,0,,,,,,0,0,,,,,,,0.00,0.00,0.00,0.00,,,"2026-04-09 15:40:57",0.0000,0.0000,,,,,,,,,,,,,,
EVD1015,CREAM,DROP,,28.9000,,46.0000,0.0000,0.0000,0.0000,0.0000,yosup,"2026-04-09 15:40:57",FW26,0.00,0.00,0.00,102.00,"ELEVATOR DISCO","26 JUL",,,,,,,0.0000,0.0000,0.0000,0.0000,,,,,,,,,,0,0,,,Style,XS-XL,"CASTAWAY MIDI DRESS",DRESSES,,,,,,,,,adrian,"2026-05-21 17:09:32",,,0.0000,,EMBELLISHED,,,,,,,N,982,Style,0.0000,N,0.00,128.0000,,,,,0.0000,0.0000,0.0000,0.0000,0.0000,0.00,0.00,0.00,,,,,N,1-2-2-1,,,,,,,,,,,"2026-04-01 00:00:00","2026-04-24 00:00:00",,,,,,,,CREAM,0,,,,,,0,0,,,,,,,0.00,0.00,102.00,0.00,,,"2026-04-09 15:40:57",0.0000,0.0000,,,,,,,,,,,,,,
EVD1017,BLACK,DROP,,0.0000,,41.0000,0.0000,0.0000,0.0000,0.0000,yosup,"2026-04-09 15:40:57",FW26,0.00,0.00,0.00,0.00,"ELEVATOR DISCO","26 AUG",,,,,,,0.0000,0.0000,0.0000,0.0000,,,,,,,,,,0,0,,,Style,XS-XL,"BRENDA MIDI DRESS",DRESSES,,,,,,,,,adrian,"2026-05-21 15:38:29",,,0.0000,,POPLIN,,,,,,,N,1018,Style,0.0000,N,0.00,118.0000,,,,,0.0000,0.0000,0.0000,0.0000,0.0000,0.00,0.00,0.00,,,,,N,1-2-2-1,,,,,,,,,,,"2026-04-13 00:00:00",,,,,,,,,BLACK,0,,,,,,0,0,,,,,,,0.00,0.00,0.00,0.00,,,"2026-04-09 15:40:57",0.0000,0.0000,,,,,,,,,,,,,,
EVD1018,"DARK GREEN",DROP,,0.0000,,30.0000,0.0000,0.0000,0.0000,0.0000,yosup,"2026-04-09 15:40:57",FW26,0.00,0.00,0.00,0.00,"ELEVATOR DISCO","26 SEP",,,,,,,0.0000,0.0000,0.0000,0.0000,,,,,,,,,,0,0,,,Style,XS-XL,"VICKY MINI DRESS",DRESSES,,,,,,,,,mike,"2026-05-19 16:22:29",,,0.0000,,"WOOL TYPE FLANNEL",,,,,,,N,1094,Style,0.0000,N,0.00,84.0000,,,,,0.0000,0.0000,0.0000,0.0000,0.0000,0.00,0.00,0.00,,,,,N,1-2-2-1,,,,,,,,,,,"2026-04-01 00:00:00",,,,,,,,,"DARK GREEN",0,,,,,,0,0,,,,,,,0.00,0.00,0.00,0.00,,,"2026-04-09 15:40:57",0.0000,0.0000,,,,,,,,,,,,,,
EVD1021,"DARK GREEN",DROP,,0.0000,,32.0000,0.0000,0.0000,0.0000,0.0000,yosup,"2026-04-09 15:40:57",FW26,0.00,0.00,0.00,0.00,"ELEVATOR DISCO","26 SEP",,,,,,,0.0000,0.0000,0.0000,0.0000,,,,,,,,,,0,0,,,Style,XS-XL,"LOUISA MINI DRESS",DRESSES,,,,,,,,,mike,"2026-05-19 17:03:30",,,0.0000,,"WOOL TYPE FLANNEL",,,,,,,N,1095,Style,0.0000,N,0.00,88.0000,,,,,0.0000,0.0000,0.0000,0.0000,0.0000,0.00,0.00,0.00,,,,,N,1-2-2-1,,,,,,,,,,,"2026-04-01 00:00:00",,,,,,,,,"DARK GREEN",0,,,,,,0,0,,,,,,,0.00,0.00,0.00,0.00,,,"2026-04-09 15:40:57",0.0000,0.0000,,,,,,,,,,,,,,
EVD1022,BLUSH,ACTIVE,,19.8000,,0.0000,0.0000,0.0000,0.0000,0.0000,design,"2026-06-22 13:40:56",,0.00,0.00,0.00,0.00,"ELEVATOR DISCO",,,,,,,,0.0000,0.0000,0.0000,0.0000,,,,,,,,,,0,0,,,Style,XS-L,,DRESSES,,,,,,,,,design,"2026-06-22 13:41:04",Import,,0.0000,,,,,,,,,N,1706,Style,0.0000,N,0.00,0.0000,,,,,0.0000,0.0000,0.0000,0.0000,0.0000,0.00,0.00,0.00,,,,,N,,,,,,PO,,,,,,,,,,,,,,,BLUSH,0,,,,"2026-06-22 13:40:34",,0,0,,,,,,,0.00,0.00,0.00,0.00,,,"2026-06-22 13:40:56",0.0000,0.0000,,,,,,,,,,,,,,
EVD1023,"LIGHT RED",DROP,,0.0000,,33.0000,0.0000,0.0000,0.0000,0.0000,yosup,"2026-04-09 15:40:57",FW26,0.00,0.00,0.00,102.00,"ELEVATOR DISCO","26 JUL",,,,,,,0.0000,0.0000,0.0000,0.0000,,,,,,,,,,0,0,,,Style,XS-XL,"MAYA MIDI DRESS",DRESSES,,,,,,,,,adrian,"2026-05-22 09:52:31",,,0.0000,,SATIN,,,,,,,N,1002,Style,0.0000,N,0.00,88.0000,,,,,0.0000,0.0000,0.0000,0.0000,0.0000,0.00,0.00,0.00,,,,,N,1-2-2-1,,,,,,,,,,,"2026-04-21 00:00:00","2026-04-24 00:00:00",,,,,,,,"LIGHT RED",0,,,,,,0,0,,,,,,,0.00,0.00,102.00,0.00,,,"2026-04-09 15:40:57",0.0000,0.0000,,,,,,,,,,,,,,
EVD1024,CREAM,DROP,,0.0000,,41.0000,0.0000,0.0000,0.0000,0.0000,yosup,"2026-04-09 15:40:57",FW26,0.00,0.00,0.00,0.00,"ELEVATOR DISCO","26 JUL",,,,,,,0.0000,0.0000,0.0000,0.0000,,,,,,,,,,0,0,,,Style,XS-XL,"LAUREN MINI DRESS",DRESSES,,,,,,,,,adrian,"2026-05-21 16:34:34",,,0.0000,,"POLY TWILL",,,,,,,N,983,Style,0.0000,N,0.00,114.0000,,,,,0.0000,0.0000,0.0000,0.0000,0.0000,0.00,0.00,0.00,,,,,N,1-2-2-1,,,,,,,,,,,"2026-03-02 00:00:00",,,,,,,,,CREAM,0,,,,,,0,0,,,,,,,0.00,0.00,0.00,0.00,,,"2026-04-09 15:40:57",0.0000,0.0000,,,,,,,,,,,,,,
EVD1025,WHITE,DROP,,0.0000,,42.0000,0.0000,0.0000,0.0000,0.0000,yosup,"2026-04-09 15:40:57",FW26,0.00,0.00,0.00,0.00,"ELEVATOR DISCO","26 JUL",,,,,,,0.0000,0.0000,0.0000,0.0000,,,,,,,,,,0,0,,,Style,XS-XL,"VALERIE SHIRT DRESS",DRESSES,,,,,,,,,adrian,"2026-05-21 16:36:05",,,0.0000,,POPLIN,,,,,,,N,1014,Style,0.0000,N,0.00,118.0000,,,,,0.0000,0.0000,0.0000,0.0000,0.0000,0.00,0.00,0.00,,,,,N,1-2-2-1,,,,,,,,,,,"2026-04-21 00:00:00",,,,,,,,,WHITE,0,,,,,,0,0,,,,,,,0.00,0.00,0.00,0.00,,,"2026-04-09 15:40:57",0.0000,0.0000,,,,,,,,,,,,,,
EVD1026,BROWN,DROP,,0.0000,,46.0000,0.0000,0.0000,0.0000,0.0000,yosup,"2026-04-09 15:40:57",FW26,0.00,0.00,0.00,0.00,"ELEVATOR DISCO","26 AUG",,,,,,,0.0000,0.0000,0.0000,0.0000,,,,,,,,,,0,0,,,Style,XS-XL,"MAIDEN MAXI DRESS",DRESSES,,,,,,,,,adrian,"2026-05-21 15:39:19",,,0.0000,,"PRINTED CHIFFON",,,,,,,N,1033,Style,0.0000,N,0.00,128.0000,,,,,0.0000,0.0000,0.0000,0.0000,0.0000,0.00,0.00,0.00,,,,,N,1-2-2-1,,,,,,,,,,,"2026-04-13 00:00:00",,,,,,,,,BROWN,0,,,,,,0,0,,,,,,,0.00,0.00,0.00,0.00,,,"2026-04-09 15:40:57",0.0000,0.0000,,,,,,,,,,,,,,
EVD1027,BLACK,DROP,,0.0000,,34.0000,0.0000,0.0000,0.0000,0.0000,yosup,"2026-04-09 15:40:57",FW26,0.00,0.00,0.00,0.00,"ELEVATOR DISCO","26 AUG",,,,,,,0.0000,0.0000,0.0000,0.0000,,,,,,,,,,0,0,,,Style,XS-XL,"BRENDA MINI DRESS",DRESSES,,,,,,,,,adrian,"2026-05-21 15:40:04",,,0.0000,,POPLIN,,,,,,,N,1019,Style,0.0000,N,0.00,98.0000,,,,,0.0000,0.0000,0.0000,0.0000,0.0000,0.00,0.00,0.00,,,,,N,1-2-2-1,,,,,,,,,,,"2026-04-01 00:00:00",,,,,,,,,BLACK,0,,,,,,0,0,,,,,,,0.00,0.00,0.00,0.00,,,"2026-04-09 15:40:57",0.0000,0.0000,,,,,,,,,,,,,,
EVD1028,"BLACK BLUE",DROP,,0.0000,,31.0000,0.0000,0.0000,0.0000,0.0000,yosup,"2026-04-09 15:40:57",FW26,0.00,0.00,0.00,0.00,"ELEVATOR DISCO","26 AUG",,,,,,,0.0000,0.0000,0.0000,0.0000,,,,,,,,,,0,0,,,Style,XS-XL,"JOSEPHINE MINI DRESS",DRESSES,,,,,,,,,adrian,"2026-05-21 16:04:07",,,0.0000,,"PRINTED SATIN",,,,,,,N,1025,Style,0.0000,N,0.00,88.0000,,,,,0.0000,0.0000,0.0000,0.0000,0.0000,0.00,0.00,0.00,,,,,N,1-2-2-1,,,,,,,,,,,"2026-04-11 00:00:00",,,,,,,,,"BLACK BLUE",0,,,,,,0,0,,,,,,,0.00,0.00,0.00,0.00,,,"2026-04-09 15:40:57",0.0000,0.0000,,,,,,,,,,,,,,
EVD1029,"DARK BROWN",ACTIVE,,0.0000,,30.0000,0.0000,0.0000,0.0000,0.0000,yosup,"2026-04-09 15:40:57",FW26,0.00,54.00,0.00,102.00,"ELEVATOR DISCO","26 SEP",,,,,,,0.0000,0.0000,0.0000,0.0000,,,,,,,,,,0,0,,,Style,XS-XL,"FLORENCE MINI DRESS",DRESSES,,,,,,,,,minji,"2026-05-29 18:27:28",,,0.0000,,"PRINTED SATIN",,,,,,,N,1087,Style,0.0000,N,0.00,88.0000,,,,,0.0000,0.0000,0.0000,0.0000,0.0000,0.00,0.00,0.00,,,,,N,1-2-2-1,,,,,,,,,,,"2026-04-23 00:00:00","2026-05-29 00:00:00",,,,,,,,"DARK BROWN",0,,,,,,0,0,,,,,,,0.00,-54.00,48.00,0.00,,,"2026-04-09 15:40:57",0.0000,0.0000,,,,,,,,,,,,,,
EVD1030,BROWN,DROP,,0.0000,,31.0000,0.0000,0.0000,0.0000,0.0000,yosup,"2026-04-09 15:40:57",FW26,0.00,0.00,0.00,0.00,"ELEVATOR DISCO","26 AUG",,,,,,,0.0000,0.0000,0.0000,0.0000,,,,,,,,,,0,0,,,Style,XS-XL,"BEATRICE PAISLEY ROMPER",PANTS,,,,,,,,,adrian,"2026-05-21 15:41:09",,,0.0000,,"PRINTED CHIFFON",,,,,,,N,1034,Style,0.0000,N,0.00,88.0000,,,,,0.0000,0.0000,0.0000,0.0000,0.0000,0.00,0.00,0.00,,,,,N,1-2-2-1,,,,,,,,,,,"2026-03-06 00:00:00",,,,,,,,,BROWN,0,,,,,,0,0,,,,,,,0.00,0.00,0.00,0.00,,,"2026-04-09 15:40:57",0.0000,0.0000,,,,,,,,,,,,,,
EVD1033,BLUE,DROP,,0.0000,,35.0000,0.0000,0.0000,0.0000,0.0000,yosup,"2026-04-09 15:40:57",FW26,0.00,0.00,0.00,0.00,"ELEVATOR DISCO","26 AUG",,,,,,,0.0000,0.0000,0.0000,0.0000,,,,,,,,,,0,0,,,Style,XS-XL,"MEGAN MIDI DRESS",DRESSES,,,,,,,,,adrian,"2026-05-21 16:05:56",,,0.0000,,"BLEND FLANNEL FABRIC",,,,,,,N,1029,Style,0.0000,N,0.00,98.0000,,,,,0.0000,0.0000,0.0000,0.0000,0.0000,0.00,0.00,0.00,,,,,N,1-2-2-1,,,,,,,,,,,"2026-04-07 00:00:00",,,,,,,,,BLUE,0,,,,,,0,0,,,,,,,0.00,0.00,0.00,0.00,,,"2026-04-09 15:40:57",0.0000,0.0000,,,,,,,,,,,,,,
EVD1038,"DARK RED",DROP,,0.0000,,31.0000,0.0000,0.0000,0.0000,0.0000,yosup,"2026-04-09 15:40:57",FW26,0.00,0.00,0.00,0.00,"ELEVATOR DISCO","26 AUG",,,,,,,0.0000,0.0000,0.0000,0.0000,,,,,,,,,,0,0,,,Style,XS-XL,"JASMINE MINI DRESS",DRESSES,,,,,,,,,adrian,"2026-05-21 15:41:58",,,0.0000,,"POLY BLENDED SUITING",,,,,,,N,1036,Style,0.0000,N,0.00,88.0000,,,,,0.0000,0.0000,0.0000,0.0000,0.0000,0.00,0.00,0.00,,,,,N,1-2-2-1,,,,,,,,,,,"2026-02-17 00:00:00",,,,,,,,,"DARK RED",0,,,,,,0,0,,,,,,,0.00,0.00,0.00,0.00,,,"2026-04-09 15:40:57",0.0000,0.0000,,,,,,,,,,,,,,
EVD1041,"LIGHT PURPLE",DROP,,0.0000,,51.0000,0.0000,0.0000,0.0000,0.0000,yosup,"2026-04-09 15:40:57",FW26,0.00,0.00,0.00,0.00,"ELEVATOR DISCO","26 AUG",,,,,,,0.0000,0.0000,0.0000,0.0000,,,,,,,,,,0,0,,,Style,XS-XL,"YOUTHFUL MIDI DRESS",DRESSES,,,,,,,,,adrian,"2026-05-21 15:42:58",,,0.0000,,TWEED,,,,,,,N,1054,Style,0.0000,N,0.00,138.0000,,,,,0.0000,0.0000,0.0000,0.0000,0.0000,0.00,0.00,0.00,,,,,N,1-2-2-1,,,,,,,,,,,"2026-03-02 00:00:00",,,,,,,,,"LIGHT PURPLE",0,,,,,,0,0,,,,,,,0.00,0.00,0.00,0.00,,,"2026-04-09 15:40:57",0.0000,0.0000,,,,,,,,,,,,,,
EVD1042,WHITE,DROP,,0.0000,,47.0000,0.0000,0.0000,0.0000,0.0000,yosup,"2026-04-09 15:40:57",FW26,0.00,0.00,0.00,0.00,"ELEVATOR DISCO","26 SEP",,,,,,,0.0000,0.0000,0.0000,0.0000,,,,,,,,,,0,0,,,Style,XS-XL,"KIMBERLY MAXI DRESS",DRESSES,,,,,,,,,adrian,"2026-05-21 16:37:23",,,0.0000,,"FEATHERY SEQUIN",,,,,,,N,1108,Style,0.0000,N,0.00,128.0000,,,,,0.0000,0.0000,0.0000,0.0000,0.0000,0.00,0.00,0.00,,,,,N,1-2-2-1,,,,,,,,,,,"2026-03-19 00:00:00",,,,,,,,,WHITE,0,,,,,,0,0,,,,,,,0.00,0.00,0.00,0.00,,,"2026-04-09 15:40:57",0.0000,0.0000,,,,,,,,,,,,,,
EVD1043,"DARK RED",DROP,,0.0000,,31.0000,0.0000,0.0000,0.0000,0.0000,yosup,"2026-04-09 15:40:57",FW26,0.00,0.00,0.00,0.00,"ELEVATOR DISCO","26 AUG",,,,,,,0.0000,0.0000,0.0000,0.0000,,,,,,,,,,0,0,,,Style,XS-XL,"MOMENT DRESS",DRESSES,,,,,,,,,adrian,"2026-05-21 15:44:44",,,0.0000,,"BLEND FLANNEL FABRIC",,,,,,,N,1035,Style,0.0000,N,0.00,88.0000,,,,,0.0000,0.0000,0.0000,0.0000,0.0000,0.00,0.00,0.00,,,,,N,1-2-2-1,,,,,,,,,,,"2026-02-17 00:00:00",,,,,,,,,"DARK RED",0,,,,,,0,0,,,,,,,0.00,0.00,0.00,0.00,,,"2026-04-09 15:40:57",0.0000,0.0000,,,,,,,,,,,,,,
EVD1044,"BLACK BLUE",DROP,,0.0000,,0.0000,0.0000,0.0000,0.0000,0.0000,yosup,"2026-04-09 15:40:57",FW26,0.00,0.00,0.00,0.00,"ELEVATOR DISCO","26 AUG",,,,,,,0.0000,0.0000,0.0000,0.0000,,,,,,,,,,0,0,,,Style,XS-XL,"MOONFLOWER MAXI DRESS",DRESSES,,,,,,,,,adrian,"2026-05-21 15:45:27",,,0.0000,,"PRINTED SATIN",,,,,,,N,1026,Style,0.0000,N,0.00,0.0000,,,,,0.0000,0.0000,0.0000,0.0000,0.0000,0.00,0.00,0.00,,,,,N,1-2-2-1,,,,,,,,,,,"2026-03-13 00:00:00",,,,,,,,,"BLACK BLUE",0,,,,,,0,0,,,,,,,0.00,0.00,0.00,0.00,,,"2026-04-09 15:40:57",0.0000,0.0000,,,,,,,,,,,,,,
EVD1051,IVORY,ACTIVE,,22.9000,,42.0000,,,,,adrian,"2026-05-22 10:43:21",HOL26,0.00,0.00,0.00,0.00,"ELEVATOR DISCO","26 NOV",,,,,,,0.0000,0.0000,0.0000,0.0000,,,,,,,,,,0,0,,,Style,XS-XL,"NORA FUR DRESS",,,,,,,,,,adrian,"2026-05-22 10:43:21",,,,,,,,,,,,,1610,Style,0.0000,,,118.0000,,,,,,,,,,0.00,0.00,0.00,,,,,,,,,,,,,,,,,,,,,,,,,,IVORY,0,,,,,,0,0,,,,,,,0.00,0.00,0.00,0.00,,,"2026-05-22 10:43:21",0.0000,0.0000,,,,,,,,,,,,,,
EVD1053,PURPLE,ACTIVE,,17.9000,,35.0000,0.0000,0.0000,0.0000,0.0000,adrian,"2026-05-22 10:43:21",HOL26,0.00,6.00,0.00,0.00,"ELEVATOR DISCO","26 OCT",,,,,,,0.0000,0.0000,0.0000,0.0000,,,,,,,,,,0,0,,,Style,XS-XL,"CAROL DRESS",,,,,,,,,,design,"2026-05-26 11:36:34",,,0.0000,,,,,,,,,N,1648,Style,0.0000,N,0.00,98.0000,,,,,0.0000,0.0000,0.0000,0.0000,0.0000,0.00,0.00,0.00,,,,,N,1-2-2-1,,,,,,,,,,,"2026-06-16 00:00:00",,,,,,,,,PURPLE,0,,,,,,0,0,,,,,,,0.00,-6.00,-6.00,0.00,,,"2026-05-22 10:43:21",0.0000,0.0000,,,,,,,,,,,,,,
EVD1055,BLACK,DROP,,0.0000,,31.0000,0.0000,0.0000,0.0000,0.0000,yosup,"2026-04-09 15:40:57",FW26,0.00,0.00,0.00,0.00,"ELEVATOR DISCO","26 SEP",,,,,,,0.0000,0.0000,0.0000,0.0000,,,,,,,,,,0,0,,,Style,XS-XL,"TABITHA MINI DRESS",DRESSES,,,,,,,,,mike,"2026-05-19 17:06:10",,,0.0000,,SUITING,,,,,,,N,1069,Style,0.0000,N,0.00,88.0000,,,,,0.0000,0.0000,0.0000,0.0000,0.0000,0.00,0.00,0.00,,,,,N,1-2-2-1,,,,,,,,,,,"2026-03-27 00:00:00",,,,,,,,,BLACK,0,,,,,,0,0,,,,,,,0.00,0.00,0.00,0.00,,,"2026-04-09 15:40:57",0.0000,0.0000,,,,,,,,,,,,,,
EVD1059,PURPLE,ACTIVE,,25.2000,,46.0000,,,,,adrian,"2026-05-22 10:43:21",HOL26,0.00,0.00,0.00,0.00,"ELEVATOR DISCO","26 NOV",,,,,,,0.0000,0.0000,0.0000,0.0000,,,,,,,,,,0,0,,,Style,XS-XL,"CRYSTAL DRESS",,,,,,,,,,adrian,"2026-05-22 10:43:21",,,,,,,,,,,,,1609,Style,0.0000,,,128.0000,,,,,,,,,,0.00,0.00,0.00,,,,,,,,,,,,,,,,,,,,,,,,,,PURPLE,0,,,,,,0,0,,,,,,,0.00,0.00,0.00,0.00,,,"2026-05-22 10:43:21",0.0000,0.0000,,,,,,,,,,,,,,
EVD1060,"BLUE MULTI",ACTIVE,,16.5000,,35.0000,,,,,adrian,"2026-05-22 10:43:21",HOL26,0.00,6.00,0.00,0.00,"ELEVATOR DISCO","26 NOV",,,,,,,0.0000,0.0000,0.0000,0.0000,,,,,,,,,,0,0,,,Style,XS-XL,"NINA DRESS",,,,,,,,,,adrian,"2026-05-22 10:43:21",,,,,,,,,,,,,1604,Style,0.0000,,,98.0000,,,,,,,,,,0.00,0.00,0.00,,,,,,,,,,,,,,,,,"2026-06-09 00:00:00",,,,,,,,,"BLUE MULTI",0,,,,,,0,0,,,,,,,0.00,-6.00,-6.00,0.00,,,"2026-05-22 10:43:21",0.0000,0.0000,,,,,,,,,,,,,,
EVD1061,NATURAL,DROP,,0.0000,,46.0000,0.0000,0.0000,0.0000,0.0000,yosup,"2026-04-09 15:40:57",FW26,0.00,0.00,0.00,0.00,"ELEVATOR DISCO","26 SEP",,,,,,,0.0000,0.0000,0.0000,0.0000,,,,,,,,,,0,0,,,Style,XS-XL,"CLAIRE CAPE MINI",DRESSES,,,,,,,,,mike,"2026-05-19 16:47:52",,,0.0000,,"NOVELTY SEQUIN",,,,,,,N,1102,Style,0.0000,N,0.00,128.0000,,,,,0.0000,0.0000,0.0000,0.0000,0.0000,0.00,0.00,0.00,,,,,N,1-2-2-1,,,,,,,,,,,"2026-04-22 00:00:00",,,,,,,,,NATURAL,0,,,,,,0,0,,,,,,,0.00,0.00,0.00,0.00,,,"2026-04-09 15:40:57",0.0000,0.0000,,,,,,,,,,,,,,
EVD1062,RED,ACTIVE,,18.6000,,40.0000,0.0000,0.0000,0.0000,0.0000,adrian,"2026-05-22 10:43:21",HOL26,0.00,0.00,0.00,0.00,"ELEVATOR DISCO","26 OCT",,,,,,,0.0000,0.0000,0.0000,0.0000,,,,,,,,,,0,0,,,Style,XS-XL,"AMOUR DRESS",,,,,,,,,,design,"2026-05-26 11:26:47",,,0.0000,,,,,,,,,N,1645,Style,0.0000,N,0.00,112.0000,,,,,0.0000,0.0000,0.0000,0.0000,0.0000,0.00,0.00,0.00,,,,,N,1-2-2-1,,,,,,,,,,,,,,,,,,,,RED,0,,,,,,0,0,,,,,,,0.00,0.00,0.00,0.00,,,"2026-05-22 10:43:21",0.0000,0.0000,,,,,,,,,,,,,,
EVD1064,PINK,DROP,,0.0000,,35.0000,0.0000,0.0000,0.0000,0.0000,yosup,"2026-04-09 15:40:57",FW26,0.00,0.00,0.00,0.00,"ELEVATOR DISCO","26 SEP",,,,,,,0.0000,0.0000,0.0000,0.0000,,,,,,,,,,0,0,,,Style,XS-XL,"CAMILLA PINK MIDI DRESS",DRESSES,,,,,,,,,adrian,"2026-05-21 15:47:16",,,0.0000,,CREPE,,,,,,,N,1106,Style,0.0000,N,0.00,98.0000,,,,,0.0000,0.0000,0.0000,0.0000,0.0000,0.00,0.00,0.00,,,,,N,1-2-2-1,,,,,,,,,,,"2026-03-13 00:00:00",,,,,,,,,PINK,0,,,,,,0,0,,,,,,,0.00,0.00,0.00,0.00,,,"2026-04-09 15:40:57",0.0000,0.0000,,,,,,,,,,,,,,
EVD1071,BLACK,DROP,,0.0000,,31.0000,0.0000,0.0000,0.0000,0.0000,yosup,"2026-04-09 15:40:57",FW26,0.00,0.00,0.00,0.00,"ELEVATOR DISCO","26 SEP",,,,,,,0.0000,0.0000,0.0000,0.0000,,,,,,,,,,0,0,,,Style,XS-XL,"VERY VELVET MINI DRESS",DRESSES,,,,,,,,,adrian,"2026-05-21 16:08:47",,,0.0000,,"PRINTED VELVET",,,,,,,N,1067,Style,0.0000,N,0.00,88.0000,,,,,0.0000,0.0000,0.0000,0.0000,0.0000,0.00,0.00,0.00,,,,,N,1-2-2-1,,,,,,,,,,,"2026-02-26 00:00:00",,,,,,,,,BLACK,0,,,,,,0,0,,,,,,,0.00,0.00,0.00,0.00,,,"2026-04-09 15:40:57",0.0000,0.0000,,,,,,,,,,,,,,
EVD1072,"DARK BROWN",ACTIVE,,0.0000,,35.0000,0.0000,0.0000,0.0000,0.0000,yosup,"2026-04-09 15:40:57",FW26,0.00,6.00,0.00,42.00,"ELEVATOR DISCO","26 SEP",,,,,,,0.0000,0.0000,0.0000,0.0000,,,,,,,,,,0,0,,,Style,XS-XL,"CAMILLA POLKA MIDI DRESS",DRESSES,,,,,,,,,adrian,"2026-05-27 10:39:31",,,0.0000,,"PRINTED SATIN",,,,,,,N,1088,Style,0.0000,N,0.00,98.0000,,,,,0.0000,0.0000,0.0000,0.0000,0.0000,0.00,0.00,0.00,,,,,N,1-2-2-1,,,,,,,,,,,"2026-02-25 00:00:00","2026-04-27 00:00:00",,,,,,,,"DARK BROWN",0,,,,,,0,0,,,,,,,0.00,-6.00,36.00,0.00,,,"2026-04-09 15:40:57",0.0000,0.0000,,,,,,,,,,,,,,
EVD1072PL,"DARK BROWN",ACTIVE,,0.0000,,37.5000,0.0000,0.0000,0.0000,0.0000,adrian,"2026-04-20 14:03:16",FW26,0.00,60.00,0.00,60.00,"ELEVATOR DISCO","26 SEP",,,,,,,0.0000,0.0000,0.0000,0.0000,,,,,,,,,,0,0,,,Style,PL,"CAMILLA POLKA MIDI DRESS",DRESSES,,,,,,,,,adrian,"2026-05-08 09:41:09",Import,,0.0000,,,,,,,,,N,1223,Style,0.0000,N,0.00,0.0000,,,,,0.0000,0.0000,0.0000,0.0000,0.0000,0.00,0.00,0.00,,,,,N,,,,,,PO,,,,,,"2026-03-18 00:00:00","2026-04-27 00:00:00",,,,,,,,"DARK BROWN",0,,,,"2026-04-20 14:02:08",,0,0,,,,,,,0.00,-60.00,0.00,0.00,,,"2026-04-20 14:03:16",0.0000,0.0000,,,,,,,,,,,,,,
EVD1072PT,"DARK BROWN",ACTIVE,,0.0000,,35.0000,0.0000,0.0000,0.0000,0.0000,adrian,"2026-04-20 14:11:57",FW26,0.00,52.00,0.00,52.00,"ELEVATOR DISCO","26 SEP",,,,,,,0.0000,0.0000,0.0000,0.0000,,,,,,,,,,0,0,,,Style,PT,"CAMILLA POLKA MIDI DRESS",DRESSES,,,,,,,,,adrian,"2026-05-08 09:41:37",Import,,0.0000,,,,,,,,,N,1224,Style,0.0000,N,0.00,0.0000,,,,,0.0000,0.0000,0.0000,0.0000,0.0000,0.00,0.00,0.00,,,,,N,,,,,,PO,,,,,,"2026-03-18 00:00:00","2026-04-27 00:00:00",,,,,,,,"DARK BROWN",0,,,,"2026-04-20 14:11:15",,0,0,,,,,,,0.00,-52.00,0.00,0.00,,,"2026-04-20 14:11:57",0.0000,0.0000,,,,,,,,,,,,"2026-09-04 00:00:00","2026-09-04 00:00:00",
EVD1073,BLACK,DROP,,0.0000,,41.0000,0.0000,0.0000,0.0000,0.0000,yosup,"2026-04-09 15:40:57",FW26,0.00,0.00,0.00,0.00,"ELEVATOR DISCO","26 SEP",,,,,,,0.0000,0.0000,0.0000,0.0000,,,,,,,,,,0,0,,,Style,XS-XL,"MISS ME VELVET DRESS",DRESSES,,,,,,,,,adrian,"2026-05-21 15:29:05",,,0.0000,,"PRINTED VELVET",,,,,,,N,1068,Style,0.0000,N,0.00,114.0000,,,,,0.0000,0.0000,0.0000,0.0000,0.0000,0.00,0.00,0.00,,,,,N,1-2-2-1,,,,,,,,,,,,,,,,,,,,BLACK,0,,,,,,0,0,,,,,,,0.00,0.00,0.00,0.00,,,"2026-04-09 15:40:57",0.0000,0.0000,,,,,,,,,,,,,,
EVD1076,PINK,DROP,,28.5000,,46.0000,0.0000,0.0000,0.0000,0.0000,yosup,"2026-04-09 15:40:57",FW26,0.00,0.00,0.00,0.00,"ELEVATOR DISCO","26 JUL",,,,,,,0.0000,0.0000,0.0000,0.0000,,,,,,,,,,0,0,,,Style,XS-XL,"ROSEMARY MINI DRESS",DRESSES,,,,,,,,,adrian,"2026-05-22 09:33:18",,,0.0000,,"POLY WOVEN",,,,,,,N,1009,Style,0.0000,N,0.00,128.0000,,,,,0.0000,0.0000,0.0000,0.0000,0.0000,0.00,0.00,0.00,,,,,N,1-2-2-1,,,,,,,,,,,"2026-04-13 00:00:00","2026-04-24 00:00:00",,,,,,,,PINK,0,,,,,,0,0,,,,,,,0.00,0.00,0.00,0.00,,,"2026-04-09 15:40:57",0.0000,0.0000,,,,,,,,,,,,,,
EVD1077,"LIGHT BROWN",DROP,,0.0000,,32.0000,0.0000,0.0000,0.0000,0.0000,yosup,"2026-04-09 15:40:57",FW26,0.00,0.00,0.00,0.00,"ELEVATOR DISCO","26 AUG",,,,,,,0.0000,0.0000,0.0000,0.0000,,,,,,,,,,0,0,,,Style,XS-XL,"CLEO MINI DRESS",DRESSES,,,,,,,,,adrian,"2026-05-21 15:25:06",,,0.0000,,"PRINTED CHIFFON",,,,,,,N,1050,Style,0.0000,N,0.00,88.0000,,,,,0.0000,0.0000,0.0000,0.0000,0.0000,0.00,0.00,0.00,,,,,N,1-2-2-1,,,,,,,,,,,,,,,,,,,,"LIGHT BROWN",0,,,,,,0,0,,,,,,,0.00,0.00,0.00,0.00,,,"2026-04-09 15:40:57",0.0000,0.0000,,,,,,,,,,,,,,
EVD1078,"LIGHT BROWN",ACTIVE,,19.4000,,41.0000,0.0000,0.0000,0.0000,0.0000,yosup,"2026-04-09 15:40:57",FW26,0.00,214.00,0.00,250.00,"ELEVATOR DISCO","26 AUG",,,,,,,0.0000,0.0000,0.0000,0.0000,,,,,,,,,,0,0,,,Style,XS-XL,"LIVE MAXI LEO DRESS",DRESSES,,,,,,,,,Marie,"2026-06-11 11:03:27",,,0.0000,,"PRINTED CHIFFON",,,,,,,N,1049,Style,0.0000,N,0.00,114.0000,,,,,0.0000,0.0000,0.0000,0.0000,0.0000,0.00,0.00,0.00,,,,,N,1-2-2-1,,,,,,,,,,,"2026-04-22 13:54:25","2026-05-14 00:00:00",,,,,,,,"LIGHT BROWN",0,,,,,"2026-07-16 00:00:00",0,0,,,,"2026-07-16 00:00:00",,,0.00,-214.00,36.00,0.00,,,"2026-04-09 15:40:57",0.0000,0.0000,,,,,,,,,,,,"2026-06-18 00:00:00","2026-06-18 00:00:00",
EVD1081,BLACK,ACTIVE,,14.9500,,39.0000,,,,,adrian,"2026-05-22 10:43:21",HOL26,0.00,18.00,0.00,0.00,"ELEVATOR DISCO","26 OCT",,,,,,,0.0000,0.0000,0.0000,0.0000,,,,,,,,,,0,0,,,Style,XS-XL,"BROOKLYN DRESS",,,,,,,,,,adrian,"2026-05-22 10:43:21",,,,,,,,,,,,,1658,Style,0.0000,,,112.0000,,,,,,,,,,0.00,0.00,0.00,,,,,,,,,,,,,,,,,"2026-06-16 00:00:00",,,,,,,,,BLACK,0,,,,,,0,0,,,,,,,0.00,-18.00,-18.00,0.00,,,"2026-05-22 10:43:21",0.0000,0.0000,,,,,,,,,,,,,,
EVD1081,RED,ACTIVE,,14.9500,,39.0000,,,,,adrian,"2026-05-22 10:43:21",HOL26,0.00,0.00,0.00,0.00,"ELEVATOR DISCO","26 OCT",,,,,,,0.0000,0.0000,0.0000,0.0000,,,,,,,,,,0,0,,,Style,XS-XL,"BROOKLYN DRESS",,,,,,,,,,adrian,"2026-05-22 10:43:21",,,,,,,,,,,,,1657,Style,0.0000,,,112.0000,,,,,,,,,,0.00,0.00,0.00,,,,,,,,,,,,,,,,,,,,,,,,,,RED,0,,,,,,0,0,,,,,,,0.00,0.00,0.00,0.00,,,"2026-05-22 10:43:21",0.0000,0.0000,,,,,,,,,,,,,,
EVD1082,WHITE,ACTIVE,,16.2000,,0.0000,0.0000,0.0000,0.0000,0.0000,design,"2026-06-22 13:41:34",,0.00,0.00,0.00,0.00,"ELEVATOR DISCO",,,,,,,,0.0000,0.0000,0.0000,0.0000,,,,,,,,,,0,0,,,Style,XS-L,,DRESSES,,,,,,,,,design,"2026-06-22 13:41:43",Import,,0.0000,,,,,,,,,N,1707,Style,0.0000,N,0.00,0.0000,,,,,0.0000,0.0000,0.0000,0.0000,0.0000,0.00,0.00,0.00,,,,,N,,,,,,PO,,,,,,,,,,,,,,,WHITE,0,,,,"2026-06-22 13:41:22",,0,0,,,,,,,0.00,0.00,0.00,0.00,,,"2026-06-22 13:41:34",0.0000,0.0000,,,,,,,,,,,,,,
EVD1091,BLACK,DROP,,0.0000,,35.0000,0.0000,0.0000,0.0000,0.0000,yosup,"2026-04-09 15:40:57",FW26,0.00,0.00,0.00,0.00,"ELEVATOR DISCO","26 SEP",,,,,,,0.0000,0.0000,0.0000,0.0000,,,,,,,,,,0,0,,,Style,XS-XL,"ANGIE STRIPED POLO DRESS",DRESSES,,,,,,,,,adrian,"2026-05-21 17:11:26",,,0.0000,,"BRUSHED RIBBED JERSE",,,,,,,N,1064,Style,0.0000,N,0.00,98.0000,,,,,0.0000,0.0000,0.0000,0.0000,0.0000,0.00,0.00,0.00,,,,,N,1-2-2-1,,,,,,,,,,,"2026-04-01 00:00:00",,,,,,,,,BLACK,0,,,,,,0,0,,,,,,,0.00,0.00,0.00,0.00,,,"2026-04-09 15:40:57",0.0000,0.0000,,,,,,,,,,,,,,
EVD1092,WHITE,ACTIVE,,16.8000,,0.0000,0.0000,0.0000,0.0000,0.0000,design,"2026-06-22 13:42:16",,0.00,0.00,0.00,0.00,"ELEVATOR DISCO",,,,,,,,0.0000,0.0000,0.0000,0.0000,,,,,,,,,,0,0,,,Style,XS-L,,DRESSES,,,,,,,,,design,"2026-06-22 13:42:27",Import,,0.0000,,,,,,,,,N,1708,Style,0.0000,N,0.00,0.0000,,,,,0.0000,0.0000,0.0000,0.0000,0.0000,0.00,0.00,0.00,,,,,N,,,,,,PO,,,,,,,,,,,,,,,WHITE,0,,,,"2026-06-22 13:41:52",,0,0,,,,,,,0.00,0.00,0.00,0.00,,,"2026-06-22 13:42:16",0.0000,0.0000,,,,,,,,,,,,,,
EVD1092A,BLUE,ACTIVE,,23.2000,,0.0000,0.0000,0.0000,0.0000,0.0000,design,"2026-06-22 13:43:01",,0.00,0.00,0.00,0.00,"ELEVATOR DISCO",,,,,,,,0.0000,0.0000,0.0000,0.0000,,,,,,,,,,0,0,,,Style,XS-L,,DRESSES,,,,,,,,,design,"2026-06-22 13:43:08",Import,,0.0000,,,,,,,,,N,1709,Style,0.0000,N,0.00,0.0000,,,,,0.0000,0.0000,0.0000,0.0000,0.0000,0.00,0.00,0.00,,,,,N,,,,,,PO,,,,,,,,,,,,,,,BLUE,0,,,,"2026-06-22 13:42:42",,0,0,,,,,,,0.00,0.00,0.00,0.00,,,"2026-06-22 13:43:01",0.0000,0.0000,,,,,,,,,,,,,,
EVD1100,"DARK BROWN",DROP,,0.0000,,29.0000,0.0000,0.0000,0.0000,0.0000,yosup,"2026-04-09 15:40:57",FW26,0.00,0.00,0.00,0.00,"ELEVATOR DISCO","26 SEP",,,,,,,0.0000,0.0000,0.0000,0.0000,,,,,,,,,,0,0,,,Style,XS-XL,"FRANCESCA MAXI DRESS",DRESSES,,,,,,,,,adrian,"2026-05-21 15:29:17",,,0.0000,,"PRINTED VELVET",,,,,,,N,1089,Style,0.0000,N,0.00,88.0000,,,,,0.0000,0.0000,0.0000,0.0000,0.0000,0.00,0.00,0.00,,,,,N,1-2-2-1,,,,,,,,,,,,,,,,,,,,"DARK BROWN",0,,,,,,0,0,,,,,,,0.00,0.00,0.00,0.00,,,"2026-04-09 15:40:57",0.0000,0.0000,,,,,,,,,,,,,,
EVD1106,SLATE,ACTIVE,,28.5100,,49.0000,,,,,adrian,"2026-05-22 10:43:21",HOL26,0.00,0.00,0.00,0.00,"ELEVATOR DISCO","26 NOV",,,,,,,0.0000,0.0000,0.0000,0.0000,,,,,,,,,,0,0,,,Style,XS-XL,ROSEMARY,,,,,,,,,,adrian,"2026-05-22 10:43:21",,,,,,,,,,,,,1608,Style,0.0000,,,138.0000,,,,,,,,,,0.00,0.00,0.00,,,,,,,,,,,,,,,,,,,,,,,,,,SLATE,0,,,,,,0,0,,,,,,,0.00,0.00,0.00,0.00,,,"2026-05-22 10:43:21",0.0000,0.0000,,,,,,,,,,,,,,
EVD1107,BERRY,ACTIVE,,26.2000,,49.0000,,,,,adrian,"2026-05-22 10:43:21",HOL26,0.00,6.00,0.00,0.00,"ELEVATOR DISCO","26 OCT",,,,,,,0.0000,0.0000,0.0000,0.0000,,,,,,,,,,0,0,,,Style,XS-XL,"DILLA DRESS",,,,,,,,,,adrian,"2026-05-22 10:43:21",,,,,,,,,,,,,1659,Style,0.0000,,,138.0000,,,,,,,,,,0.00,0.00,0.00,,,,,,,,,,,,,,,,,"2026-06-16 00:00:00",,,,,,,,,BERRY,0,,,,,,0,0,,,,,,,0.00,-6.00,-6.00,0.00,,,"2026-05-22 10:43:21",0.0000,0.0000,,,,,,,,,,,,,,
EVD1109,BLUSH,ACTIVE,,17.5000,,41.0000,,,,,adrian,"2026-05-22 10:43:21",HOL26,0.00,0.00,0.00,0.00,"ELEVATOR DISCO","26 DEC",,,,,,,0.0000,0.0000,0.0000,0.0000,,,,,,,,,,0,0,,,Style,XS-XL,"EVELIA DRESS",,,,,,,,,,adrian,"2026-05-22 10:43:21",,,,,,,,,,,,,1562,Style,0.0000,,,118.0000,,,,,,,,,,0.00,0.00,0.00,,,,,,,,,,,,,,,,,,,,,,,,,,BLUSH,0,,,,,,0,0,,,,,,,0.00,0.00,0.00,0.00,,,"2026-05-22 10:43:21",0.0000,0.0000,,,,,,,,,,,,,,
EVD1110,CHAMPAGNE,ACTIVE,,22.5000,,42.0000,,,,,adrian,"2026-05-22 10:43:21",HOL26,0.00,30.00,0.00,0.00,"ELEVATOR DISCO","26 OCT",,,,,,,0.0000,0.0000,0.0000,0.0000,,,,,,,,,,0,0,,,Style,XS-XL,"ANASTASIA DRESS",,,,,,,,,,adrian,"2026-05-22 10:43:21",,,,,,,,,,,,,1649,Style,0.0000,,,118.0000,,,,,,,,,,0.00,0.00,0.00,,,,,,,,,,,,,,,,,"2026-06-10 00:00:00",,,,,,,,,,0,,,,,,0,0,,,,,,,0.00,-30.00,-30.00,0.00,,,"2026-05-22 10:43:21",0.0000,0.0000,,,,,,,,,,,,,,
EVD1110,MINT,ACTIVE,,,,,,,,,design,"2026-06-22 13:38:57",,0.00,0.00,0.00,0.00,"ELEVATOR DISCO",,,,,,,,0.0000,0.0000,0.0000,0.0000,,,,,,,,,,0,0,,,Style,XS-L,,DRESSES,,,,,,,,,design,"2026-06-22 13:38:56",Import,,,,,,,,,,,N,1704,Style,0.0000,N,,0.0000,,,,,,,,,,0.00,0.00,0.00,,,,,N,,,,,,PO,,,,,,,,,,,,,,,MINT,0,,,,"2026-06-22 13:38:43",,0,0,,,,,,,0.00,0.00,0.00,0.00,,,"2026-06-22 13:38:57",0.0000,0.0000,,,,,,,,,,,,,,
EVD1110,"RED BLACK",ACTIVE,,22.5000,,42.0000,,,,,adrian,"2026-05-22 10:43:21",HOL26,0.00,0.00,0.00,0.00,"ELEVATOR DISCO","26 OCT",,,,,,,0.0000,0.0000,0.0000,0.0000,,,,,,,,,,0,0,,,Style,XS-XL,"ANASTASIA DRESS",,,,,,,,,,adrian,"2026-05-22 10:43:21",,,,,,,,,,,,,1660,Style,0.0000,,,118.0000,,,,,,,,,,0.00,0.00,0.00,,,,,,,,,,,,,,,,,,,,,,,,,,"RED BLACK",0,,,,,,0,0,,,,,,,0.00,0.00,0.00,0.00,,,"2026-05-22 10:43:21",0.0000,0.0000,,,,,,,,,,,,,,
EVD1115,FLORAL,ACTIVE,,16.5000,,35.0000,,,,,adrian,"2026-05-22 10:43:21",HOL26,0.00,0.00,0.00,0.00,"ELEVATOR DISCO","26 DEC",,,,,,,0.0000,0.0000,0.0000,0.0000,,,,,,,,,,0,0,,,Style,XS-XL,"ANYA DRESS",,,,,,,,,,adrian,"2026-05-22 10:43:21",,,,,,,,,,,,,1563,Style,0.0000,,,98.0000,,,,,,,,,,0.00,0.00,0.00,,,,,,,,,,,,,,,,,,,,,,,,,,FLORAL,0,,,,,,0,0,,,,,,,0.00,0.00,0.00,0.00,,,"2026-05-22 10:43:21",0.0000,0.0000,,,,,,,,,,,,,,
EVD1118,RED,ACTIVE,,14.5000,,36.0000,0.0000,0.0000,0.0000,0.0000,adrian,"2026-05-22 10:43:21",HOL26,0.00,0.00,0.00,0.00,"ELEVATOR DISCO","26 OCT",,,,,,,0.0000,0.0000,0.0000,0.0000,,,,,,,,,,0,0,,,Style,XS-XL,"JULIETTE DRESS",,,,,,,,,,design,"2026-05-26 11:26:02",,,0.0000,,,,,,,,,N,1644,Style,0.0000,N,0.00,98.0000,,,,,0.0000,0.0000,0.0000,0.0000,0.0000,0.00,0.00,0.00,,,,,N,1-2-2-1,,,,,,,,,,,,,,,,,,,,RED,0,,,,,,0,0,,,,,,,0.00,0.00,0.00,0.00,,,"2026-05-22 10:43:21",0.0000,0.0000,,,,,,,,,,,,,,
EVD1119,BLUSH,ACTIVE,,20.2000,,46.0000,,,,,adrian,"2026-05-22 10:43:21",HOL26,0.00,12.00,0.00,0.00,"ELEVATOR DISCO","26 DEC",,,,,,,0.0000,0.0000,0.0000,0.0000,,,,,,,,,,0,0,,,Style,XS-XL,"ELARA DRESS",,,,,,,,,,adrian,"2026-05-22 10:43:21",,,,,,,,,,,,,1561,Style,0.0000,,,128.0000,,,,,,,,,,0.00,0.00,0.00,,,,,,,,,,,,,,,,,"2026-06-10 00:00:00",,,,,,,,,BLUSH,0,,,,,,0,0,,,,,,,0.00,-12.00,-12.00,0.00,,,"2026-05-22 10:43:21",0.0000,0.0000,,,,,,,,,,,,,,
EVD1122,BLUSH,ACTIVE,,15.2500,,40.0000,,,,,adrian,"2026-05-22 10:43:21",HOL26,0.00,12.00,0.00,0.00,"ELEVATOR DISCO","26 DEC",,,,,,,0.0000,0.0000,0.0000,0.0000,,,,,,,,,,0,0,,,Style,XS-XL,"CORALIE DRESS",,,,,,,,,,adrian,"2026-05-22 10:43:21",,,,,,,,,,,,,1560,Style,0.0000,,,112.0000,,,,,,,,,,0.00,0.00,0.00,,,,,,,,,,,,,,,,,"2026-06-16 00:00:00",,,,,,,,,BLUSH,0,,,,,,0,0,,,,,,,0.00,-12.00,-12.00,0.00,,,"2026-05-22 10:43:21",0.0000,0.0000,,,,,,,,,,,,,,
EVD1129,"PINK MULTI",ACTIVE,,22.7000,,42.0000,,,,,adrian,"2026-05-22 10:43:21",HOL26,0.00,0.00,0.00,0.00,"ELEVATOR DISCO","26 DEC",,,,,,,0.0000,0.0000,0.0000,0.0000,,,,,,,,,,0,0,,,Style,XS-XL,"VIENNE MINI DRESS",,,,,,,,,,adrian,"2026-05-22 10:43:21",,,,,,,,,,,,,1558,Style,0.0000,,,118.0000,,,,,,,,,,0.00,0.00,0.00,,,,,,,,,,,,,,,,,"2026-06-10 00:00:00",,,,,,,,,"PINK MULTI",0,,,,,,0,0,,,,,,,0.00,0.00,0.00,0.00,,,"2026-05-22 10:43:21",0.0000,0.0000,,,,,,,,,,,,,,
EVD1133,BLACK,ACTIVE,,22.3000,,46.0000,0.0000,0.0000,0.0000,0.0000,adrian,"2026-05-22 10:43:21",HOL26,0.00,60.00,0.00,6.00,"ELEVATOR DISCO","26 OCT",,,,,,,0.0000,0.0000,0.0000,0.0000,,,,,,,,,,0,0,,,Style,XS-XL,"MILLIE DRESS",,,,,,,,,,design,"2026-05-26 11:31:23",,,0.0000,,,,,,,,,N,1646,Style,0.0000,N,0.00,128.0000,,,,,0.0000,0.0000,0.0000,0.0000,0.0000,0.00,0.00,0.00,,,,,N,1-2-2-1,,,,,,,,,,,"2026-06-24 00:00:00","2026-06-10 00:00:00",,,,,,,,BLACK,0,,,,,"2026-09-22 00:00:00",0,0,,,,"2026-09-22 00:00:00",,,0.00,-60.00,-54.00,0.00,,,"2026-05-22 10:43:21",0.0000,0.0000,,,,,,,,,,,,"2026-09-11 00:00:00","2026-09-11 00:00:00",
EVD1133,BROWN,ACTIVE,,22.3000,,46.0000,,,,,adrian,"2026-05-22 10:43:21",HOL26,0.00,0.00,0.00,0.00,"ELEVATOR DISCO","26 DEC",,,,,,,0.0000,0.0000,0.0000,0.0000,,,,,,,,,,0,0,,,Style,XS-XL,"MILLIE DRESS",,,,,,,,,,adrian,"2026-05-22 10:43:21",,,,,,,,,,,,,1593,Style,0.0000,,,128.0000,,,,,,,,,,0.00,0.00,0.00,,,,,,,,,,,,,,,,,,,,,,,,,,BROWN,0,,,,,,0,0,,,,,,,0.00,0.00,0.00,0.00,,,"2026-05-22 10:43:21",0.0000,0.0000,,,,,,,,,,,,,,
EVD1134,BLUE,ACTIVE,,18.9000,,35.0000,,,,,adrian,"2026-05-22 10:43:21",HOL26,0.00,6.00,0.00,0.00,"ELEVATOR DISCO","26 NOV",,,,,,,0.0000,0.0000,0.0000,0.0000,,,,,,,,,,0,0,,,Style,XS-XL,"EIRA DRESS",,,,,,,,,,adrian,"2026-05-22 10:43:21",,,,,,,,,,,,,1623,Style,0.0000,,,98.0000,,,,,,,,,,0.00,0.00,0.00,,,,,,,,,,,,,,,,,"2026-05-26 00:00:00",,,,,,,,,BLUE,0,,,,,,0,0,,,,,,,0.00,-6.00,-6.00,0.00,,,"2026-05-22 10:43:21",0.0000,0.0000,,,,,,,,,,,,,,
EVD1135,WHITE,ACTIVE,,14.5000,,34.0000,,,,,adrian,"2026-05-22 10:43:21",HOL26,0.00,0.00,0.00,0.00,"ELEVATOR DISCO","26 DEC",,,,,,,0.0000,0.0000,0.0000,0.0000,,,,,,,,,,0,0,,,Style,XS-XL,"CHARLIE DRESS",,,,,,,,,,adrian,"2026-05-22 10:43:21",,,,,,,,,,,,,1569,Style,0.0000,,,98.0000,,,,,,,,,,0.00,0.00,0.00,,,,,,,,,,,,,,,,,,,,,,,,,,WHITE,0,,,,,,0,0,,,,,,,0.00,0.00,0.00,0.00,,,"2026-05-22 10:43:21",0.0000,0.0000,,,,,,,,,,,,,,
EVD1136,WHITE,ACTIVE,,,,42.0000,,,,,adrian,"2026-05-22 10:43:21",HOL26,0.00,0.00,0.00,0.00,"ELEVATOR DISCO","26 DEC",,,,,,,0.0000,0.0000,0.0000,0.0000,,,,,,,,,,0,0,,,Style,XS-XL,"MILLER DRESS",,,,,,,,,,adrian,"2026-05-22 10:43:21",,,,,,,,,,,,,1566,Style,0.0000,,,118.0000,,,,,,,,,,0.00,0.00,0.00,,,,,,,,,,,,,,,,,,,,,,,,,,WHITE,0,,,,,,0,0,,,,,,,0.00,0.00,0.00,0.00,,,"2026-05-22 10:43:21",0.0000,0.0000,,,,,,,,,,,,,,
EVD1137,"WINE MULTI",ACTIVE,,23.7000,,43.0000,,,,,adrian,"2026-05-22 10:43:21",HOL26,0.00,6.00,0.00,0.00,"ELEVATOR DISCO","26 OCT",,,,,,,0.0000,0.0000,0.0000,0.0000,,,,,,,,,,0,0,,,Style,XS-XL,"AUDREY DRESS",,,,,,,,,,adrian,"2026-05-22 10:43:21",,,,,,,,,,,,,1655,Style,0.0000,,,118.0000,,,,,,,,,,0.00,0.00,0.00,,,,,,,,,,,,,,,,,"2026-05-27 00:00:00",,,,,,,,,"WINE MULTI",0,,,,,,0,0,,,,,,,0.00,-6.00,-6.00,0.00,,,"2026-05-22 10:43:21",0.0000,0.0000,,,,,,,,,,,,,,
EVD1138,SLATE,ACTIVE,,23.0000,,42.0000,,,,,adrian,"2026-05-22 10:43:21",HOL26,0.00,0.00,0.00,0.00,"ELEVATOR DISCO","26 NOV",,,,,,,0.0000,0.0000,0.0000,0.0000,,,,,,,,,,0,0,,,Style,XS-XL,"ROSIE DRESS",,,,,,,,,,adrian,"2026-05-22 10:43:21",,,,,,,,,,,,,1612,Style,0.0000,,,118.0000,,,,,,,,,,0.00,0.00,0.00,,,,,,,,,,,,,,,,,,,,,,,,,,SLATE,0,,,,,,0,0,,,,,,,0.00,0.00,0.00,0.00,,,"2026-05-22 10:43:21",0.0000,0.0000,,,,,,,,,,,,,,
EVD1139,SLATE,ACTIVE,,31.6000,,46.0000,,,,,adrian,"2026-05-22 10:43:21",HOL26,0.00,0.00,0.00,0.00,"ELEVATOR DISCO","26 NOV",,,,,,,0.0000,0.0000,0.0000,0.0000,,,,,,,,,,0,0,,,Style,XS-XL,"ROSALINE DRESS",,,,,,,,,,adrian,"2026-05-22 10:43:21",,,,,,,,,,,,,1611,Style,0.0000,,,128.0000,,,,,,,,,,0.00,0.00,0.00,,,,,,,,,,,,,,,,,,,,,,,,,,SLATE,0,,,,,,0,0,,,,,,,0.00,0.00,0.00,0.00,,,"2026-05-22 10:43:21",0.0000,0.0000,,,,,,,,,,,,,,
EVD1143,PLUM,ACTIVE,,15.0000,,35.0000,,,,,adrian,"2026-05-22 10:43:21",HOL26,0.00,0.00,0.00,0.00,"ELEVATOR DISCO","26 OCT",,,,,,,0.0000,0.0000,0.0000,0.0000,,,,,,,,,,0,0,,,Style,XS-XL,"CAMILLA DRESS",,,,,,,,,,adrian,"2026-05-22 10:43:21",,,,,,,,,,,,,1654,Style,0.0000,,,98.0000,,,,,,,,,,0.00,0.00,0.00,,,,,,,,,,,,,,,,,,,,,,,,,,PLUM,0,,,,,,0,0,,,,,,,0.00,0.00,0.00,0.00,,,"2026-05-22 10:43:21",0.0000,0.0000,,,,,,,,,,,,,,
EVD1146,PINK,ACTIVE,,18.0000,,35.0000,,,,,adrian,"2026-05-22 10:43:21",HOL26,0.00,0.00,0.00,0.00,"ELEVATOR DISCO","26 DEC",,,,,,,0.0000,0.0000,0.0000,0.0000,,,,,,,,,,0,0,,,Style,XS-XL,"LALA DRESS",,,,,,,,,,adrian,"2026-05-22 10:43:21",,,,,,,,,,,,,1576,Style,0.0000,,,98.0000,,,,,,,,,,0.00,0.00,0.00,,,,,,,,,,,,,,,,,,,,,,,,,,PINK,0,,,,,,0,0,,,,,,,0.00,0.00,0.00,0.00,,,"2026-05-22 10:43:21",0.0000,0.0000,,,,,,,,,,,,,,
EVD1147,PINK,ACTIVE,,24.0000,,42.0000,,,,,adrian,"2026-05-22 10:43:21",HOL26,0.00,6.00,0.00,0.00,"ELEVATOR DISCO","26 DEC",,,,,,,0.0000,0.0000,0.0000,0.0000,,,,,,,,,,0,0,,,Style,XS-XL,"KYLIE DRESS",,,,,,,,,,adrian,"2026-05-22 10:43:21",,,,,,,,,,,,,1575,Style,0.0000,,,118.0000,,,,,,,,,,0.00,0.00,0.00,,,,,,,,,,,,,,,,,"2026-05-27 00:00:00",,,,,,,,,PINK,0,,,,,,0,0,,,,,,,0.00,-6.00,-6.00,0.00,,,"2026-05-22 10:43:21",0.0000,0.0000,,,,,,,,,,,,,,
EVD1148,PURPLE,ACTIVE,,15.8000,,35.0000,0.0000,0.0000,0.0000,0.0000,adrian,"2026-05-22 10:43:21",HOL26,0.00,60.00,0.00,0.00,"ELEVATOR DISCO","26 OCT",,,,,,,0.0000,0.0000,0.0000,0.0000,,,,,,,,,,0,0,,,Style,XS-XL,"VALERIE DRESS",,,,,,,,,,design,"2026-05-26 11:35:02",,,0.0000,,,,,,,,,N,1647,Style,0.0000,N,0.00,98.0000,,,,,0.0000,0.0000,0.0000,0.0000,0.0000,0.00,0.00,0.00,,,,,N,1-2-2-1,,,,,,,,,,,"2026-06-25 20:22:23",,,,,,,,,PURPLE,0,,,,,,0,0,,,,,,,0.00,-60.00,-60.00,0.00,,,"2026-05-22 10:43:21",0.0000,0.0000,,,,,,,,,,,,,,
EVD1149,BROWN,ACTIVE,,24.6000,,42.0000,,,,,adrian,"2026-05-22 10:43:21",HOL26,0.00,6.00,0.00,0.00,"ELEVATOR DISCO","26 DEC",,,,,,,0.0000,0.0000,0.0000,0.0000,,,,,,,,,,0,0,,,Style,XS-XL,PHOEBE,,,,,,,,,,adrian,"2026-05-22 10:43:21",,,,,,,,,,,,,1574,Style,0.0000,,,118.0000,,,,,,,,,,0.00,0.00,0.00,,,,,,,,,,,,,,,,,"2026-06-22 00:00:00",,,,,,,,,BROWN,0,,,,,,0,0,,,,,,,0.00,-6.00,-6.00,0.00,,,"2026-05-22 10:43:21",0.0000,0.0000,,,,,,,,,,,,,,
EVD1150,BROWN,ACTIVE,,23.4000,,35.0000,,,,,adrian,"2026-05-22 10:43:21",HOL26,0.00,12.00,0.00,0.00,"ELEVATOR DISCO","26 DEC",,,,,,,0.0000,0.0000,0.0000,0.0000,,,,,,,,,,0,0,,,Style,XS-XL,"ELSIE DRESS",,,,,,,,,,adrian,"2026-05-22 10:43:21",,,,,,,,,,,,,1573,Style,0.0000,,,98.0000,,,,,,,,,,0.00,0.00,0.00,,,,,,,,,,,,,,,,,"2026-06-16 00:00:00",,,,,,,,,BROWN,0,,,,,,0,0,,,,,,,0.00,-12.00,-12.00,0.00,,,"2026-05-22 10:43:21",0.0000,0.0000,,,,,,,,,,,,,,
EVD1151,PLUM,ACTIVE,,24.0000,,43.0000,,,,,adrian,"2026-05-22 10:43:21",HOL26,0.00,0.00,0.00,0.00,"ELEVATOR DISCO","26 OCT",,,,,,,0.0000,0.0000,0.0000,0.0000,,,,,,,,,,0,0,,,Style,XS-XL,"BETH DRESS",,,,,,,,,,adrian,"2026-05-22 10:43:21",,,,,,,,,,,,,1656,Style,0.0000,,,118.0000,,,,,,,,,,0.00,0.00,0.00,,,,,,,,,,,,,,,,,,,,,,,,,,PLUM,0,,,,,,0,0,,,,,,,0.00,0.00,0.00,0.00,,,"2026-05-22 10:43:21",0.0000,0.0000,,,,,,,,,,,,,,
EVD1152,BLUSH,ACTIVE,,17.4000,,35.0000,,,,,adrian,"2026-05-22 10:43:21",HOL26,0.00,0.00,0.00,0.00,"ELEVATOR DISCO","26 DEC",,,,,,,0.0000,0.0000,0.0000,0.0000,,,,,,,,,,0,0,,,Style,XS-XL,"MARIBEL DRESS",,,,,,,,,,adrian,"2026-05-22 10:43:21",,,,,,,,,,,,,1559,Style,0.0000,,,98.0000,,,,,,,,,,0.00,0.00,0.00,,,,,,,,,,,,,,,,,,,,,,,,,,BLUSH,0,,,,,,0,0,,,,,,,0.00,0.00,0.00,0.00,,,"2026-05-22 10:43:21",0.0000,0.0000,,,,,,,,,,,,,,
EVD1153,"BROWN BLUE",ACTIVE,,28.5000,,45.0000,,,,,adrian,"2026-05-22 10:43:21",HOL26,0.00,18.00,0.00,0.00,"ELEVATOR DISCO","26 NOV",,,,,,,0.0000,0.0000,0.0000,0.0000,,,,,,,,,,0,0,,,Style,XS-XL,"AILANI DRESS",,,,,,,,,,adrian,"2026-05-22 10:43:21",,,,,,,,,,,,,1606,Style,0.0000,,,118.0000,,,,,,,,,,0.00,0.00,0.00,,,,,,,,,,,,,,,,,"2026-06-24 00:00:00",,,,,,,,,"BROWN BLUE",0,,,,,,0,0,,,,,,,0.00,-18.00,-18.00,0.00,,,"2026-05-22 10:43:21",0.0000,0.0000,,,,,,,,,,,,,,
EVD1155,"NAVY DOT",ACTIVE,,20.3000,,42.0000,,,,,adrian,"2026-05-22 10:43:21",HOL26,0.00,6.00,0.00,0.00,"ELEVATOR DISCO","26 DEC",,,,,,,0.0000,0.0000,0.0000,0.0000,,,,,,,,,,0,0,,,Style,XS-XL,"ALEXIS DRESS",,,,,,,,,,adrian,"2026-05-22 10:43:21",,,,,,,,,,,,,1581,Style,0.0000,,,118.0000,,,,,,,,,,0.00,0.00,0.00,,,,,,,,,,,,,,,,,"2026-06-16 00:00:00",,,,,,,,,"NAVY DOT",0,,,,,,0,0,,,,,,,0.00,-6.00,-6.00,0.00,,,"2026-05-22 10:43:21",0.0000,0.0000,,,,,,,,,,,,,,
EVD1156,PURPLE,ACTIVE,,27.4000,,46.0000,,,,,adrian,"2026-05-22 10:43:21",HOL26,0.00,18.00,0.00,0.00,"ELEVATOR DISCO","26 NOV",,,,,,,0.0000,0.0000,0.0000,0.0000,,,,,,,,,,0,0,,,Style,XS-XL,"NOELLE DRESS",,,,,,,,,,adrian,"2026-05-22 10:43:21",,,,,,,,,,,,,1607,Style,0.0000,,,128.0000,,,,,,,,,,0.00,0.00,0.00,,,,,,,,,,,,,,,,,"2026-06-10 00:00:00",,,,,,,,,PURPLE,0,,,,,,0,0,,,,,,,0.00,-18.00,-18.00,0.00,,,"2026-05-22 10:43:21",0.0000,0.0000,,,,,,,,,,,,,,
EVD1158,BLACK,ACTIVE,,13.0000,,35.0000,,,,,adrian,"2026-05-22 10:43:21",HOL26,0.00,24.00,0.00,0.00,"ELEVATOR DISCO","26 DEC",,,,,,,0.0000,0.0000,0.0000,0.0000,,,,,,,,,,0,0,,,Style,XS-XL,"REMINGTON DRESS",,,,,,,,,,adrian,"2026-05-22 10:43:21",,,,,,,,,,,,,1585,Style,0.0000,,,98.0000,,,,,,,,,,0.00,0.00,0.00,,,,,,,,,,,,,,,,,"2026-06-16 00:00:00",,,,,,,,,BLACK,0,,,,,,0,0,,,,,,,0.00,-24.00,-24.00,0.00,,,"2026-05-22 10:43:21",0.0000,0.0000,,,,,,,,,,,,,,
EVD1160,NAVY,ACTIVE,,,,42.0000,,,,,adrian,"2026-05-22 10:43:21",HOL26,0.00,0.00,0.00,0.00,"ELEVATOR DISCO","26 DEC",,,,,,,0.0000,0.0000,0.0000,0.0000,,,,,,,,,,0,0,,,Style,XS-XL,"SUNDAY DRESS",,,,,,,,,,adrian,"2026-05-22 10:43:21",,,,,,,,,,,,,1592,Style,0.0000,,,118.0000,,,,,,,,,,0.00,0.00,0.00,,,,,,,,,,,,,,,,,,,,,,,,,,NAVY,0,,,,,,0,0,,,,,,,0.00,0.00,0.00,0.00,,,"2026-05-22 10:43:21",0.0000,0.0000,,,,,,,,,,,,,,
EVD1162,IVORY,ACTIVE,,17.0000,,0.0000,0.0000,0.0000,0.0000,0.0000,design,"2026-06-23 08:49:16",,0.00,0.00,0.00,0.00,"ELEVATOR DISCO",,,,,,,,0.0000,0.0000,0.0000,0.0000,,,,,,,,,,0,0,,,Style,XS-L,,DRESSES,,,,,,,,,design,"2026-06-23 08:51:52",Import,,0.0000,,,,,,,,,N,1734,Style,0.0000,N,0.00,0.0000,,,,,0.0000,0.0000,0.0000,0.0000,0.0000,0.00,0.00,0.00,,,,,N,,,,,,PO,,,,,,,,,,,,,,,IVORY,0,,,,"2026-06-23 08:49:03",,0,0,,,,,,,0.00,0.00,0.00,0.00,,,"2026-06-23 08:49:16",0.0000,0.0000,,,,,,,,,,,,,,
EVD1165,BLACK,ACTIVE,,19.5000,,36.0000,,,,,adrian,"2026-05-22 10:43:21",HOL26,0.00,0.00,0.00,0.00,"ELEVATOR DISCO","26 OCT",,,,,,,0.0000,0.0000,0.0000,0.0000,,,,,,,,,,0,0,,,Style,XS-XL,"MADELYN DRESS",,,,,,,,,,adrian,"2026-05-22 10:43:21",,,,,,,,,,,,,1643,Style,0.0000,,,78.0000,,,,,,,,,,0.00,0.00,0.00,,,,,,,,,,,,,,,,,,,,,,,,,,BLACK,0,,,,,,0,0,,,,,,,0.00,0.00,0.00,0.00,,,"2026-05-22 10:43:21",0.0000,0.0000,,,,,,,,,,,,,,
EVD1166,MINT,ACTIVE,,15.7000,,0.0000,0.0000,0.0000,0.0000,0.0000,design,"2026-06-22 16:19:45",,0.00,0.00,0.00,0.00,"ELEVATOR DISCO",,,,,,,,0.0000,0.0000,0.0000,0.0000,,,,,,,,,,0,0,,,Style,XS-L,,DRESSES,,,,,,,,,design,"2026-06-22 16:19:54",Import,,0.0000,,,,,,,,,N,1724,Style,0.0000,N,0.00,0.0000,,,,,0.0000,0.0000,0.0000,0.0000,0.0000,0.00,0.00,0.00,,,,,N,,,,,,PO,,,,,,,,,,,,,,,MINT,0,,,,"2026-06-22 16:19:29",,0,0,,,,,,,0.00,0.00,0.00,0.00,,,"2026-06-22 16:19:45",0.0000,0.0000,,,,,,,,,,,,,,
EVD1166A,FLORAL,ACTIVE,,15.9000,,0.0000,0.0000,0.0000,0.0000,0.0000,design,"2026-06-22 13:52:29",,0.00,0.00,0.00,0.00,"ELEVATOR DISCO",,,,,,,,0.0000,0.0000,0.0000,0.0000,,,,,,,,,,0,0,,,Style,XS-L,,DRESSES,,,,,,,,,design,"2026-06-22 16:19:23",Import,,0.0000,,,,,,,,,N,1720,Style,0.0000,N,0.00,0.0000,,,,,0.0000,0.0000,0.0000,0.0000,0.0000,0.00,0.00,0.00,,,,,N,,,,,,PO,,,,,,,,,,,,,,,FLORAL,0,,,,"2026-06-22 13:52:21",,0,0,,,,,,,0.00,0.00,0.00,0.00,,,"2026-06-22 13:52:29",0.0000,0.0000,,,,,,,,,,,,,,
EVD1167,"DARK GREY",ACTIVE,,16.5000,,35.0000,,,,,adrian,"2026-05-22 10:43:21",HOL26,0.00,18.00,0.00,0.00,"ELEVATOR DISCO","26 NOV",,,,,,,0.0000,0.0000,0.0000,0.0000,,,,,,,,,,0,0,,,Style,XS-XL,"CLARA MINI DRESS",,,,,,,,,,adrian,"2026-05-22 10:43:21",,,,,,,,,,,,,1613,Style,0.0000,,,98.0000,,,,,,,,,,0.00,0.00,0.00,,,,,,,,,,,,,,,,,"2026-06-12 00:00:00",,,,,,,,,"DARK GREY",0,,,,,,0,0,,,,,,,0.00,-18.00,-18.00,0.00,,,"2026-05-22 10:43:21",0.0000,0.0000,,,,,,,,,,,,,,
EVD1169,PURPLE,ACTIVE,,16.3000,,0.0000,0.0000,0.0000,0.0000,0.0000,design,"2026-06-22 13:36:24",,0.00,0.00,0.00,0.00,"ELEVATOR DISCO",,,,,,,,0.0000,0.0000,0.0000,0.0000,,,,,,,,,,0,0,,,Style,XS-L,,DRESSES,,,,,,,,,design,"2026-06-22 13:38:30",Import,,0.0000,,,,,,,,,N,1702,Style,0.0000,N,0.00,0.0000,,,,,0.0000,0.0000,0.0000,0.0000,0.0000,0.00,0.00,0.00,,,,,N,,,,,,PO,,,,,,,,,,,,,,,PURPLE,0,,,,"2026-06-22 13:36:08",,0,0,,,,,,,0.00,0.00,0.00,0.00,,,"2026-06-22 13:36:24",0.0000,0.0000,,,,,,,,,,,,,,
EVD1169A,PURPLE,ACTIVE,,14.5000,,0.0000,0.0000,0.0000,0.0000,0.0000,design,"2026-06-22 13:37:39",,0.00,0.00,0.00,0.00,"ELEVATOR DISCO",,,,,,,,0.0000,0.0000,0.0000,0.0000,,,,,,,,,,0,0,,,Style,XS-L,,DRESSES,,,,,,,,,design,"2026-06-22 13:37:54",Import,,0.0000,,,,,,,,,N,1703,Style,0.0000,N,0.00,0.0000,,,,,0.0000,0.0000,0.0000,0.0000,0.0000,0.00,0.00,0.00,,,,,N,,,,,,PO,,,,,,,,,,,,,,,PURPLE,0,,,,"2026-06-22 13:37:20",,0,0,,,,,,,0.00,0.00,0.00,0.00,,,"2026-06-22 13:37:39",0.0000,0.0000,,,,,,,,,,,,,,
EVD1170,BLUSH,ACTIVE,,15.6000,,0.0000,0.0000,0.0000,0.0000,0.0000,design,"2026-06-25 11:17:25",,0.00,0.00,0.00,0.00,"ELEVATOR DISCO",,,,,,,,0.0000,0.0000,0.0000,0.0000,,,,,,,,,,0,0,,,Style,XS-L,,DRESSES,,,,,,,,,design,"2026-06-25 11:17:37",Import,,0.0000,,,,,,,,,N,1744,Style,0.0000,N,0.00,0.0000,,,,,0.0000,0.0000,0.0000,0.0000,0.0000,0.00,0.00,0.00,,,,,N,,,,,,PO,,,,,,,,,,,,,,,BLUSH,0,,,,"2026-06-25 11:17:03",,0,0,,,,,,,0.00,0.00,0.00,0.00,,,"2026-06-25 11:17:25",0.0000,0.0000,,,,,,,,,,,,,,
EVD1172,"NAVY WHITE",ACTIVE,,15.2000,,0.0000,0.0000,0.0000,0.0000,0.0000,design,"2026-06-25 11:32:13",,0.00,0.00,0.00,0.00,"ELEVATOR DISCO",,,,,,,,0.0000,0.0000,0.0000,0.0000,,,,,,,,,,0,0,,,Style,XS-L,,DRESSES,,,,,,,,,design,"2026-06-25 11:32:42",Import,,0.0000,,,,,,,,,N,1753,Style,0.0000,N,0.00,0.0000,,,,,0.0000,0.0000,0.0000,0.0000,0.0000,0.00,0.00,0.00,,,,,N,,,,,,PO,,,,,,,,,,,,,,,"NAVY WHITE",0,,,,"2026-06-25 11:30:48",,0,0,,,,,,,0.00,0.00,0.00,0.00,,,"2026-06-25 11:32:13",0.0000,0.0000,,,,,,,,,,,,,,
EVD1173,IVORY,ACTIVE,,23.8000,,0.0000,0.0000,0.0000,0.0000,0.0000,design,"2026-06-25 11:22:49",,0.00,0.00,0.00,0.00,"ELEVATOR DISCO",,,,,,,,0.0000,0.0000,0.0000,0.0000,,,,,,,,,,0,0,,,Style,XS-L,,DRESSES,,,,,,,,,design,"2026-06-25 11:23:00",Import,,0.0000,,,,,,,,,N,1748,Style,0.0000,N,0.00,0.0000,,,,,0.0000,0.0000,0.0000,0.0000,0.0000,0.00,0.00,0.00,,,,,N,,,,,,PO,,,,,,,,,,,,,,,IVORY,0,,,,"2026-06-25 11:22:34",,0,0,,,,,,,0.00,0.00,0.00,0.00,,,"2026-06-25 11:22:49",0.0000,0.0000,,,,,,,,,,,,,,
EVD1179,FLORAL,ACTIVE,,19.8000,,0.0000,0.0000,0.0000,0.0000,0.0000,design,"2026-06-22 13:49:17",,0.00,0.00,0.00,0.00,"ELEVATOR DISCO",,,,,,,,0.0000,0.0000,0.0000,0.0000,,,,,,,,,,0,0,,,Style,XS-L,,DRESSES,,,,,,,,,design,"2026-06-22 13:49:28",Import,,0.0000,,,,,,,,,N,1715,Style,0.0000,N,0.00,0.0000,,,,,0.0000,0.0000,0.0000,0.0000,0.0000,0.00,0.00,0.00,,,,,N,,,,,,PO,,,,,,,,,,,,,,,FLORAL,0,,,,"2026-06-22 13:49:04",,0,0,,,,,,,0.00,0.00,0.00,0.00,,,"2026-06-22 13:49:17",0.0000,0.0000,,,,,,,,,,,,,,
EVD1180,FLORAL,ACTIVE,,17.5000,,0.0000,0.0000,0.0000,0.0000,0.0000,design,"2026-06-22 13:50:09",,0.00,0.00,0.00,0.00,"ELEVATOR DISCO",,,,,,,,0.0000,0.0000,0.0000,0.0000,,,,,,,,,,0,0,,,Style,XS-L,,DRESSES,,,,,,,,,design,"2026-06-22 13:50:18",Import,,0.0000,,,,,,,,,N,1716,Style,0.0000,N,0.00,0.0000,,,,,0.0000,0.0000,0.0000,0.0000,0.0000,0.00,0.00,0.00,,,,,N,,,,,,PO,,,,,,,,,,,,,,,FLORAL,0,,,,"2026-06-22 13:49:38",,0,0,,,,,,,0.00,0.00,0.00,0.00,,,"2026-06-22 13:50:09",0.0000,0.0000,,,,,,,,,,,,,,
EVD1187,BLUE,ACTIVE,,16.2000,,0.0000,0.0000,0.0000,0.0000,0.0000,design,"2026-06-25 11:10:31",,0.00,0.00,0.00,0.00,"ELEVATOR DISCO",,,,,,,,0.0000,0.0000,0.0000,0.0000,,,,,,,,,,0,0,,,Style,XS-L,,DRESSES,,,,,,,,,design,"2026-06-25 11:10:42",Import,,0.0000,,,,,,,,,N,1739,Style,0.0000,N,0.00,0.0000,,,,,0.0000,0.0000,0.0000,0.0000,0.0000,0.00,0.00,0.00,,,,,N,,,,,,PO,,,,,,,,,,,,,,,BLUE,0,,,,"2026-06-25 11:10:15",,0,0,,,,,,,0.00,0.00,0.00,0.00,,,"2026-06-25 11:10:31",0.0000,0.0000,,,,,,,,,,,,,,
EVD1189,YELLOW,ACTIVE,,26.8000,,0.0000,0.0000,0.0000,0.0000,0.0000,design,"2026-06-22 16:24:36",,0.00,0.00,0.00,0.00,"ELEVATOR DISCO",,,,,,,,0.0000,0.0000,0.0000,0.0000,,,,,,,,,,0,0,,,Style,XS-L,,DRESSES,,,,,,,,,design,"2026-06-22 16:24:45",Import,,0.0000,,,,,,,,,N,1730,Style,0.0000,N,0.00,0.0000,,,,,0.0000,0.0000,0.0000,0.0000,0.0000,0.00,0.00,0.00,,,,,N,,,,,,PO,,,,,,,,,,,,,,,YELLOW,0,,,,"2026-06-22 16:24:25",,0,0,,,,,,,0.00,0.00,0.00,0.00,,,"2026-06-22 16:24:36",0.0000,0.0000,,,,,,,,,,,,,,
EVD1190,"WHITE BLACK",ACTIVE,,32.0000,,0.0000,0.0000,0.0000,0.0000,0.0000,design,"2026-06-22 16:21:42",,0.00,0.00,0.00,0.00,"ELEVATOR DISCO",,,,,,,,0.0000,0.0000,0.0000,0.0000,,,,,,,,,,0,0,,,Style,XS-L,,DRESSES,,,,,,,,,design,"2026-06-22 16:21:49",Import,,0.0000,,,,,,,,,N,1726,Style,0.0000,N,0.00,0.0000,,,,,0.0000,0.0000,0.0000,0.0000,0.0000,0.00,0.00,0.00,,,,,N,,,,,,PO,,,,,,,,,,,,,,,"WHITE BLACK",0,,,,"2026-06-22 16:21:28",,0,0,,,,,,,0.00,0.00,0.00,0.00,,,"2026-06-22 16:21:42",0.0000,0.0000,,,,,,,,,,,,,,
EVD1193,YELLOW,ACTIVE,,29.8000,,0.0000,0.0000,0.0000,0.0000,0.0000,design,"2026-06-22 16:24:03",,0.00,0.00,0.00,0.00,"ELEVATOR DISCO",,,,,,,,0.0000,0.0000,0.0000,0.0000,,,,,,,,,,0,0,,,Style,XS-L,,DRESSES,,,,,,,,,design,"2026-06-22 16:24:10",Import,,0.0000,,,,,,,,,N,1729,Style,0.0000,N,0.00,0.0000,,,,,0.0000,0.0000,0.0000,0.0000,0.0000,0.00,0.00,0.00,,,,,N,,,,,,PO,,,,,,,,,,,,,,,YELLOW,0,,,,"2026-06-22 16:23:52",,0,0,,,,,,,0.00,0.00,0.00,0.00,,,"2026-06-22 16:24:03",0.0000,0.0000,,,,,,,,,,,,,,
EVD1197,BROWN,ACTIVE,,42.9600,,0.0000,0.0000,0.0000,0.0000,0.0000,design,"2026-06-22 13:44:46",,0.00,0.00,0.00,0.00,"ELEVATOR DISCO",,,,,,,,0.0000,0.0000,0.0000,0.0000,,,,,,,,,,0,0,,,Style,XS-L,,DRESSES,,,,,,,,,design,"2026-06-22 13:44:59",Import,,0.0000,,,,,,,,,N,1712,Style,0.0000,N,0.00,0.0000,,,,,0.0000,0.0000,0.0000,0.0000,0.0000,0.00,0.00,0.00,,,,,N,,,,,,PO,,,,,,,,,,,,,,,BROWN,0,,,,"2026-06-22 13:44:28",,0,0,,,,,,,0.00,0.00,0.00,0.00,,,"2026-06-22 13:44:46",0.0000,0.0000,,,,,,,,,,,,,,
EVD1201,FLORAL,ACTIVE,,17.0000,,0.0000,0.0000,0.0000,0.0000,0.0000,design,"2026-06-22 13:53:47",,0.00,0.00,0.00,0.00,"ELEVATOR DISCO",,,,,,,,0.0000,0.0000,0.0000,0.0000,,,,,,,,,,0,0,,,Style,XS-L,,DRESSES,,,,,,,,,design,"2026-06-22 13:55:38",Import,,0.0000,,,,,,,,,N,1722,Style,0.0000,N,0.00,0.0000,,,,,0.0000,0.0000,0.0000,0.0000,0.0000,0.00,0.00,0.00,,,,,N,,,,,,PO,,,,,,,,,,,,,,,FLORAL,0,,,,"2026-06-22 13:53:24",,0,0,,,,,,,0.00,0.00,0.00,0.00,,,"2026-06-22 13:53:47",0.0000,0.0000,,,,,,,,,,,,,,
EVD3085,BROWN,ACTIVE,,21.0000,,35.0000,,,,,adrian,"2026-05-22 10:43:21",HOL26,0.00,6.00,0.00,0.00,"ELEVATOR DISCO","26 DEC",,,,,,,0.0000,0.0000,0.0000,0.0000,,,,,,,,,,0,0,,,Style,XS-XL,"ARYA ROMPER",,,,,,,,,,adrian,"2026-05-22 10:43:21",,,,,,,,,,,,,1570,Style,0.0000,,,98.0000,,,,,,,,,,0.00,0.00,0.00,,,,,,,,,,,,,,,,,"2026-05-27 00:00:00",,,,,,,,,BROWN,0,,,,,,0,0,,,,,,,0.00,-6.00,-6.00,0.00,,,"2026-05-22 10:43:21",0.0000,0.0000,,,,,,,,,,,,,,
EVO7002,BLACK,DROP,,0.0000,,39.0000,0.0000,0.0000,0.0000,0.0000,yosup,"2026-04-09 15:40:57",FW26,0.00,0.00,0.00,0.00,"ELEVATOR DISCO","26 AUG",,,,,,,0.0000,0.0000,0.0000,0.0000,,,,,,,,,,0,0,,,Style,XS-XL,"GABRIELE BLAZER",OUTERWEAR,,,,,,,,,adrian,"2026-05-21 15:49:52",,,0.0000,,SUITING,,,,,,,N,1020,Style,0.0000,N,0.00,108.0000,,,,,0.0000,0.0000,0.0000,0.0000,0.0000,0.00,0.00,0.00,,,,,N,1-2-2-1,,,,,,,,,,,"2026-02-17 00:00:00",,,,,,,,,BLACK,0,,,,,,0,0,,,,,,,0.00,0.00,0.00,0.00,,,"2026-04-09 15:40:57",0.0000,0.0000,,,,,,,,,,,,,,
EVO7003,BEIGE,ACTIVE,,0.0000,,28.0000,0.0000,0.0000,0.0000,0.0000,yosup,"2026-04-09 15:40:57",FW26,0.00,54.00,0.00,102.00,"ELEVATOR DISCO","26 JUL",,,,,,,0.0000,0.0000,0.0000,0.0000,,,,,,,,,,0,0,,,Style,XS-XL,"LEXI JACKET",OUTERWEAR,,,,,,,,,minji,"2026-04-24 13:36:44",,,0.0000,,"POLY TWILL TENCEL BL",,,,,,,N,973,Style,0.0000,N,0.00,78.0000,,,,,0.0000,0.0000,0.0000,0.0000,0.0000,0.00,0.00,0.00,,,,,N,1-2-2-1,,,,,,,,,,,"2026-04-23 00:00:00","2026-04-24 00:00:00",,,,,,,,BEIGE,0,,,,,,0,0,,,,,,,0.00,-54.00,48.00,0.00,,,"2026-04-09 15:40:57",0.0000,0.0000,,,,,,,,,,,,,,
EVO7004,RED,ACTIVE,,22.8000,,44.0000,0.0000,0.0000,0.0000,0.0000,adrian,"2026-05-22 10:43:21",HOL26,0.00,18.00,0.00,0.00,"ELEVATOR DISCO","26 OCT",,,,,,,0.0000,0.0000,0.0000,0.0000,,,,,,,,,,0,0,,,Style,XS-XL,"AMOUR JACKET",,,,,,,,,,design,"2026-05-26 11:27:40",,,0.0000,,,,,,,,,N,1664,Style,0.0000,N,0.00,118.0000,,,,,0.0000,0.0000,0.0000,0.0000,0.0000,0.00,0.00,0.00,,,,,N,1-2-2-1,,,,,,,,,,,"2026-06-16 00:00:00",,,,,,,,,RED,0,,,,,,0,0,,,,,,,0.00,-18.00,-18.00,0.00,,,"2026-05-22 10:43:21",0.0000,0.0000,,,,,,,,,,,,,,
EVO7005,NAVY,DROP,,0.0000,,43.0000,0.0000,0.0000,0.0000,0.0000,yosup,"2026-04-09 15:40:57",FW26,0.00,0.00,0.00,0.00,"ELEVATOR DISCO","26 SEP",,,,,,,0.0000,0.0000,0.0000,0.0000,,,,,,,,,,0,0,,,Style,XS-XL,"SABRINA BLAZER",OUTERWEAR,,,,,,,,,adrian,"2026-05-21 16:09:00",,,0.0000,,SUITING,,,,,,,N,1104,Style,0.0000,N,0.00,118.0000,,,,,0.0000,0.0000,0.0000,0.0000,0.0000,0.00,0.00,0.00,,,,,N,1-2-2-1,,,,,,,,,,,"2026-03-19 00:00:00",,,,,,,,,NAVY,0,,,,,,0,0,,,,,,,0.00,0.00,0.00,0.00,,,"2026-04-09 15:40:57",0.0000,0.0000,,,,,,,,,,,,,,
EVO7006,OLIVE,DROP,,0.0000,,44.0000,0.0000,0.0000,0.0000,0.0000,yosup,"2026-04-09 15:40:57",FW26,0.00,0.00,0.00,102.00,"ELEVATOR DISCO","26 JUL",,,,,,,0.0000,0.0000,0.0000,0.0000,,,,,,,,,,0,0,,,Style,XS-XL,"MARIA CARGO JACKET",OUTERWEAR,,,,,,,,,adrian,"2026-05-22 09:34:42",,,0.0000,,"TENCEL SOFT TWILL",,,,,,,N,1007,Style,0.0000,N,0.00,124.0000,,,,,0.0000,0.0000,0.0000,0.0000,0.0000,0.00,0.00,0.00,,,,,N,1-2-2-1,,,,,,,,,,,"2026-03-27 00:00:00","2026-04-24 00:00:00",,,,,,,,OLIVE,0,,,,,,0,0,,,,,,,0.00,0.00,102.00,0.00,,,"2026-04-09 15:40:57",0.0000,0.0000,,,,,,,,,,,,,,
EVO7007,IVORY,ACTIVE,,27.6000,,53.0000,,,,,adrian,"2026-05-22 10:43:21",HOL26,0.00,0.00,0.00,0.00,"ELEVATOR DISCO","26 NOV",,,,,,,0.0000,0.0000,0.0000,0.0000,,,,,,,,,,0,0,,,Style,XS-XL,"ARIA FUR JACKET",,,,,,,,,,adrian,"2026-05-22 10:43:21",,,,,,,,,,,,,1597,Style,0.0000,,,148.0000,,,,,,,,,,0.00,0.00,0.00,,,,,,,,,,,,,,,,,,,,,,,,,,IVORY,0,,,,,,0,0,,,,,,,0.00,0.00,0.00,0.00,,,"2026-05-22 10:43:21",0.0000,0.0000,,,,,,,,,,,,,,
EVO7008,PINK,DROP,,0.0000,,36.0000,0.0000,0.0000,0.0000,0.0000,yosup,"2026-04-09 15:40:57",FW26,0.00,0.00,0.00,0.00,"ELEVATOR DISCO","26 JUL",,,,,,,0.0000,0.0000,0.0000,0.0000,,,,,,,,,,0,0,,,Style,XS-XL,"MADELIN JACKET",OUTERWEAR,,,,,,,,,adrian,"2026-05-20 10:57:55",,,0.0000,,"TWEED EMBELLISHED",,,,,,,N,1010,Style,0.0000,N,0.00,98.0000,,,,,0.0000,0.0000,0.0000,0.0000,0.0000,0.00,0.00,0.00,,,,,N,1-2-2-1,,,,,,,,,,,"2026-02-17 00:00:00",,,,,,,,,PINK,0,,,,,,0,0,,,,,,,0.00,0.00,0.00,0.00,,,"2026-04-09 15:40:57",0.0000,0.0000,,,,,,,,,,,,,,
EVO7011,BEIGE,ACTIVE,,26.0000,,50.0000,0.0000,0.0000,0.0000,0.0000,yosup,"2026-04-09 15:40:57",FW26,0.00,198.00,0.00,222.00,"ELEVATOR DISCO","26 JUL",,,,,,,0.0000,0.0000,0.0000,0.0000,,,,,,,,,,0,0,,,Style,XS-XL,"SANDY JACKET",OUTERWEAR,,,,,,,,,minji,"2026-04-27 22:27:57",,,0.0000,,"POLY TWILL TENCEL BL",,,,,,,N,974,Style,0.0000,N,0.00,138.0000,,,,,0.0000,0.0000,0.0000,0.0000,0.0000,0.00,0.00,0.00,,,,,N,1-2-2-1,,,,,,,,,,,"2026-06-20 00:00:00","2026-04-24 00:00:00",,,,,,,,BEIGE,0,,,,,,0,0,,,,,,,0.00,-198.00,24.00,0.00,,,"2026-04-09 15:40:57",0.0000,0.0000,,,,,,,,,,,,,,
EVO7011PL,BEIGE,ACTIVE,,29.5000,,52.5000,0.0000,0.0000,0.0000,0.0000,adrian,"2026-04-20 13:58:55",FW26,0.00,80.00,0.00,80.00,"ELEVATOR DISCO","26 JUL",,,,,,,0.0000,0.0000,0.0000,0.0000,,,,,,,,,,0,0,,,Style,PL,"SANDY JACKET (PLUS)",OUTERWEAR,,,,,,,,,Marie,"2026-06-22 11:16:56",Import,,0.0000,,,,,,,,,N,1221,Style,0.0000,N,0.00,0.0000,,,,,0.0000,0.0000,0.0000,0.0000,0.0000,0.00,0.00,0.00,,,,,N,,,,,,PO,,,,,,"2026-03-17 00:00:00","2026-04-24 00:00:00",,,,,,,,BEIGE,0,,,,"2026-04-20 00:00:00",,0,0,,,,,,,0.00,-80.00,0.00,0.00,,,"2026-04-20 13:58:55",0.0000,0.0000,,,,,,,,,,,,,,
EVO7011PT,BEIGE,ACTIVE,,26.0000,,50.0000,0.0000,0.0000,0.0000,0.0000,adrian,"2026-04-20 13:59:44",FW26,0.00,50.00,0.00,50.00,"ELEVATOR DISCO","26 JUL",,,,,,,0.0000,0.0000,0.0000,0.0000,,,,,,,,,,0,0,,,Style,PT,"SANDY JACKET (PETITE)",OUTERWEAR,,,,,,,,,Marie,"2026-06-22 11:17:05",Import,,0.0000,,,,,,,,,N,1222,Style,0.0000,N,0.00,0.0000,,,,,0.0000,0.0000,0.0000,0.0000,0.0000,0.00,0.00,0.00,,,,,N,,,,,,PO,,,,,,"2026-03-17 00:00:00","2026-04-24 00:00:00",,,,,,,,BEIGE,0,,,,"2026-04-20 13:59:19",,0,0,,,,,,,0.00,-50.00,0.00,0.00,,,"2026-04-20 13:59:44",0.0000,0.0000,,,,,,,,,,,,,,
EVO7013,CREAM,DROP,,0.0000,,42.0000,0.0000,0.0000,0.0000,0.0000,yosup,"2026-04-09 15:40:57",FW26,0.00,0.00,0.00,0.00,"ELEVATOR DISCO","26 JUL",,,,,,,0.0000,0.0000,0.0000,0.0000,,,,,,,,,,0,0,,,Style,XS-XL,"LAURA JACKET",OUTERWEAR,,,,,,,,,adrian,"2026-05-20 10:54:48",,,0.0000,,"POLY TWILL",,,,,,,N,987,Style,0.0000,N,0.00,118.0000,,,,,0.0000,0.0000,0.0000,0.0000,0.0000,0.00,0.00,0.00,,,,,N,1-2-2-1,,,,,,,,,,,,,,,,,,,,CREAM,0,,,,,,0,0,,,,,,,0.00,0.00,0.00,0.00,,,"2026-04-09 15:40:57",0.0000,0.0000,,,,,,,,,,,,,,
EVO7014,"DARK RED",DROP,,0.0000,,0.0000,0.0000,0.0000,0.0000,0.0000,adrian,"2026-04-16 17:04:22",FW26,0.00,0.00,0.00,0.00,"ELEVATOR DISCO","26 AUG",,,,,,,0.0000,0.0000,0.0000,0.0000,,,,,,,,,,0,0,,,Style,XS-XL,"RUBY LANE BLAZER",OUTERWEAR,,,,,,,,,adrian,"2026-05-21 15:51:17",Import,,0.0000,,,,,,,,,N,1220,Style,0.0000,N,0.00,0.0000,,,,,0.0000,0.0000,0.0000,0.0000,0.0000,0.00,0.00,0.00,,,,,N,1-2-2-1,,,,,PO,,,,,,"2026-02-17 00:00:00",,,,,,,,,"DARK RED",0,,,,"2026-04-16 17:03:49",,0,0,,,,,,,0.00,0.00,0.00,0.00,,,"2026-04-16 17:04:22",0.0000,0.0000,,,,,,,,,,,,,,
EVO7018,"LIGHT PURPLE",DROP,,0.0000,,48.0000,0.0000,0.0000,0.0000,0.0000,yosup,"2026-04-09 15:40:57",FW26,0.00,0.00,0.00,0.00,"ELEVATOR DISCO","26 AUG",,,,,,,0.0000,0.0000,0.0000,0.0000,,,,,,,,,,0,0,,,Style,XS-XL,"FOREVER YOUNG SHACKET",OUTERWEAR,,,,,,,,,adrian,"2026-05-21 15:25:25",,,0.0000,,TWEED,,,,,,,N,1055,Style,0.0000,N,0.00,128.0000,,,,,0.0000,0.0000,0.0000,0.0000,0.0000,0.00,0.00,0.00,,,,,N,1-2-2-1,,,,,,,,,,,,,,,,,,,,"LIGHT PURPLE",0,,,,,,0,0,,,,,,,0.00,0.00,0.00,0.00,,,"2026-04-09 15:40:57",0.0000,0.0000,,,,,,,,,,,,,,
EVO7020,IVORY,ACTIVE,,53.0000,,71.0000,,,,,adrian,"2026-05-22 10:43:21",HOL26,0.00,0.00,0.00,0.00,"ELEVATOR DISCO","26 NOV",,,,,,,0.0000,0.0000,0.0000,0.0000,,,,,,,,,,0,0,,,Style,XS-XL,"ISARA FUR COAT",,,,,,,,,,adrian,"2026-05-22 10:43:21",,,,,,,,,,,,,1596,Style,0.0000,,,198.0000,,,,,,,,,,0.00,0.00,0.00,,,,,,,,,,,,,,,,,,,,,,,,,,IVORY,0,,,,,,0,0,,,,,,,0.00,0.00,0.00,0.00,,,"2026-05-22 10:43:21",0.0000,0.0000,,,,,,,,,,,,,,
EVO7022,BLACK,DROP,,0.0000,,46.0000,0.0000,0.0000,0.0000,0.0000,yosup,"2026-04-09 15:40:57",FW26,0.00,0.00,0.00,0.00,"ELEVATOR DISCO","26 SEP",,,,,,,0.0000,0.0000,0.0000,0.0000,,,,,,,,,,0,0,,,Style,XS-XL,"KIMMY JACKET",OUTERWEAR,,,,,,,,,adrian,"2026-05-22 09:36:26",,,0.0000,,SUITING,,,,,,,N,1072,Style,0.0000,N,0.00,128.0000,,,,,0.0000,0.0000,0.0000,0.0000,0.0000,0.00,0.00,0.00,,,,,N,1-2-2-1,,,,,,,,,,,"2026-04-22 00:00:00",,,,,,,,,BLACK,0,,,,,,0,0,,,,,,,0.00,0.00,0.00,0.00,,,"2026-04-09 15:40:57",0.0000,0.0000,,,,,,,,,,,,,,
EVO7023,BLACK,ACTIVE,,0.0000,,42.0000,0.0000,0.0000,0.0000,0.0000,yosup,"2026-04-09 15:40:57",FW26,0.00,126.00,0.00,132.00,"ELEVATOR DISCO","26 SEP",,,,,,,0.0000,0.0000,0.0000,0.0000,,,,,,,,,,0,0,,,Style,XS-XL,"LOLA JACKET",OUTERWEAR,,,,,,,,,minji,"2026-05-28 14:34:12",,,0.0000,,"PVC PLEATHER",,,,,,,N,1071,Style,0.0000,N,0.00,118.0000,,,,,0.0000,0.0000,0.0000,0.0000,0.0000,0.00,0.00,0.00,,,,,N,1-2-2-1,,,,,,,,,,,"2026-06-09 00:00:00","2026-06-22 00:00:00",,,,,,,,BLACK,0,,,,,,0,0,,,,,,,0.00,-126.00,6.00,0.00,,,"2026-04-09 15:40:57",0.0000,0.0000,,,,,,,,,,,,,,
EVO7025,"LIGHT BROWN",ACTIVE,,19.9000,,41.0000,0.0000,0.0000,0.0000,0.0000,yosup,"2026-04-09 15:40:57",FW26,0.00,298.00,0.00,346.00,"ELEVATOR DISCO","26 SEP",,,,,,,0.0000,0.0000,0.0000,0.0000,,,,,,,,,,0,0,,,Style,XS-XL,"TAMMY FAUX FUR JACKET",OUTERWEAR,STENUE,,,,,,,,Marie,"2026-06-18 09:57:08",,,0.0000,,"FAUX FUR",,,,,,,N,1099,Style,0.0000,N,0.00,114.0000,,,,,0.0000,0.0000,0.0000,0.0000,0.0000,0.00,0.00,0.00,,,,,N,1-2-2-1,,,,,,,,,,,"2026-04-23 09:41:45","2026-05-28 00:00:00",,,,,,,,"LIGHT BROWN",0,,,,,,0,0,,,,,,,0.00,-298.00,48.00,0.00,,,"2026-04-09 15:40:57",0.0000,0.0000,,,,,,,,,,,,,,
EVO7030,CREAM,DROP,,0.0000,,46.0000,0.0000,0.0000,0.0000,0.0000,yosup,"2026-04-09 15:40:57",FW26,0.00,0.00,0.00,0.00,"ELEVATOR DISCO","26 SEP",,,,,,,0.0000,0.0000,0.0000,0.0000,,,,,,,,,,0,0,,,Style,XS-XL,"VANESSA FUR JACKET",OUTERWEAR,,,,,,,,,adrian,"2026-05-22 09:53:54",,,0.0000,,"FAUX FUR",,,,,,,N,1086,Style,0.0000,N,0.00,128.0000,,,,,0.0000,0.0000,0.0000,0.0000,0.0000,0.00,0.00,0.00,,,,,N,1-2-2-1,,,,,,,,,,,"2026-04-17 00:00:00",,,,,,,,,CREAM,0,,,,,,0,0,,,,,,,0.00,0.00,0.00,0.00,,,"2026-04-09 15:40:57",0.0000,0.0000,,,,,,,,,,,,,,
EVO7031,BLACK,DROP,,0.0000,,42.0000,0.0000,0.0000,0.0000,0.0000,yosup,"2026-04-09 15:40:57",FW26,0.00,0.00,0.00,0.00,"ELEVATOR DISCO","26 SEP",,,,,,,0.0000,0.0000,0.0000,0.0000,,,,,,,,,,0,0,,,Style,XS-XL,"CONNIE JACKET",OUTERWEAR,,,,,,,,,adrian,"2026-05-21 15:51:30",,,0.0000,,TWEED,,,,,,,N,1073,Style,0.0000,N,0.00,118.0000,,,,,0.0000,0.0000,0.0000,0.0000,0.0000,0.00,0.00,0.00,,,,,N,1-2-2-1,,,,,,,,,,,"2026-04-01 00:00:00",,,,,,,,,BLACK,0,,,,,,0,0,,,,,,,0.00,0.00,0.00,0.00,,,"2026-04-09 15:40:57",0.0000,0.0000,,,,,,,,,,,,,,
EVO7035,"PINK MULTI",ACTIVE,,28.3000,,46.0000,,,,,adrian,"2026-05-22 10:43:21",HOL26,0.00,0.00,0.00,0.00,"ELEVATOR DISCO","26 DEC",,,,,,,0.0000,0.0000,0.0000,0.0000,,,,,,,,,,0,0,,,Style,XS-XL,"LUCIENNE TWEED JACKET",,,,,,,,,,adrian,"2026-05-22 10:43:21",,,,,,,,,,,,,1556,Style,0.0000,,,128.0000,,,,,,,,,,0.00,0.00,0.00,,,,,,,,,,,,,,,,,,,,,,,,,,"PINK MULTI",0,,,,,,0,0,,,,,,,0.00,0.00,0.00,0.00,,,"2026-05-22 10:43:21",0.0000,0.0000,,,,,,,,,,,,,,
EVO7040,BROWN,ACTIVE,,33.5000,,53.0000,,,,,adrian,"2026-05-22 10:43:21",HOL26,0.00,12.00,0.00,0.00,"ELEVATOR DISCO","26 NOV",,,,,,,0.0000,0.0000,0.0000,0.0000,,,,,,,,,,0,0,,,Style,XS-XL,"KIRA JACKET",,,,,,,,,,adrian,"2026-05-22 10:43:21",,,,,,,,,,,,,1598,Style,0.0000,,,148.0000,,,,,,,,,,0.00,0.00,0.00,,,,,,,,,,,,,,,,,"2026-06-12 00:00:00",,,,,,,,,BROWN,0,,,,,,0,0,,,,,,,0.00,-12.00,-12.00,0.00,,,"2026-05-22 10:43:21",0.0000,0.0000,,,,,,,,,,,,,,
EVO7045,"BLK STRIPE",ACTIVE,,23.0000,,48.0000,,,,,adrian,"2026-05-22 10:43:21",HOL26,0.00,6.00,0.00,0.00,"ELEVATOR DISCO","26 NOV",,,,,,,0.0000,0.0000,0.0000,0.0000,,,,,,,,,,0,0,,,Style,XS-XL,"ARDEN JACKET",,,,,,,,,,adrian,"2026-05-22 10:43:21",,,,,,,,,,,,,1599,Style,0.0000,,,138.0000,,,,,,,,,,0.00,0.00,0.00,,,,,,,,,,,,,,,,,"2026-06-12 00:00:00",,,,,,,,,"BLACK STRIPE",0,,,,,,0,0,,,,,,,0.00,-6.00,-6.00,0.00,,,"2026-05-22 10:43:21",0.0000,0.0000,,,,,,,,,,,,,,
EVO7046,BLACK,ACTIVE,,26.0000,,52.0000,,,,,adrian,"2026-05-22 10:43:21",HOL26,0.00,24.00,0.00,0.00,"ELEVATOR DISCO","26 OCT",,,,,,,0.0000,0.0000,0.0000,0.0000,,,,,,,,,,0,0,,,Style,XS-XL,"MADELYN JACKET",,,,,,,,,,adrian,"2026-05-22 10:43:21",,,,,,,,,,,,,1663,Style,0.0000,,,148.0000,,,,,,,,,,0.00,0.00,0.00,,,,,,,,,,,,,,,,,"2026-06-12 00:00:00",,,,,,,,,BLACK,0,,,,,,0,0,,,,,,,0.00,-24.00,-24.00,0.00,,,"2026-05-22 10:43:21",0.0000,0.0000,,,,,,,,,,,,,,
EVO7048,OLIVE,ACTIVE,,35.0000,,56.0000,0.0000,0.0000,0.0000,0.0000,adrian,"2026-05-22 10:43:21",HOL26,0.00,0.00,0.00,0.00,"ELEVATOR DISCO","26 OCT",,,,,,,0.0000,0.0000,0.0000,0.0000,,,,,,,,,,0,0,,,Style,XS-XL,"VIVIENNE COAT",,,,,,,,,,design,"2026-05-26 11:34:07",,,0.0000,,,,,,,,,N,1665,Style,0.0000,N,0.00,158.0000,,,,,0.0000,0.0000,0.0000,0.0000,0.0000,0.00,0.00,0.00,,,,,N,1-2-2-1,,,,,,,,,,,,,,,,,,,,OLIVE,0,,,,,,0,0,,,,,,,0.00,0.00,0.00,0.00,,,"2026-05-22 10:43:21",0.0000,0.0000,,,,,,,,,,,,,,
EVO7049,BEIGE,ACTIVE,,18.2000,,42.0000,,,,,adrian,"2026-05-22 10:43:21",HOL26,0.00,12.00,0.00,0.00,"ELEVATOR DISCO","26 OCT",,,,,,,0.0000,0.0000,0.0000,0.0000,,,,,,,,,,0,0,,,Style,XS-XL,"NERINA CAPE",,,,,,,,,,adrian,"2026-05-22 10:43:21",,,,,,,,,,,,,1637,Style,0.0000,,,118.0000,,,,,,,,,,0.00,0.00,0.00,,,,,,,,,,,,,,,,,"2026-06-12 00:00:00",,,,,,,,,BEIGE,0,,,,,,0,0,,,,,,,0.00,-12.00,-12.00,0.00,,,"2026-05-22 10:43:21",0.0000,0.0000,,,,,,,,,,,,,,
EVO7049,PINK,ACTIVE,,18.2000,,42.0000,,,,,adrian,"2026-05-22 10:43:21",HOL26,0.00,0.00,0.00,0.00,"ELEVATOR DISCO","26 OCT",,,,,,,0.0000,0.0000,0.0000,0.0000,,,,,,,,,,0,0,,,Style,XS-XL,"NERINA CAPE",,,,,,,,,,adrian,"2026-05-22 10:43:21",,,,,,,,,,,,,1638,Style,0.0000,,,118.0000,,,,,,,,,,0.00,0.00,0.00,,,,,,,,,,,,,,,,,,,,,,,,,,PINK,0,,,,,,0,0,,,,,,,0.00,0.00,0.00,0.00,,,"2026-05-22 10:43:21",0.0000,0.0000,,,,,,,,,,,,,,
EVO7051,BERRY,ACTIVE,,20.0000,,40.0000,,,,,adrian,"2026-05-22 10:43:21",HOL26,0.00,0.00,0.00,0.00,"ELEVATOR DISCO","26 OCT",,,,,,,0.0000,0.0000,0.0000,0.0000,,,,,,,,,,0,0,,,Style,XS-XL,"DILLA JACKET",,,,,,,,,,adrian,"2026-05-22 10:43:21",,,,,,,,,,,,,1651,Style,0.0000,,,112.0000,,,,,,,,,,0.00,0.00,0.00,,,,,,,,,,,,,,,,,,,,,,,,,,BERRY,0,,,,,,0,0,,,,,,,0.00,0.00,0.00,0.00,,,"2026-05-22 10:43:21",0.0000,0.0000,,,,,,,,,,,,,,
EVO7052,GREY,ACTIVE,,26.0000,,47.0000,,,,,adrian,"2026-05-22 10:43:21",HOL26,0.00,12.00,0.00,0.00,"ELEVATOR DISCO","26 NOV",,,,,,,0.0000,0.0000,0.0000,0.0000,,,,,,,,,,0,0,,,Style,XS-XL,"BLAIRE JACKET",,,,,,,,,,adrian,"2026-05-22 10:43:21",,,,,,,,,,,,,1600,Style,0.0000,,,128.0000,,,,,,,,,,0.00,0.00,0.00,,,,,,,,,,,,,,,,,"2026-06-22 00:00:00",,,,,,,,,GREY,0,,,,,,0,0,,,,,,,0.00,-12.00,-12.00,0.00,,,"2026-05-22 10:43:21",0.0000,0.0000,,,,,,,,,,,,,,
EVO7053,"DARK GREY",ACTIVE,,21.5000,,42.0000,,,,,adrian,"2026-05-22 10:43:21",HOL26,0.00,12.00,0.00,0.00,"ELEVATOR DISCO","26 NOV",,,,,,,0.0000,0.0000,0.0000,0.0000,,,,,,,,,,0,0,,,Style,XS-XL,"IRIS BLAZER",,,,,,,,,,adrian,"2026-05-22 10:43:21",,,,,,,,,,,,,1594,Style,0.0000,,,118.0000,,,,,,,,,,0.00,0.00,0.00,,,,,,,,,,,,,,,,,"2026-06-10 00:00:00",,,,,,,,,"DARK GREY",0,,,,,,0,0,,,,,,,0.00,-12.00,-12.00,0.00,,,"2026-05-22 10:43:21",0.0000,0.0000,,,,,,,,,,,,,,
EVO7054,OLIVE,ACTIVE,,24.0000,,44.0000,,,,,adrian,"2026-05-22 10:43:21",HOL26,0.00,0.00,0.00,0.00,"ELEVATOR DISCO","26 OCT",,,,,,,0.0000,0.0000,0.0000,0.0000,,,,,,,,,,0,0,,,Style,XS-XL,"ANAIS SWEATER",,,,,,,,,,adrian,"2026-05-22 10:43:21",,,,,,,,,,,,,1672,Style,0.0000,,,118.0000,,,,,,,,,,0.00,0.00,0.00,,,,,,,,,,,,,,,,,,,,,,,,,,OLIVE,0,,,,,,0,0,,,,,,,0.00,0.00,0.00,0.00,,,"2026-05-22 10:43:21",0.0000,0.0000,,,,,,,,,,,,,,
EVO7055,OLIVE,ACTIVE,,30.0000,,48.0000,0.0000,0.0000,0.0000,0.0000,adrian,"2026-05-22 10:43:21",HOL26,0.00,18.00,0.00,0.00,"ELEVATOR DISCO","26 OCT",,,,,,,0.0000,0.0000,0.0000,0.0000,,,,,,,,,,0,0,,,Style,XS-XL,"ANAIS JACKET",,,,,,,,,,mike,"2026-06-25 20:24:53",,,0.0000,,,,,,,,,N,1650,Style,0.0000,N,0.00,128.0000,,,,,0.0000,0.0000,0.0000,0.0000,0.0000,0.00,0.00,0.00,,,,,N,1-2-2-1,,,,,,,,,,,"2026-06-25 20:22:23",,,,,,,,,OLIVE,0,,,,,,0,0,,,,,,,0.00,-18.00,-18.00,0.00,,,"2026-05-22 10:43:21",0.0000,0.0000,,,,,,,,,,,,,,
EVO7056,IVORY,ACTIVE,,19.0000,,40.0000,,,,,adrian,"2026-05-22 10:43:21",HOL26,0.00,30.00,0.00,0.00,"ELEVATOR DISCO","26 DEC",,,,,,,0.0000,0.0000,0.0000,0.0000,,,,,,,,,,0,0,,,Style,XS-XL,"SANDY JACKET",,,,,,,,,,adrian,"2026-05-22 10:43:21",,,,,,,,,,,,,1578,Style,0.0000,,,112.0000,,,,,,,,,,0.00,0.00,0.00,,,,,,,,,,,,,,,,,"2026-06-15 00:00:00",,,,,,,,,IVORY,0,,,,,,0,0,,,,,,,0.00,-30.00,-30.00,0.00,,,"2026-05-22 10:43:21",0.0000,0.0000,,,,,,,,,,,,,,
EVO7058,"BROWN BLUE",ACTIVE,,26.0000,,46.0000,0.0000,0.0000,0.0000,0.0000,adrian,"2026-05-22 10:43:21",HOL26,0.00,12.00,0.00,0.00,"ELEVATOR DISCO","26 NOV",,,,,,,0.0000,0.0000,0.0000,0.0000,,,,,,,,,,0,0,,,Style,XS-XL,"DOROTHY JACKET",,,,,,,,,,mike,"2026-06-25 20:15:06",,,0.0000,,,,,,,,,N,1601,Style,0.0000,N,0.00,128.0000,,,,,0.0000,0.0000,0.0000,0.0000,0.0000,0.00,0.00,0.00,,,,,N,1-2-2-1,,,,,,,,,,,"2026-06-25 20:16:01",,,,,,,,,"BROWN BLUE",0,,,,,,0,0,,,,,,,0.00,-12.00,-12.00,0.00,,,"2026-05-22 10:43:21",0.0000,0.0000,,,,,,,,,,,,,,
EVO7059,"BLUSH BLUE",ACTIVE,,22.8000,,46.0000,,,,,adrian,"2026-05-22 10:43:21",HOL26,0.00,0.00,0.00,0.00,"ELEVATOR DISCO","26 NOV",,,,,,,0.0000,0.0000,0.0000,0.0000,,,,,,,,,,0,0,,,Style,XS-XL,"SOFIA JACKET",,,,,,,,,,adrian,"2026-05-22 10:43:21",,,,,,,,,,,,,1602,Style,0.0000,,,128.0000,,,,,,,,,,0.00,0.00,0.00,,,,,,,,,,,,,,,,,,,,,,,,,,"BLUSH BLUE",0,,,,,,0,0,,,,,,,0.00,0.00,0.00,0.00,,,"2026-05-22 10:43:21",0.0000,0.0000,,,,,,,,,,,,,,
EVO7060,"DARK GREY",ACTIVE,,17.7000,,46.0000,,,,,adrian,"2026-05-22 10:43:21",HOL26,0.00,18.00,0.00,0.00,"ELEVATOR DISCO","26 NOV",,,,,,,0.0000,0.0000,0.0000,0.0000,,,,,,,,,,0,0,,,Style,XS-XL,"HARPER JACKET",,,,,,,,,,adrian,"2026-05-22 10:43:21",,,,,,,,,,,,,1603,Style,0.0000,,,128.0000,,,,,,,,,,0.00,0.00,0.00,,,,,,,,,,,,,,,,,"2026-06-10 00:00:00",,,,,,,,,"DARK GREY",0,,,,,,0,0,,,,,,,0.00,-18.00,-18.00,0.00,,,"2026-05-22 10:43:21",0.0000,0.0000,,,,,,,,,,,,,,
EVO7061,"NAVY DOT",ACTIVE,,19.0000,,40.0000,,,,,adrian,"2026-05-22 10:43:21",HOL26,0.00,30.00,0.00,0.00,"ELEVATOR DISCO","26 DEC",,,,,,,0.0000,0.0000,0.0000,0.0000,,,,,,,,,,0,0,,,Style,XS-XL,"ALEXIS JACKET",,,,,,,,,,adrian,"2026-05-22 10:43:21",,,,,,,,,,,,,1580,Style,0.0000,,,112.0000,,,,,,,,,,0.00,0.00,0.00,,,,,,,,,,,,,,,,,"2026-06-16 00:00:00",,,,,,,,,"NAVY DOT",0,,,,,,0,0,,,,,,,0.00,-30.00,-30.00,0.00,,,"2026-05-22 10:43:21",0.0000,0.0000,,,,,,,,,,,,,,
EVT2002,CREAM,ACTIVE,,0.0000,,25.0000,0.0000,0.0000,0.0000,0.0000,yosup,"2026-04-09 15:40:57",FW26,0.00,88.00,0.00,130.00,"ELEVATOR DISCO","26 JUL",,,,,,,0.0000,0.0000,0.0000,0.0000,,,,,,,,,,0,0,,,Style,XS-XL,"JAMIE TOP",TOPS,,,,,,,,,minji,"2026-04-24 16:58:05",,,0.0000,,SATIN,,,,,,,N,993,Style,0.0000,N,0.00,68.0000,,,,,0.0000,0.0000,0.0000,0.0000,0.0000,0.00,0.00,0.00,,,,,N,1-2-2-1,,,,,,,,,,,"2026-04-23 00:00:00","2026-04-24 00:00:00",,,,,,,,CREAM,0,,,,,,0,0,,,,,,,0.00,-88.00,42.00,0.00,,,"2026-04-09 15:40:57",0.0000,0.0000,,,,,,,,,,,,,,
EVT2004,CREAM,DROP,,0.0000,,27.0000,0.0000,0.0000,0.0000,0.0000,yosup,"2026-04-09 15:40:57",FW26,0.00,0.00,0.00,0.00,"ELEVATOR DISCO","26 JUL",,,,,,,0.0000,0.0000,0.0000,0.0000,,,,,,,,,,0,0,,,Style,XS-XL,"MADISON TOP",TOPS,,,,,,,,,adrian,"2026-05-21 17:13:29",,,0.0000,,"PRINTED JACQUARD",,,,,,,N,992,Style,0.0000,N,0.00,78.0000,,,,,0.0000,0.0000,0.0000,0.0000,0.0000,0.00,0.00,0.00,,,,,N,1-2-2-1,,,,,,,,,,,"2026-04-03 00:00:00",,,,,,,,,CREAM,0,,,,,,0,0,,,,,,,0.00,0.00,0.00,0.00,,,"2026-04-09 15:40:57",0.0000,0.0000,,,,,,,,,,,,,,
EVT2005,PINK,DROP,,0.0000,,28.0000,0.0000,0.0000,0.0000,0.0000,yosup,"2026-04-09 15:40:57",FW26,0.00,0.00,0.00,0.00,"ELEVATOR DISCO","26 JUL",,,,,,,0.0000,0.0000,0.0000,0.0000,,,,,,,,,,0,0,,,Style,XS-XL,"MICHELLE TOP",TOPS,,,,,,,,,adrian,"2026-05-21 16:38:55",,,0.0000,,"TWEED EMBELLISHED",,,,,,,N,1013,Style,0.0000,N,0.00,78.0000,,,,,0.0000,0.0000,0.0000,0.0000,0.0000,0.00,0.00,0.00,,,,,N,1-2-2-1,,,,,,,,,,,"2026-04-20 00:00:00",,,,,,,,,PINK,0,,,,,,0,0,,,,,,,0.00,0.00,0.00,0.00,,,"2026-04-09 15:40:57",0.0000,0.0000,,,,,,,,,,,,,,
EVT2008,BROWN,DROP,,0.0000,,25.0000,0.0000,0.0000,0.0000,0.0000,yosup,"2026-04-09 15:40:57",FW26,0.00,0.00,0.00,0.00,"ELEVATOR DISCO","26 SEP",,,,,,,0.0000,0.0000,0.0000,0.0000,,,,,,,,,,0,0,,,Style,XS-XL,"BRIANNA TOP",TOPS,,,,,,,,,adrian,"2026-05-21 16:41:35",,,0.0000,,"EMBELLISHED POPLIN",,,,,,,N,1084,Style,0.0000,N,0.00,68.0000,,,,,0.0000,0.0000,0.0000,0.0000,0.0000,0.00,0.00,0.00,,,,,N,1-2-2-1,,,,,,,,,,,"2026-03-27 00:00:00",,,,,,,,,BROWN,0,,,,,,0,0,,,,,,,0.00,0.00,0.00,0.00,,,"2026-04-09 15:40:57",0.0000,0.0000,,,,,,,,,,,,,,
EVT2010,PINK,DROP,,0.0000,,23.0000,0.0000,0.0000,0.0000,0.0000,yosup,"2026-04-09 15:40:57",FW26,0.00,0.00,0.00,0.00,"ELEVATOR DISCO","26 JUL",,,,,,,0.0000,0.0000,0.0000,0.0000,,,,,,,,,,0,0,,,Style,XS-XL,"CRYSTAL LONG TOP",TOPS,,,,,,,,,adrian,"2026-05-21 17:15:16",,,0.0000,,TULLE,,,,,,,N,1012,Style,0.0000,N,0.00,68.0000,,,,,0.0000,0.0000,0.0000,0.0000,0.0000,0.00,0.00,0.00,,,,,N,1-2-2-1,,,,,,,,,,,"2026-02-26 00:00:00",,,,,,,,,PINK,0,,,,,,0,0,,,,,,,0.00,0.00,0.00,0.00,,,"2026-04-09 15:40:57",0.0000,0.0000,,,,,,,,,,,,,,
EVT2013,CREAM,DROP,,0.0000,,29.0000,0.0000,0.0000,0.0000,0.0000,yosup,"2026-04-09 15:40:57",FW26,0.00,0.00,0.00,102.00,"ELEVATOR DISCO","26 JUL",,,,,,,0.0000,0.0000,0.0000,0.0000,,,,,,,,,,0,0,,,Style,XS-XL,"MANHATTAN TOP",TOPS,,,,,,,,,adrian,"2026-05-22 09:37:43",,,0.0000,,EMBELLISHED,,,,,,,N,991,Style,0.0000,N,0.00,78.0000,,,,,0.0000,0.0000,0.0000,0.0000,0.0000,0.00,0.00,0.00,,,,,N,1-2-2-1,,,,,,,,,,,"2026-04-07 00:00:00","2026-04-24 00:00:00",,,,,,,,CREAM,0,,,,,,0,0,,,,,,,0.00,0.00,102.00,0.00,,,"2026-04-09 15:40:57",0.0000,0.0000,,,,,,,,,,,,,,
EVT2014,PURPLE,ACTIVE,,23.0500,,34.0000,0.0000,0.0000,0.0000,0.0000,minji,"2026-05-18 14:49:19",FW26,0.00,48.00,0.00,102.00,"ELEVATOR DISCO","26 AUG",,,,,,,0.0000,0.0000,0.0000,0.0000,,,,,,,,,,0,0,,,Style,XS-XL,"JUST A FRIEND SHIRT",TOPS,,,,,,,,,adrian,"2026-06-01 17:28:24",,"TOP 단독 가격 $23.20
세트 $48.90 5/20 CFM",0.0000,,"VELVETY JACQUARD SAT",,,,,,,N,1248,Style,0.0000,N,0.00,88.0000,,,,0,0.0000,0.0000,0.0000,0.0000,0.0000,0.00,0.00,0.00,,,,,N,1-2-2-1,,,,,,,,,,,"2026-03-27 00:00:00","2026-05-15 00:00:00",,,,,,,,PURPLE,0,,,,,,0,0,,,,,,,0.00,-48.00,54.00,0.00,,,"2026-05-18 14:49:19",0.0000,0.0000,,,,,,,,,,,,,,
EVT2015,NAVY,ACTIVE,,0.0000,,27.0000,0.0000,0.0000,0.0000,0.0000,yosup,"2026-04-09 15:40:57",FW26,0.00,96.00,0.00,132.00,"ELEVATOR DISCO","26 JUL",,,,,,,0.0000,0.0000,0.0000,0.0000,,,,,,,,,,0,0,,,Style,XS-XL,"FRANCESCA TOP",TOPS,,,,,,,,,minji,"2026-04-24 12:04:07",,,0.0000,,"POLY SUITING",,,,,,,N,1006,Style,0.0000,N,0.00,78.0000,,,,,0.0000,0.0000,0.0000,0.0000,0.0000,0.00,0.00,0.00,,,,,N,1-2-2-1,,,,,,,,,,,"2026-05-14 00:00:00","2026-04-24 00:00:00",,,,,,,,NAVY,0,,,,,,0,0,,,,,,,0.00,-96.00,36.00,0.00,,,"2026-04-09 15:40:57",0.0000,0.0000,,,,,,,,,,,,,,
EVT2016,"BLACK WHITE",DROP,,0.0000,,29.0000,0.0000,0.0000,0.0000,0.0000,yosup,"2026-04-09 15:40:57",FW26,0.00,0.00,0.00,0.00,"ELEVATOR DISCO","26 AUG",,,,,,,0.0000,0.0000,0.0000,0.0000,,,,,,,,,,0,0,,,Style,XS-XL,"JAQUELYN SWEATER",TOPS,,,,,,,,,adrian,"2026-05-21 17:16:43",,,0.0000,,"SWEATER KNIT",,,,,,,N,1028,Style,0.0000,N,0.00,78.0000,,,,,0.0000,0.0000,0.0000,0.0000,0.0000,0.00,0.00,0.00,,,,,N,1-2-2-1,,,,,,,,,,,"2026-04-22 00:00:00",,,,,,,,,"BLACK WHITE",0,,,,,,0,0,,,,,,,0.00,0.00,0.00,0.00,,,"2026-04-09 15:40:57",0.0000,0.0000,,,,,,,,,,,,,,
EVT2017,BROWN,DROP,,0.0000,,28.0000,0.0000,0.0000,0.0000,0.0000,yosup,"2026-04-09 15:40:57",FW26,0.00,0.00,0.00,0.00,"ELEVATOR DISCO","26 SEP",,,,,,,0.0000,0.0000,0.0000,0.0000,,,,,,,,,,0,0,,,Style,XS-XL,"JINNY FRINGE SWEATER TOP",TOPS,,,,,,,,,adrian,"2026-05-21 15:29:54",,,0.0000,,"FRINGED SWEATER",,,,,,,N,1085,Style,0.0000,N,0.00,78.0000,,,,,0.0000,0.0000,0.0000,0.0000,0.0000,0.00,0.00,0.00,,,,,N,1-2-2-1,,,,,,,,,,,,,,,,,,,,BROWN,0,,,,,,0,0,,,,,,,0.00,0.00,0.00,0.00,,,"2026-04-09 15:40:57",0.0000,0.0000,,,,,,,,,,,,,,
EVT2018,BLUE,DROP,,0.0000,,24.0000,0.0000,0.0000,0.0000,0.0000,yosup,"2026-04-09 15:40:57",FW26,0.00,0.00,0.00,0.00,"ELEVATOR DISCO","26 AUG",,,,,,,0.0000,0.0000,0.0000,0.0000,,,,,,,,,,0,0,,,Style,XS-XL,"BOYFRIEND PLAID SHIRT",TOPS,,,,,,,,,adrian,"2026-05-21 16:42:56",,,0.0000,,"BLEND FLANNEL FABRIC",,,,,,,N,1032,Style,0.0000,N,0.00,68.0000,,,,,0.0000,0.0000,0.0000,0.0000,0.0000,0.00,0.00,0.00,,,,,N,1-2-2-1,,,,,,,,,,,"2026-02-26 00:00:00",,,,,,,,,BLUE,0,,,,,,0,0,,,,,,,0.00,0.00,0.00,0.00,,,"2026-04-09 15:40:57",0.0000,0.0000,,,,,,,,,,,,,,
EVT2020,BLACK,DROP,,0.0000,,24.0000,0.0000,0.0000,0.0000,0.0000,yosup,"2026-04-09 15:40:57",FW26,0.00,0.00,0.00,0.00,"ELEVATOR DISCO","26 JUL",,,,,,,0.0000,0.0000,0.0000,0.0000,,,,,,,,,,0,0,,,Style,XS-XL,"HAVEN TOP",TOPS,,,,,,,,,adrian,"2026-05-22 09:27:43",,,0.0000,,"JACQUARD SATIN",,,,,,,N,979,Style,0.0000,N,0.00,68.0000,,,,,0.0000,0.0000,0.0000,0.0000,0.0000,0.00,0.00,0.00,,,,,N,1-2-2-1,,,,,,,,,,,"2026-03-19 00:00:00",,,,,,,,,BLACK,0,,,,,,0,0,,,,,,,0.00,0.00,0.00,0.00,,,"2026-04-09 15:40:57",0.0000,0.0000,,,,,,,,,,,,,,
EVT2021,"DARK BROWN",ACTIVE,,13.0000,,27.0000,0.0000,0.0000,0.0000,0.0000,yosup,"2026-04-09 15:40:57",FW26,0.00,36.00,0.00,102.00,"ELEVATOR DISCO","26 SEP",,,,,,,13.0000,0.0000,0.0000,0.0000,,,,,,,,,,0,0,,,Style,XS-XL,"VELORE SHIRT",TOPS,STENUE,,,,,,,,minji,"2026-05-29 18:31:54",,,0.0000,,"PRINTED SATIN",,,,,,,N,1092,Style,0.0000,N,0.00,78.0000,,,,,0.0000,0.0000,0.0000,0.0000,0.0000,0.00,0.00,0.00,,,,,N,1-2-2-1,,,,,,,,,,,"2026-04-07 00:00:00","2026-05-29 00:00:00",,,,,,,,"DARK BROWN",0,,,,,,0,0,,,,,,,0.00,-36.00,66.00,0.00,,,"2026-04-09 15:40:57",0.0000,0.0000,,,,,,,,,,,,,,
EVT2022,YELLOW,ACTIVE,,9.5000,,24.0000,0.0000,0.0000,0.0000,0.0000,yosup,"2026-04-09 15:40:57",FW26,0.00,54.00,0.00,102.00,"ELEVATOR DISCO","26 JUL",,,,,,,0.0000,0.0000,0.0000,0.0000,,,,,,,,,,0,0,,,Style,XS-XL,"AMY SATIN TOP",TOPS,,,,,,,,,design,"2026-05-14 14:57:03",,,0.0000,,SATIN,,,,,,,N,1017,Style,0.0000,N,0.00,68.0000,,,,,0.0000,0.0000,0.0000,0.0000,0.0000,0.00,0.00,0.00,,,,,N,1-2-2-1,,,,,,,,,,,"2026-03-30 00:00:00","2026-04-24 00:00:00",,,,,,,,YELLOW,0,,,,,,0,0,,,,,,,0.00,-54.00,48.00,0.00,,,"2026-04-09 15:40:57",0.0000,0.0000,,,,,,,,,,,,,,
EVT2026,"DARK RED",DROP,,0.0000,,28.0000,0.0000,0.0000,0.0000,0.0000,yosup,"2026-04-09 15:40:57",FW26,0.00,0.00,0.00,0.00,"ELEVATOR DISCO","26 AUG",,,,,,,0.0000,0.0000,0.0000,0.0000,,,,,,,,,,0,0,,,Style,XS-XL,"JANICE SLEEVELESS TOP",TOPS,,,,,,,,,adrian,"2026-05-21 15:30:19",,,0.0000,,"POLY BLENDED SUITING",,,,,,,N,1041,Style,0.0000,N,0.00,78.0000,,,,,0.0000,0.0000,0.0000,0.0000,0.0000,0.00,0.00,0.00,,,,,N,1-2-2-1,,,,,,,,,,,,,,,,,,,,"DARK RED",0,,,,,,0,0,,,,,,,0.00,0.00,0.00,0.00,,,"2026-04-09 15:40:57",0.0000,0.0000,,,,,,,,,,,,,,
EVT2027,"DARK GREEN",DROP,,0.0000,,26.0000,0.0000,0.0000,0.0000,0.0000,yosup,"2026-04-09 15:40:57",FW26,0.00,0.00,0.00,0.00,"ELEVATOR DISCO","26 SEP",,,,,,,0.0000,0.0000,0.0000,0.0000,,,,,,,,,,0,0,,,Style,XS-XL,"LISA PLAID SHIRT",TOPS,,,,,,,,,adrian,"2026-05-22 09:39:39",,,0.0000,,"WOOL TYPE FLANNEL",,,,,,,N,1097,Style,0.0000,N,0.00,74.0000,,,,,0.0000,0.0000,0.0000,0.0000,0.0000,0.00,0.00,0.00,,,,,N,1-2-2-1,,,,,,,,,,,"2026-04-07 00:00:00",,,,,,,,,"DARK GREEN",0,,,,,,0,0,,,,,,,0.00,0.00,0.00,0.00,,,"2026-04-09 15:40:57",0.0000,0.0000,,,,,,,,,,,,,,
EVT2029,BLACK,ACTIVE,,0.0000,,21.0000,0.0000,0.0000,0.0000,0.0000,yosup,"2026-04-09 15:40:57",FW26,0.00,66.00,0.00,102.00,"ELEVATOR DISCO","26 SEP",,,,,,,0.0000,0.0000,0.0000,0.0000,,,,,,,,,,0,0,,,Style,XS-XL,"CHAREUSE BRA TOP",TOPS,,,,,,,,,minji,"2026-05-04 14:47:27",,,0.0000,,SEQUIN,,,,,,,N,1079,Style,0.0000,N,0.00,58.0000,,,,,0.0000,0.0000,0.0000,0.0000,0.0000,0.00,0.00,0.00,,,,,N,1-2-2-1,,,,,,,,,,,"2026-04-23 09:37:21","2026-05-14 00:00:00",,,,,,,,BLACK,0,,,,,"2026-05-28 00:00:00",0,0,,,,"2026-05-28 00:00:00",,,0.00,-66.00,36.00,0.00,,,"2026-04-09 15:40:57",0.0000,0.0000,,,,,,,,,,,,,,
EVT2031,"BLUE MULTI",ACTIVE,,14.6000,,31.0000,,,,,adrian,"2026-05-22 10:43:21",HOL26,0.00,0.00,0.00,0.00,"ELEVATOR DISCO","26 NOV",,,,,,,0.0000,0.0000,0.0000,0.0000,,,,,,,,,,0,0,,,Style,XS-XL,"NINA TOP",,,,,,,,,,adrian,"2026-05-22 10:43:21",,,,,,,,,,,,,1605,Style,0.0000,,,88.0000,,,,,,,,,,0.00,0.00,0.00,,,,,,,,,,,,,,,,,,,,,,,,,,"BLUE MULTI",0,,,,,,0,0,,,,,,,0.00,0.00,0.00,0.00,,,"2026-05-22 10:43:21",0.0000,0.0000,,,,,,,,,,,,,,
EVT2033,"LIGHT BLUE",ACTIVE,,24.3000,,36.0000,0.0000,0.0000,0.0000,0.0000,yosup,"2026-04-09 15:40:57",FW26,0.00,114.00,0.00,126.00,"ELEVATOR DISCO","26 AUG",,,,,,,0.0000,0.0000,0.0000,0.0000,,,,,,,,,,0,0,,,Style,XS-XL,"RUNAWAY BUTTON UP SHIRT",TOPS,,,,,,,,,minji,"2026-05-20 15:44:16",,,0.0000,,"EMBELLISHED POPLIN",,,,,,,N,1047,Style,0.0000,N,0.00,98.0000,,,,,0.0000,0.0000,0.0000,0.0000,0.0000,0.00,0.00,0.00,,,,,N,1-2-2-1,,,,,,,,,,,"2026-06-20 00:00:00","2026-05-15 00:00:00",,,,,,,,"LIGHT BLUE",0,,,,,,0,0,,,,,,,0.00,-114.00,12.00,0.00,,,"2026-04-09 15:40:57",0.0000,0.0000,,,,,,,,,,,,,,
EVT2034,PINK,ACTIVE,,10.2000,,21.0000,0.0000,0.0000,0.0000,0.0000,yosup,"2026-04-09 15:40:57",FW26,0.00,60.00,0.00,102.00,"ELEVATOR DISCO","26 SEP",,,,,,,0.0000,0.0000,0.0000,0.0000,,,,,,,,,,0,0,,,Style,XS-XL,"GRETA LONG SLEEVE TOP",TOPS,DONGJING,,,,,,,,minji,"2026-05-29 18:45:13",,,0.0000,,CREPE,,,,,,,N,1107,Style,0.0000,N,0.00,58.0000,,,,,0.0000,0.0000,0.0000,0.0000,0.0000,0.00,0.00,0.00,,,,,N,1-2-2-1,,,,,,,,,,,"2026-04-23 00:00:00","2026-05-29 00:00:00",,,,,,,,PINK,0,,,,,,0,0,,,,,,,0.00,-60.00,42.00,0.00,,,"2026-04-09 15:40:57",0.0000,0.0000,,,,,,,,,,,,,,
EVT2035,BLACK,ACTIVE,,9.5000,,24.0000,,,,,adrian,"2026-05-22 10:43:21",HOL26,0.00,24.00,0.00,6.00,"ELEVATOR DISCO","26 OCT",,,,,,,0.0000,0.0000,0.0000,0.0000,,,,,,,,,,0,0,,,Style,XS-XL,"PIPER TOP",,,,,,,,,,adrian,"2026-05-22 10:43:21",,,,,,,,,,,,,1683,Style,0.0000,,,68.0000,,,,,,,,,,0.00,0.00,0.00,,,,,,,,,,,,,,,,,"2026-06-15 00:00:00","2026-06-10 00:00:00",,,,,,,,BLACK,0,,,,,"2026-09-22 00:00:00",0,0,,,,"2026-09-22 00:00:00",,,0.00,-24.00,-18.00,0.00,,,"2026-05-22 10:43:21",0.0000,0.0000,,,,,,,,,,,,"2026-09-11 00:00:00","2026-09-11 00:00:00",
EVT2035,RED,ACTIVE,,9.5000,,24.0000,,,,,adrian,"2026-05-22 10:43:21",HOL26,0.00,0.00,0.00,0.00,"ELEVATOR DISCO","26 OCT",,,,,,,0.0000,0.0000,0.0000,0.0000,,,,,,,,,,0,0,,,Style,XS-XL,"PIPER TOP",,,,,,,,,,adrian,"2026-05-22 10:43:21",,,,,,,,,,,,,1682,Style,0.0000,,,68.0000,,,,,,,,,,0.00,0.00,0.00,,,,,,,,,,,,,,,,,,,,,,,,,,RED,0,,,,,,0,0,,,,,,,0.00,0.00,0.00,0.00,,,"2026-05-22 10:43:21",0.0000,0.0000,,,,,,,,,,,,,,
EVT2036,"LIGHT BLUE",DROP,,0.0000,,21.0000,0.0000,0.0000,0.0000,0.0000,yosup,"2026-04-09 15:40:57",FW26,0.00,0.00,0.00,0.00,"ELEVATOR DISCO","26 AUG",,,,,,,0.0000,0.0000,0.0000,0.0000,,,,,,,,,,0,0,,,Style,XS-XL,"ROSIE BRA",TOPS,,,,,,,,,adrian,"2026-05-21 16:18:48",,,0.0000,,"EMBELLISHED POPLIN",,,,,,,N,1048,Style,0.0000,N,0.00,58.0000,,,,,0.0000,0.0000,0.0000,0.0000,0.0000,0.00,0.00,0.00,,,,,N,1-2-2-1,,,,,,,,,,,"2026-04-01 00:00:00",,,,,,,,,"LIGHT BLUE",0,,,,,,0,0,,,,,,,0.00,0.00,0.00,0.00,,,"2026-04-09 15:40:57",0.0000,0.0000,,,,,,,,,,,,,,
EVT2037,WHITE,DROP,,0.0000,,24.0000,0.0000,0.0000,0.0000,0.0000,yosup,"2026-04-09 15:40:57",FW26,0.00,0.00,0.00,0.00,"ELEVATOR DISCO","26 SEP",,,,,,,0.0000,0.0000,0.0000,0.0000,,,,,,,,,,0,0,,,Style,XS-XL,"CAMILLE BLOUSE",TOPS,,,,,,,,,adrian,"2026-05-22 09:41:02",,,0.0000,,SATIN,,,,,,,N,1110,Style,0.0000,N,0.00,68.0000,,,,,0.0000,0.0000,0.0000,0.0000,0.0000,0.00,0.00,0.00,,,,,N,1-2-2-1,,,,,,,,,,,"2026-05-27 00:00:00",,,,,,,,,WHITE,0,,,,,,0,0,,,,,,,0.00,0.00,0.00,0.00,,,"2026-04-09 15:40:57",0.0000,0.0000,,,,,,,,,,,,,,
EVT2038,"LIGHT BROWN",DROP,,0.0000,,21.0000,0.0000,0.0000,0.0000,0.0000,yosup,"2026-04-09 15:40:57",FW26,0.00,0.00,0.00,0.00,"ELEVATOR DISCO","26 AUG",,,,,,,0.0000,0.0000,0.0000,0.0000,,,,,,,,,,0,0,,,Style,XS-XL,"RUTH TANK TOP",TOPS,,,,,,,,,adrian,"2026-05-21 15:52:11",,,0.0000,,"PRINTED SATIN",,,,,,,N,1053,Style,0.0000,N,0.00,58.0000,,,,,0.0000,0.0000,0.0000,0.0000,0.0000,0.00,0.00,0.00,,,,,N,1-2-2-1,,,,,,,,,,,"2026-04-20 00:00:00",,,,,,,,,"LIGHT BROWN",0,,,,,,0,0,,,,,,,0.00,0.00,0.00,0.00,,,"2026-04-09 15:40:57",0.0000,0.0000,,,,,,,,,,,,,,
EVT2045,"LIGHT BROWN",ACTIVE,,0.0000,,27.0000,0.0000,0.0000,0.0000,0.0000,yosup,"2026-04-09 15:40:57",FW26,0.00,193.00,0.00,225.00,"ELEVATOR DISCO","26 AUG",,,,,,,0.0000,0.0000,0.0000,0.0000,,,,,,,,,,0,0,,,Style,XS-XL,"CLARISSA TOP",TOPS,,,,,,,,,minji,"2026-05-04 15:27:43",,,0.0000,,"PRINTED CHIFFON",,,,,,,N,1052,Style,0.0000,N,0.00,76.0000,,,,,0.0000,0.0000,0.0000,0.0000,0.0000,0.00,0.00,0.00,,,,,N,1-2-2-1,,,,,,,,,,,"2026-04-23 09:35:35","2026-05-14 00:00:00",,,,,,,,"LIGHT BROWN",0,,,,,,0,0,,,,,,,0.00,-193.00,32.00,0.00,,,"2026-04-09 15:40:57",0.0000,0.0000,,,,,,,,,,,,,,
EVT2050,BLACK,ACTIVE,,15.2000,,28.0000,0.0000,0.0000,0.0000,0.0000,yosup,"2026-04-09 15:40:57",FW26,0.00,42.00,0.00,114.00,"ELEVATOR DISCO","26 SEP",,,,,,,0.0000,0.0000,0.0000,0.0000,,,,,,,,,,0,0,,,Style,XS-XL,"BETTY STRIPED POLO",TOPS,KJ,,,,,,,,adrian,"2026-06-12 15:40:00",,,0.0000,,"BRUSHED RIBBED JERSE",,,,,,,N,1078,Style,0.0000,N,0.00,78.0000,,,,,0.0000,0.0000,0.0000,0.0000,0.0000,0.00,0.00,0.00,,,,,N,1-2-2-1,,,,,,,,,,,"2026-04-06 00:00:00","2026-06-01 00:00:00",,,,,,,,BLACK,0,,,,,,0,0,,,,,,,0.00,-42.00,72.00,0.00,,,"2026-04-09 15:40:57",0.0000,0.0000,,,,,,,,,,,,,,
EVT2054,"LIGHT BROWN",ACTIVE,,11.9000,,23.0000,0.0000,0.0000,0.0000,0.0000,yosup,"2026-04-09 15:40:57",FW26,0.00,66.00,0.00,102.00,"ELEVATOR DISCO","26 SEP",,,,,,,0.0000,0.0000,0.0000,0.0000,,,,,,,,,,0,0,,,Style,XS-XL,"VERA MOCHA TOP",TOPS,,,,,,,,,Marie,"2026-06-10 14:52:48",,,0.0000,,"FAUX FUR",,,,,,,N,1101,Style,0.0000,N,0.00,64.0000,,,,,0.0000,0.0000,0.0000,0.0000,0.0000,0.00,0.00,0.00,,,,,N,1-2-2-1,,,,,,,,,,,"2026-04-01 00:00:00","2026-04-23 00:00:00",,,,,,,,"LIGHT BROWN",0,,,,,,0,0,,,,,,,0.00,-66.00,36.00,0.00,,,"2026-04-09 15:40:57",0.0000,0.0000,,,,,,,,,,,,,,
EVT2054,OLIVE,DROP,,0.0000,,23.0000,0.0000,0.0000,0.0000,0.0000,yosup,"2026-04-09 15:40:57",FW26,0.00,0.00,0.00,0.00,"ELEVATOR DISCO","26 SEP",,,,,,,0.0000,0.0000,0.0000,0.0000,,,,,,,,,,0,0,,,Style,XS-XL,"VERA OLIVE TOP",TOPS,,,,,,,,,adrian,"2026-05-21 15:30:56",,,0.0000,,"FAUX FUR",,,,,,,N,1105,Style,0.0000,N,0.00,64.0000,,,,,0.0000,0.0000,0.0000,0.0000,0.0000,0.00,0.00,0.00,,,,,N,1-2-2-1,,,,,,,,,,,,,,,,,,,,OLIVE,0,,,,,,0,0,,,,,,,0.00,0.00,0.00,0.00,,,"2026-04-09 15:40:57",0.0000,0.0000,,,,,,,,,,,,,,
EVT2060,WHITE,ACTIVE,,13.8000,,31.0000,,,,,adrian,"2026-05-22 10:43:21",HOL26,0.00,0.00,0.00,0.00,"ELEVATOR DISCO","26 DEC",,,,,,,0.0000,0.0000,0.0000,0.0000,,,,,,,,,,0,0,,,Style,XS-XL,"ANYA SHIRT",,,,,,,,,,adrian,"2026-05-22 10:43:21",,,,,,,,,,,,,1565,Style,0.0000,,,88.0000,,,,,,,,,,0.00,0.00,0.00,,,,,,,,,,,,,,,,,,,,,,,,,,WHITE,0,,,,,,0,0,,,,,,,0.00,0.00,0.00,0.00,,,"2026-05-22 10:43:21",0.0000,0.0000,,,,,,,,,,,,,,
EVT2061,"PINK MULTI",ACTIVE,,18.0000,,31.0000,,,,,adrian,"2026-05-22 10:43:21",HOL26,0.00,18.00,0.00,0.00,"ELEVATOR DISCO","26 OCT",,,,,,,0.0000,0.0000,0.0000,0.0000,,,,,,,,,,0,0,,,Style,XS-XL,"ROSIE SWEATER",,,,,,,,,,adrian,"2026-05-22 10:43:21",,,,,,,,,,,,,1676,Style,0.0000,,,88.0000,,,,,,,,,,0.00,0.00,0.00,,,,,,,,,,,,,,,,,"2026-06-22 00:00:00",,,,,,,,,"PINK MULTI",0,,,,,,0,0,,,,,,,0.00,-18.00,-18.00,0.00,,,"2026-05-22 10:43:21",0.0000,0.0000,,,,,,,,,,,,,,
EVT2062,FLORAL,ACTIVE,,16.0000,,31.0000,,,,,adrian,"2026-05-22 10:43:21",HOL26,0.00,0.00,0.00,0.00,"ELEVATOR DISCO","26 DEC",,,,,,,0.0000,0.0000,0.0000,0.0000,,,,,,,,,,0,0,,,Style,XS-XL,"ANYA SHIRT",,,,,,,,,,adrian,"2026-05-22 10:43:21",,,,,,,,,,,,,1564,Style,0.0000,,,88.0000,,,,,,,,,,0.00,0.00,0.00,,,,,,,,,,,,,,,,,,,,,,,,,,FLORAL,0,,,,,,0,0,,,,,,,0.00,0.00,0.00,0.00,,,"2026-05-22 10:43:21",0.0000,0.0000,,,,,,,,,,,,,,
EVT2070,BLACK,ACTIVE,,14.0000,,29.0000,0.0000,0.0000,0.0000,0.0000,adrian,"2026-05-22 10:43:21",HOL26,0.00,6.00,0.00,0.00,"ELEVATOR DISCO","26 OCT",,,,,,,0.0000,0.0000,0.0000,0.0000,,,,,,,,,,0,0,,,Style,XS-XL,"SIENNA BOW TOP",,,,,,,,,,design,"2026-05-26 11:29:34",,,0.0000,,,,,,,,,N,1639,Style,0.0000,N,0.00,78.0000,,,,,0.0000,0.0000,0.0000,0.0000,0.0000,0.00,0.00,0.00,,,,,N,1-2-2-1,,,,,,,,,,,"2026-06-09 00:00:00",,,,,,,,,BLACK,0,,,,,,0,0,,,,,,,0.00,-6.00,-6.00,0.00,,,"2026-05-22 10:43:21",0.0000,0.0000,,,,,,,,,,,,,,
EVT2070,BROWN,ACTIVE,,14.0000,,29.0000,,,,,adrian,"2026-05-22 10:43:21",HOL26,0.00,0.00,0.00,0.00,"ELEVATOR DISCO","26 DEC",,,,,,,0.0000,0.0000,0.0000,0.0000,,,,,,,,,,0,0,,,Style,XS-XL,"SIENNA TOP",,,,,,,,,,adrian,"2026-05-22 10:43:21",,,,,,,,,,,,,1567,Style,0.0000,,,78.0000,,,,,,,,,,0.00,0.00,0.00,,,,,,,,,,,,,,,,,,,,,,,,,,BROWN,0,,,,,,0,0,,,,,,,0.00,0.00,0.00,0.00,,,"2026-05-22 10:43:21",0.0000,0.0000,,,,,,,,,,,,,,
EVT2071,GREY,ACTIVE,,19.0000,,35.0000,,,,,adrian,"2026-05-22 10:43:21",HOL26,0.00,6.00,0.00,0.00,"ELEVATOR DISCO","26 NOV",,,,,,,0.0000,0.0000,0.0000,0.0000,,,,,,,,,,0,0,,,Style,XS-XL,"BLAIRE TOP",,,,,,,,,,adrian,"2026-05-22 10:43:21",,,,,,,,,,,,,1630,Style,0.0000,,,98.0000,,,,,,,,,,0.00,0.00,0.00,,,,,,,,,,,,,,,,,"2026-05-13 00:00:00",,,,,,,,,GREY,0,,,,,,0,0,,,,,,,0.00,-6.00,-6.00,0.00,,,"2026-05-22 10:43:21",0.0000,0.0000,,,,,,,,,,,,,,
EVT2072,BLUE,ACTIVE,,15.9000,,31.0000,,,,,adrian,"2026-05-22 10:43:21",HOL26,0.00,30.00,0.00,0.00,"ELEVATOR DISCO","26 NOV",,,,,,,0.0000,0.0000,0.0000,0.0000,,,,,,,,,,0,0,,,Style,XS-XL,"EIRA BLOUSE",,,,,,,,,,adrian,"2026-05-22 10:43:21",,,,,,,,,,,,,1631,Style,0.0000,,,88.0000,,,,,,,,,,0.00,0.00,0.00,,,,,,,,,,,,,,,,,"2026-06-15 00:00:00",,,,,,,,,BLUE,0,,,,,,0,0,,,,,,,0.00,-30.00,-30.00,0.00,,,"2026-05-22 10:43:21",0.0000,0.0000,,,,,,,,,,,,,,
EVT2073,PLUM,ACTIVE,,16.5000,,35.0000,,,,,adrian,"2026-05-22 10:43:21",HOL26,0.00,24.00,0.00,0.00,"ELEVATOR DISCO","26 OCT",,,,,,,0.0000,0.0000,0.0000,0.0000,,,,,,,,,,0,0,,,Style,XS-XL,"FREYA PJ SHIRT",,,,,,,,,,adrian,"2026-05-22 10:43:21",,,,,,,,,,,,,1641,Style,0.0000,,,98.0000,,,,,,,,,,0.00,0.00,0.00,,,,,,,,,,,,,,,,,"2026-06-12 00:00:00",,,,,,,,,PLUM,0,,,,,,0,0,,,,,,,0.00,-24.00,-24.00,0.00,,,"2026-05-22 10:43:21",0.0000,0.0000,,,,,,,,,,,,,,
EVT2074,BLACK,ACTIVE,,16.2000,,35.0000,,,,,adrian,"2026-05-22 10:43:21",HOL26,0.00,36.00,0.00,0.00,"ELEVATOR DISCO","26 NOV",,,,,,,0.0000,0.0000,0.0000,0.0000,,,,,,,,,,0,0,,,Style,XS-XL,"FREYA FEATHER SHIRT",,,,,,,,,,adrian,"2026-05-22 10:43:21",,,,,,,,,,,,,1622,Style,0.0000,,,98.0000,,,,,,,,,,0.00,0.00,0.00,,,,,,,,,,,,,,,,,"2026-06-15 00:00:00",,,,,,,,,BLACK,0,,,,,,0,0,,,,,,,0.00,-36.00,-36.00,0.00,,,"2026-05-22 10:43:21",0.0000,0.0000,,,,,,,,,,,,,,
EVT2075,BROWN,ACTIVE,,15.5000,,31.0000,,,,,adrian,"2026-05-22 10:43:21",HOL26,0.00,36.00,0.00,0.00,"ELEVATOR DISCO","26 DEC",,,,,,,0.0000,0.0000,0.0000,0.0000,,,,,,,,,,0,0,,,Style,XS-XL,"EMERSON SHIRT",,,,,,,,,,adrian,"2026-05-22 10:43:21",,,,,,,,,,,,,1571,Style,0.0000,,,88.0000,,,,,,,,,,0.00,0.00,0.00,,,,,,,,,,,,,,,,,"2026-06-16 00:00:00",,,,,,,,,BROWN,0,,,,,,0,0,,,,,,,0.00,-36.00,-36.00,0.00,,,"2026-05-22 10:43:21",0.0000,0.0000,,,,,,,,,,,,,,
EVT2077,MINT,ACTIVE,,12.2000,,0.0000,0.0000,0.0000,0.0000,0.0000,design,"2026-06-22 13:44:11",,0.00,0.00,0.00,0.00,FREESIA,LULUS,,,,,,,0.0000,0.0000,0.0000,0.0000,,,,,,,,,,0,0,,,Style,XS-L,,TOPS,,,,,,,,,minji,"2026-06-25 14:04:41",Import,,0.0000,,,,,,,,,N,1711,Style,0.0000,N,0.00,0.0000,,,,,0.0000,0.0000,0.0000,0.0000,0.0000,0.00,0.00,0.00,,,,,N,,,,,,PO,,,,,,,,,,,,,,,MINT,0,,,,"2026-06-22 13:43:56",,0,0,,,,,,,0.00,0.00,0.00,0.00,,,"2026-06-22 13:44:11",0.0000,0.0000,,,,,,,,,,,,,,
EVT2077A,FLORAL,ACTIVE,,0.0000,,0.0000,0.0000,0.0000,0.0000,0.0000,design,"2026-06-22 13:52:02",,0.00,0.00,0.00,0.00,FREESIA,LULUS,,,,,,,0.0000,0.0000,0.0000,0.0000,,,,,,,,,,0,0,,,Style,XS-L,,TOPS,,,,,,,,,minji,"2026-06-25 14:04:57",Import,,0.0000,,,,,,,,,N,1719,Style,0.0000,N,0.00,0.0000,,,,,0.0000,0.0000,0.0000,0.0000,0.0000,0.00,0.00,0.00,,,,,N,,,,,,PO,,,,,,,,,,,,,,,FLORAL,0,,,,"2026-06-22 13:51:47",,0,0,,,,,,,0.00,0.00,0.00,0.00,,,"2026-06-22 13:52:02",0.0000,0.0000,,,,,,,,,,,,,,
EVT2078,CHAMPAGNE,ACTIVE,,14.5000,,31.0000,,,,,adrian,"2026-05-22 10:43:21",HOL26,0.00,42.00,0.00,0.00,"ELEVATOR DISCO","26 OCT",,,,,,,0.0000,0.0000,0.0000,0.0000,,,,,,,,,,0,0,,,Style,XS-XL,"ANASTASIA TOP",,,,,,,,,,adrian,"2026-05-22 10:43:21",,,,,,,,,,,,,1642,Style,0.0000,,,88.0000,,,,,,,,,,0.00,0.00,0.00,,,,,,,,,,,,,,,,,"2026-06-16 00:00:00",,,,,,,,,,0,,,,,,0,0,,,,,,,0.00,-42.00,-42.00,0.00,,,"2026-05-22 10:43:21",0.0000,0.0000,,,,,,,,,,,,,,
EVT2078,"RED BLACK",ACTIVE,,14.5000,,31.0000,,,,,adrian,"2026-05-22 10:43:21",HOL26,0.00,6.00,0.00,0.00,"ELEVATOR DISCO","26 OCT",,,,,,,0.0000,0.0000,0.0000,0.0000,,,,,,,,,,0,0,,,Style,XS-XL,"ANASTASIA TOP",,,,,,,,,,adrian,"2026-05-22 10:43:21",,,,,,,,,,,,,1681,Style,0.0000,,,88.0000,,,,,,,,,,0.00,0.00,0.00,,,,,,,,,,,,,,,,,"2026-06-24 00:00:00",,,,,,,,,"RED BLACK",0,,,,,,0,0,,,,,,,0.00,-6.00,-6.00,0.00,,,"2026-05-22 10:43:21",0.0000,0.0000,,,,,,,,,,,,,,
EVT2079,PLUM,ACTIVE,,13.0000,,28.0000,,,,,adrian,"2026-05-22 10:43:21",HOL26,0.00,0.00,0.00,0.00,"ELEVATOR DISCO","26 OCT",,,,,,,0.0000,0.0000,0.0000,0.0000,,,,,,,,,,0,0,,,Style,XS-XL,"CAMILLE BLOUSE",,,,,,,,,,adrian,"2026-05-22 10:43:21",,,,,,,,,,,,,1634,Style,0.0000,,,78.0000,,,,,,,,,,0.00,0.00,0.00,,,,,,,,,,,,,,,,,,,,,,,,,,PLUM,0,,,,,,0,0,,,,,,,0.00,0.00,0.00,0.00,,,"2026-05-22 10:43:21",0.0000,0.0000,,,,,,,,,,,,,,
EVT2081,PURPLE,ACTIVE,,12.9000,,25.0000,0.0000,0.0000,0.0000,0.0000,adrian,"2026-05-22 10:43:21",HOL26,0.00,0.00,0.00,0.00,"ELEVATOR DISCO","26 OCT",,,,,,,0.0000,0.0000,0.0000,0.0000,,,,,,,,,,0,0,,,Style,XS-XL,"LYLA TOP",,,,,,,,,,design,"2026-05-26 11:36:05",,,0.0000,,,,,,,,,N,1640,Style,0.0000,N,0.00,68.0000,,,,,0.0000,0.0000,0.0000,0.0000,0.0000,0.00,0.00,0.00,,,,,N,1-2-2-1,,,,,,,,,,,,,,,,,,,,PURPLE,0,,,,,,0,0,,,,,,,0.00,0.00,0.00,0.00,,,"2026-05-22 10:43:21",0.0000,0.0000,,,,,,,,,,,,,,
EVT2082,PINK,ACTIVE,,17.0000,,33.0000,,,,,adrian,"2026-05-22 10:43:21",HOL26,0.00,6.00,0.00,0.00,"ELEVATOR DISCO","26 DEC",,,,,,,0.0000,0.0000,0.0000,0.0000,,,,,,,,,,0,0,,,Style,XS-XL,"LILA BLOUSE",,,,,,,,,,adrian,"2026-05-22 10:43:21",,,,,,,,,,,,,1577,Style,0.0000,,,88.0000,,,,,,,,,,0.00,0.00,0.00,,,,,,,,,,,,,,,,,"2026-06-22 00:00:00",,,,,,,,,PINK,0,,,,,,0,0,,,,,,,0.00,-6.00,-6.00,0.00,,,"2026-05-22 10:43:21",0.0000,0.0000,,,,,,,,,,,,,,
EVT2083,"BROWN BLUE",ACTIVE,,18.0000,,33.0000,,,,,adrian,"2026-05-22 10:43:21",HOL26,0.00,36.00,0.00,0.00,"ELEVATOR DISCO","26 NOV",,,,,,,0.0000,0.0000,0.0000,0.0000,,,,,,,,,,0,0,,,Style,XS-XL,"AMELIA TOP",,,,,,,,,,adrian,"2026-05-22 10:43:21",,,,,,,,,,,,,1632,Style,0.0000,,,88.0000,,,,,,,,,,0.00,0.00,0.00,,,,,,,,,,,,,,,,,"2026-06-15 00:00:00",,,,,,,,,"BROWN BLUE",0,,,,,,0,0,,,,,,,0.00,-36.00,-36.00,0.00,,,"2026-05-22 10:43:21",0.0000,0.0000,,,,,,,,,,,,,,
EVT2084,PURPLE,ACTIVE,,22.0000,,33.0000,,,,,adrian,"2026-05-22 10:43:21",HOL26,0.00,18.00,0.00,0.00,"ELEVATOR DISCO","26 NOV",,,,,,,0.0000,0.0000,0.0000,0.0000,,,,,,,,,,0,0,,,Style,XS-XL,"CRYSTAL BLOUSE",,,,,,,,,,adrian,"2026-05-22 10:43:21",,,,,,,,,,,,,1595,Style,0.0000,,,88.0000,,,,,,,,,,0.00,0.00,0.00,,,,,,,,,,,,,,,,,"2026-06-15 00:00:00",,,,,,,,,PURPLE,0,,,,,,0,0,,,,,,,0.00,-18.00,-18.00,0.00,,,"2026-05-22 10:43:21",0.0000,0.0000,,,,,,,,,,,,,,
EVT2085,NAVY,ACTIVE,,16.0000,,33.0000,,,,,adrian,"2026-05-22 10:43:21",HOL26,0.00,48.00,0.00,0.00,"ELEVATOR DISCO","26 NOV",,,,,,,0.0000,0.0000,0.0000,0.0000,,,,,,,,,,0,0,,,Style,XS-XL,"AMELIA TOP",,,,,,,,,,adrian,"2026-05-22 10:43:21",,,,,,,,,,,,,1633,Style,0.0000,,,88.0000,,,,,,,,,,0.00,0.00,0.00,,,,,,,,,,,,,,,,,"2026-06-24 00:00:00",,,,,,,,,NAVY,0,,,,,,0,0,,,,,,,0.00,-48.00,-48.00,0.00,,,"2026-05-22 10:43:21",0.0000,0.0000,,,,,,,,,,,,,,
EVT2086,"WINE MULTI",ACTIVE,,16.3000,,31.0000,,,,,adrian,"2026-05-22 10:43:21",HOL26,0.00,0.00,0.00,0.00,"ELEVATOR DISCO","26 OCT",,,,,,,0.0000,0.0000,0.0000,0.0000,,,,,,,,,,0,0,,,Style,XS-XL,"JESSICA BLOUSE",,,,,,,,,,adrian,"2026-05-22 10:43:21",,,,,,,,,,,,,1635,Style,0.0000,,,88.0000,,,,,,,,,,0.00,0.00,0.00,,,,,,,,,,,,,,,,,,,,,,,,,,"WINE MULTI",0,,,,,,0,0,,,,,,,0.00,0.00,0.00,0.00,,,"2026-05-22 10:43:21",0.0000,0.0000,,,,,,,,,,,,,,
EVT2088,BLACK,ACTIVE,,10.2000,,24.0000,,,,,adrian,"2026-05-22 10:43:21",HOL26,0.00,12.00,0.00,0.00,"ELEVATOR DISCO","26 DEC",,,,,,,0.0000,0.0000,0.0000,0.0000,,,,,,,,,,0,0,,,Style,XS-XL,"WINNIE CORSET TOP",,,,,,,,,,adrian,"2026-05-22 10:43:21",,,,,,,,,,,,,1587,Style,0.0000,,,68.0000,,,,,,,,,,0.00,0.00,0.00,,,,,,,,,,,,,,,,,"2026-06-16 00:00:00",,,,,,,,,BLACK,0,,,,,,0,0,,,,,,,0.00,-12.00,-12.00,0.00,,,"2026-05-22 10:43:21",0.0000,0.0000,,,,,,,,,,,,,,
EVT2089,IVORY,ACTIVE,,0.0000,,0.0000,0.0000,0.0000,0.0000,0.0000,design,"2026-06-25 11:08:36",,0.00,0.00,0.00,0.00,"ELEVATOR DISCO",,,,,,,,0.0000,0.0000,0.0000,0.0000,,,,,,,,,,0,0,,,Style,XS-L,,TOPS,,,,,,,,,design,"2026-06-25 11:08:44",Import,,0.0000,,,,,,,,,N,1738,Style,0.0000,N,0.00,0.0000,,,,,0.0000,0.0000,0.0000,0.0000,0.0000,0.00,0.00,0.00,,,,,N,,,,,,PO,,,,,,,,,,,,,,,IVORY,0,,,,"2026-06-25 11:08:20",,0,0,,,,,,,0.00,0.00,0.00,0.00,,,"2026-06-25 11:08:36",0.0000,0.0000,,,,,,,,,,,,,,
EVT2093,BLACK,ACTIVE,,14.0000,,28.0000,,,,,adrian,"2026-05-22 10:43:21",HOL26,0.00,6.00,0.00,0.00,"ELEVATOR DISCO","26 OCT",,,,,,,0.0000,0.0000,0.0000,0.0000,,,,,,,,,,0,0,,,Style,XS-XL,"RHEA TOP",,,,,,,,,,adrian,"2026-05-22 10:43:21",,,,,,,,,,,,,1636,Style,0.0000,,,78.0000,,,,,,,,,,0.00,0.00,0.00,,,,,,,,,,,,,,,,,"2026-05-26 00:00:00",,,,,,,,,BLACK,0,,,,,,0,0,,,,,,,0.00,-6.00,-6.00,0.00,,,"2026-05-22 10:43:21",0.0000,0.0000,,,,,,,,,,,,,,
EVT2094,"NAVY WHITE",ACTIVE,,9.5000,,0.0000,0.0000,0.0000,0.0000,0.0000,design,"2026-06-25 11:30:12",,0.00,0.00,0.00,0.00,"ELEVATOR DISCO",,,,,,,,0.0000,0.0000,0.0000,0.0000,,,,,,,,,,0,0,,,Style,XS-L,,TOPS,,,,,,,,,design,"2026-06-25 11:30:43",Import,,0.0000,,,,,,,,,N,1752,Style,0.0000,N,0.00,0.0000,,,,,0.0000,0.0000,0.0000,0.0000,0.0000,0.00,0.00,0.00,,,,,N,,,,,,PO,,,,,,,,,,,,,,,"NAVY WHITE",0,,,,"2026-06-25 11:29:38",,0,0,,,,,,,0.00,0.00,0.00,0.00,,,"2026-06-25 11:30:12",0.0000,0.0000,,,,,,,,,,,,,,
EVT2095,BLUSH,ACTIVE,,9.8000,,0.0000,0.0000,0.0000,0.0000,0.0000,design,"2026-06-25 11:16:32",,0.00,0.00,0.00,0.00,"ELEVATOR DISCO",,,,,,,,0.0000,0.0000,0.0000,0.0000,,,,,,,,,,0,0,,,Style,XS-L,,TOPS,,,,,,,,,design,"2026-06-25 11:16:57",Import,,0.0000,,,,,,,,,N,1743,Style,0.0000,N,0.00,0.0000,,,,,0.0000,0.0000,0.0000,0.0000,0.0000,0.00,0.00,0.00,,,,,N,,,,,,PO,,,,,,,,,,,,,,,BLUSH,0,,,,"2026-06-25 11:16:07",,0,0,,,,,,,0.00,0.00,0.00,0.00,,,"2026-06-25 11:16:32",0.0000,0.0000,,,,,,,,,,,,,,
EVT2097,WHITE,ACTIVE,,14.5000,,0.0000,0.0000,0.0000,0.0000,0.0000,design,"2026-06-25 11:22:10",,0.00,0.00,0.00,0.00,"ELEVATOR DISCO",,,,,,,,0.0000,0.0000,0.0000,0.0000,,,,,,,,,,0,0,,,Style,XS-L,,TOPS,,,,,,,,,design,"2026-06-25 11:22:24",Import,,0.0000,,,,,,,,,N,1747,Style,0.0000,N,0.00,0.0000,,,,,0.0000,0.0000,0.0000,0.0000,0.0000,0.00,0.00,0.00,,,,,N,,,,,,PO,,,,,,,,,,,,,,,WHITE,0,,,,"2026-06-25 11:21:07",,0,0,,,,,,,0.00,0.00,0.00,0.00,,,"2026-06-25 11:22:10",0.0000,0.0000,,,,,,,,,,,,,,
EVT2097A,BROWN,ACTIVE,,14.5000,,0.0000,0.0000,0.0000,0.0000,0.0000,design,"2026-06-25 11:26:40",,0.00,0.00,0.00,0.00,"ELEVATOR DISCO",,,,,,,,0.0000,0.0000,0.0000,0.0000,,,,,,,,,,0,0,,,Style,XS-L,,TOPS,,,,,,,,,design,"2026-06-25 11:29:22",Import,,0.0000,,,,,,,,,N,1751,Style,0.0000,N,0.00,0.0000,,,,,0.0000,0.0000,0.0000,0.0000,0.0000,0.00,0.00,0.00,,,,,N,,,,,,PO,,,,,,,,,,,,,,,BROWN,0,,,,"2026-06-25 11:25:55",,0,0,,,,,,,0.00,0.00,0.00,0.00,,,"2026-06-25 11:26:40",0.0000,0.0000,,,,,,,,,,,,,,
EVT2098,BROWN,ACTIVE,,14.8000,,0.0000,0.0000,0.0000,0.0000,0.0000,design,"2026-06-25 11:35:14",,0.00,0.00,0.00,0.00,"ELEVATOR DISCO",,,,,,,,0.0000,0.0000,0.0000,0.0000,,,,,,,,,,0,0,,,Style,XS-L,,TOPS,,,,,,,,,design,"2026-06-25 11:35:24",Import,,0.0000,,,,,,,,,N,1755,Style,0.0000,N,0.00,0.0000,,,,,0.0000,0.0000,0.0000,0.0000,0.0000,0.00,0.00,0.00,,,,,N,,,,,,PO,,,,,,,,,,,,,,,BROWN,0,,,,"2026-06-25 11:35:03",,0,0,,,,,,,0.00,0.00,0.00,0.00,,,"2026-06-25 11:35:14",0.0000,0.0000,,,,,,,,,,,,,,
EVT2099,IVORY,ACTIVE,,16.2500,,0.0000,0.0000,0.0000,0.0000,0.0000,design,"2026-06-25 11:23:37",,0.00,0.00,0.00,0.00,"ELEVATOR DISCO",,,,,,,,0.0000,0.0000,0.0000,0.0000,,,,,,,,,,0,0,,,Style,XS-L,,TOPS,,,,,,,,,design,"2026-06-25 11:25:00",Import,,0.0000,,,,,,,,,N,1749,Style,0.0000,N,0.00,0.0000,,,,,0.0000,0.0000,0.0000,0.0000,0.0000,0.00,0.00,0.00,,,,,N,,,,,,PO,,,,,,,,,,,,,,,IVORY,0,,,,"2026-06-25 11:23:07",,0,0,,,,,,,0.00,0.00,0.00,0.00,,,"2026-06-25 11:23:37",0.0000,0.0000,,,,,,,,,,,,,,
EVT2100,FLORAL,ACTIVE,,17.8000,,,,,,,design,"2026-06-25 11:36:36",,0.00,0.00,0.00,0.00,"ELEVATOR DISCO",,,,,,,,0.0000,0.0000,0.0000,0.0000,,,,,,,,,,0,0,,,Style,XS-L,,TOPS,,,,,,,,,design,"2026-06-25 11:36:36",Import,,,,,,,,,,,N,1757,Style,0.0000,N,,0.0000,,,,,,,,,,0.00,0.00,0.00,,,,,N,,,,,,PO,,,,,,,,,,,,,,,FLORAL,0,,,,"2026-06-25 11:36:14",,0,0,,,,,,,0.00,0.00,0.00,0.00,,,"2026-06-25 11:36:36",0.0000,0.0000,,,,,,,,,,,,,,
EVT2101,FLORAL,ACTIVE,,14.3000,,0.0000,0.0000,0.0000,0.0000,0.0000,design,"2026-06-22 13:48:46",,0.00,0.00,0.00,0.00,"ELEVATOR DISCO",,,,,,,,0.0000,0.0000,0.0000,0.0000,,,,,,,,,,0,0,,,Style,XS-L,,TOPS,,,,,,,,,design,"2026-06-22 13:48:54",Import,,0.0000,,,,,,,,,N,1714,Style,0.0000,N,0.00,0.0000,,,,,0.0000,0.0000,0.0000,0.0000,0.0000,0.00,0.00,0.00,,,,,N,,,,,,PO,,,,,,,,,,,,,,,FLORAL,0,,,,"2026-06-22 13:45:38",,0,0,,,,,,,0.00,0.00,0.00,0.00,,,"2026-06-22 13:48:46",0.0000,0.0000,,,,,,,,,,,,,,
EVT2102,BLUE,ACTIVE,,14.3000,,0.0000,0.0000,0.0000,0.0000,0.0000,design,"2026-06-22 13:43:33",,0.00,0.00,0.00,0.00,"ELEVATOR DISCO",,,,,,,,0.0000,0.0000,0.0000,0.0000,,,,,,,,,,0,0,,,Style,XS-L,,TOPS,,,,,,,,,design,"2026-06-22 13:43:44",Import,,0.0000,,,,,,,,,N,1710,Style,0.0000,N,0.00,0.0000,,,,,0.0000,0.0000,0.0000,0.0000,0.0000,0.00,0.00,0.00,,,,,N,,,,,,PO,,,,,,,,,,,,,,,BLUE,0,,,,"2026-06-22 13:43:22",,0,0,,,,,,,0.00,0.00,0.00,0.00,,,"2026-06-22 13:43:33",0.0000,0.0000,,,,,,,,,,,,,,
EVT2102A,"PINK MULTI",ACTIVE,,0.0000,,0.0000,0.0000,0.0000,0.0000,0.0000,design,"2026-06-22 13:35:34",,0.00,0.00,0.00,0.00,"ELEVATOR DISCO",,,,,,,,0.0000,0.0000,0.0000,0.0000,,,,,,,,,,0,0,,,Style,XS-L,,TOPS,,,,,,,,,design,"2026-06-22 13:35:56",Import,,0.0000,,,,,,,,,N,1701,Style,0.0000,N,0.00,0.0000,,,,,0.0000,0.0000,0.0000,0.0000,0.0000,0.00,0.00,0.00,,,,,N,,,,,,PO,,,,,,,,,,,,,,,"PINK MULTI",0,,,,"2026-06-22 13:33:34",,0,0,,,,,,,0.00,0.00,0.00,0.00,,,"2026-06-22 13:35:34",0.0000,0.0000,,,,,,,,,,,,,,
EVT2105,PINK,ACTIVE,,12.8000,,0.0000,0.0000,0.0000,0.0000,0.0000,design,"2026-06-22 16:26:26",,0.00,0.00,0.00,0.00,"ELEVATOR DISCO",,,,,,,,0.0000,0.0000,0.0000,0.0000,,,,,,,,,,0,0,,,Style,XS-L,,TOPS,,,,,,,,,design,"2026-06-22 16:26:36",Import,,0.0000,,,,,,,,,N,1733,Style,0.0000,N,0.00,0.0000,,,,,0.0000,0.0000,0.0000,0.0000,0.0000,0.00,0.00,0.00,,,,,N,,,,,,PO,,,,,,,,,,,,,,,PINK,0,,,,"2026-06-22 16:26:07",,0,0,,,,,,,0.00,0.00,0.00,0.00,,,"2026-06-22 16:26:26",0.0000,0.0000,,,,,,,,,,,,,,
EVT2106,YELLOW,ACTIVE,,19.5000,,0.0000,0.0000,0.0000,0.0000,0.0000,design,"2026-06-22 13:53:02",,0.00,0.00,0.00,0.00,"ELEVATOR DISCO",,,,,,,,0.0000,0.0000,0.0000,0.0000,,,,,,,,,,0,0,,,Style,XS-L,,TOPS,,,,,,,,,design,"2026-06-22 13:53:13",Import,,0.0000,,,,,,,,,N,1721,Style,0.0000,N,0.00,0.0000,,,,,0.0000,0.0000,0.0000,0.0000,0.0000,0.00,0.00,0.00,,,,,N,,,,,,PO,,,,,,,,,,,,,,,YELLOW,0,,,,"2026-06-22 13:52:45",,0,0,,,,,,,0.00,0.00,0.00,0.00,,,"2026-06-22 13:53:02",0.0000,0.0000,,,,,,,,,,,,,,
EVT2107,"WHITE BLACK",ACTIVE,,16.8000,,0.0000,0.0000,0.0000,0.0000,0.0000,design,"2026-06-23 08:54:33",,0.00,0.00,0.00,0.00,"ELEVATOR DISCO",,,,,,,,0.0000,0.0000,0.0000,0.0000,,,,,,,,,,0,0,,,Style,XS-L,,TOPS,,,,,,,,,design,"2026-06-23 08:54:42",Import,,0.0000,,,,,,,,,N,1735,Style,0.0000,N,0.00,0.0000,,,,,0.0000,0.0000,0.0000,0.0000,0.0000,0.00,0.00,0.00,,,,,N,,,,,,PO,,,,,,,,,,,,,,,"WHITE BLACK",0,,,,"2026-06-23 08:54:17",,0,0,,,,,,,0.00,0.00,0.00,0.00,,,"2026-06-23 08:54:33",0.0000,0.0000,,,,,,,,,,,,,,
EVT2109,BLUSH,ACTIVE,,21.3800,,0.0000,0.0000,0.0000,0.0000,0.0000,design,"2026-06-22 16:22:31",,0.00,0.00,0.00,0.00,"ELEVATOR DISCO",,,,,,,,0.0000,0.0000,0.0000,0.0000,,,,,,,,,,0,0,,,Style,XS-L,,TOPS,,,,,,,,,design,"2026-06-22 16:22:37",Import,,0.0000,,,,,,,,,N,1727,Style,0.0000,N,0.00,0.0000,,,,,0.0000,0.0000,0.0000,0.0000,0.0000,0.00,0.00,0.00,,,,,N,,,,,,PO,,,,,,,,,,,,,,,BLUSH,0,,,,"2026-06-22 16:22:15",,0,0,,,,,,,0.00,0.00,0.00,0.00,,,"2026-06-22 16:22:31",0.0000,0.0000,,,,,,,,,,,,,,
EVT2112,BROWN,ACTIVE,,20.8500,,0.0000,0.0000,0.0000,0.0000,0.0000,design,"2026-06-22 13:45:22",,0.00,0.00,0.00,0.00,"ELEVATOR DISCO",,,,,,,,0.0000,0.0000,0.0000,0.0000,,,,,,,,,,0,0,,,Style,XS-L,,TOPS,,,,,,,,,design,"2026-06-22 13:45:29",Import,,0.0000,,,,,,,,,N,1713,Style,0.0000,N,0.00,0.0000,,,,,0.0000,0.0000,0.0000,0.0000,0.0000,0.00,0.00,0.00,,,,,N,,,,,,PO,,,,,,,,,,,,,,,BROWN,0,,,,"2026-06-22 13:45:06",,0,0,,,,,,,0.00,0.00,0.00,0.00,,,"2026-06-22 13:45:22",0.0000,0.0000,,,,,,,,,,,,,,
EVW5002,"DARK RED",DROP,,0.0000,,29.0000,0.0000,0.0000,0.0000,0.0000,yosup,"2026-04-09 15:40:57",FW26,0.00,0.00,0.00,0.00,"ELEVATOR DISCO","26 AUG",,,,,,,0.0000,0.0000,0.0000,0.0000,,,,,,,,,,0,0,,,Style,XS-XL,"JODEY CARDIGAN",SWEATERS,,,,,,,,,adrian,"2026-05-21 15:31:37",,,0.0000,,"WOOL KNITTED SWEATER",,,,,,,N,1040,Style,0.0000,N,0.00,78.0000,,,,,0.0000,0.0000,0.0000,0.0000,0.0000,0.00,0.00,0.00,,,,,N,1-2-2-1,,,,,,,,,,,,,,,,,,,,"DARK RED",0,,,,,,0,0,,,,,,,0.00,0.00,0.00,0.00,,,"2026-04-09 15:40:57",0.0000,0.0000,,,,,,,,,,,,,,
EVW5003,GREEN,ACTIVE,,18.8000,,29.0000,0.0000,0.0000,0.0000,0.0000,adrian,"2026-05-22 10:43:21",HOL26,0.00,12.00,0.00,0.00,"ELEVATOR DISCO","26 OCT",,,,,,,0.0000,0.0000,0.0000,0.0000,,,,,,,,,,0,0,,,Style,XS-XL,"AMELIE SWEATER",,,,,,,,,,design,"2026-05-26 11:33:26",,,0.0000,,,,,,,,,N,1680,Style,0.0000,N,0.00,78.0000,,,,,0.0000,0.0000,0.0000,0.0000,0.0000,0.00,0.00,0.00,,,,,N,1-2-2-1,,,,,,,,,,,"2026-06-22 00:00:00",,,,,,,,,GREEN,0,,,,,,0,0,,,,,,,0.00,-12.00,-12.00,0.00,,,"2026-05-22 10:43:21",0.0000,0.0000,,,,,,,,,,,,,,
EVW5003,MAROON,ACTIVE,,18.8000,,29.0000,0.0000,0.0000,0.0000,0.0000,adrian,"2026-05-22 10:43:21",HOL26,0.00,0.00,0.00,0.00,"ELEVATOR DISCO","26 OCT",,,,,,,0.0000,0.0000,0.0000,0.0000,,,,,,,,,,0,0,,,Style,XS-XL,"AMELIE SWEATER",,,,,,,,,,design,"2026-05-26 11:32:25",,,0.0000,,,,,,,,,N,1679,Style,0.0000,N,0.00,78.0000,,,,,0.0000,0.0000,0.0000,0.0000,0.0000,0.00,0.00,0.00,,,,,N,1-2-2-1,,,,,,,,,,,,,,,,,,,,MAROON,0,,,,,,0,0,,,,,,,0.00,0.00,0.00,0.00,,,"2026-05-22 10:43:21",0.0000,0.0000,,,,,,,,,,,,,,
EVW5004,"GRAY MULTI",DROP,,0.0000,,31.0000,0.0000,0.0000,0.0000,0.0000,yosup,"2026-04-09 15:40:57",FW26,0.00,0.00,0.00,0.00,"ELEVATOR DISCO","26 AUG",,,,,,,0.0000,0.0000,0.0000,0.0000,,,,,,,,,,0,0,,,Style,XS-XL,"KRISTINA PULLOVER",SWEATERS,,,,,,,,,adrian,"2026-05-21 16:21:21",,,0.0000,,"AUSTRALIAN WOOL KNIT",,,,,,,N,1043,Style,0.0000,N,0.00,88.0000,,,,,0.0000,0.0000,0.0000,0.0000,0.0000,0.00,0.00,0.00,,,,,N,1-2-2-1,,,,,,,,,,,"2026-02-25 00:00:00",,,,,,,,,"GRAY MULTI",0,,,,,,0,0,,,,,,,0.00,0.00,0.00,0.00,,,"2026-04-09 15:40:57",0.0000,0.0000,,,,,,,,,,,,,,
EVW5006,"GRAY MULTI",DROP,,0.0000,,35.0000,0.0000,0.0000,0.0000,0.0000,yosup,"2026-04-09 15:40:57",FW26,0.00,0.00,0.00,0.00,"ELEVATOR DISCO","26 AUG",,,,,,,0.0000,0.0000,0.0000,0.0000,,,,,,,,,,0,0,,,Style,XS-XL,"CLARA CARDIGAN",SWEATERS,,,,,,,,,adrian,"2026-05-21 16:44:17",,,0.0000,,"WOOL BLEND KNITTED S",,,,,,,N,1045,Style,0.0000,N,0.00,98.0000,,,,,0.0000,0.0000,0.0000,0.0000,0.0000,0.00,0.00,0.00,,,,,N,1-2-2-1,,,,,,,,,,,"2026-04-22 00:00:00",,,,,,,,,"GRAY MULTI",0,,,,,,0,0,,,,,,,0.00,0.00,0.00,0.00,,,"2026-04-09 15:40:57",0.0000,0.0000,,,,,,,,,,,,,,
EVW5008,"GRAY MULTI",DROP,,0.0000,,31.0000,0.0000,0.0000,0.0000,0.0000,yosup,"2026-04-09 15:40:57",FW26,0.00,0.00,0.00,0.00,"ELEVATOR DISCO","26 AUG",,,,,,,0.0000,0.0000,0.0000,0.0000,,,,,,,,,,0,0,,,Style,XS-XL,"CATHERINE GREY CARDIGAN",SWEATERS,,,,,,,,,adrian,"2026-05-21 16:24:07",,,0.0000,,"KNITTED SWEATER",,,,,,,N,1044,Style,0.0000,N,0.00,88.0000,,,,,0.0000,0.0000,0.0000,0.0000,0.0000,0.00,0.00,0.00,,,,,N,1-2-2-1,,,,,,,,,,,"2026-03-19 00:00:00",,,,,,,,,"GRAY MULTI",0,,,,,,0,0,,,,,,,0.00,0.00,0.00,0.00,,,"2026-04-09 15:40:57",0.0000,0.0000,,,,,,,,,,,,,,
EVW5009,"LIGHT BEIGE",DROP,,0.0000,,31.0000,0.0000,0.0000,0.0000,0.0000,yosup,"2026-04-09 15:40:57",FW26,0.00,0.00,0.00,0.00,"ELEVATOR DISCO","26 SEP",,,,,,,0.0000,0.0000,0.0000,0.0000,,,,,,,,,,0,0,,,Style,XS-XL,"KENSINGTON SWEATER",SWEATERS,,,,,,,,,minji,"2026-06-24 15:57:59",,,0.0000,,"KNITTED SWEATER",,,,,,,N,1098,Style,0.0000,N,0.00,88.0000,,,,,0.0000,0.0000,0.0000,0.0000,0.0000,0.00,0.00,0.00,,,,,N,1-2-2-1,,,,,,,,,,,"2026-04-21 00:00:00",,,,,,,,,"LIGHT BEIGE",0,,,,,,0,0,,,,,,,0.00,0.00,0.00,0.00,,,"2026-04-09 15:40:57",0.0000,0.0000,,,,,,,,,,,,,,
EVW5014,YELLOW,ACTIVE,,0.0000,,28.0000,0.0000,0.0000,0.0000,0.0000,yosup,"2026-04-09 15:40:57",FW26,0.00,114.00,0.00,156.00,"ELEVATOR DISCO","26 JUL",,,,,,,0.0000,0.0000,0.0000,0.0000,,,,,,,,,,0,0,,,Style,XS-XL,"BONNIE SWEATER",SWEATERS,,,,,,,,,minji,"2026-04-24 12:05:09",,,0.0000,,"KNITTED SWEATER",,,,,,,N,1016,Style,0.0000,N,0.00,78.0000,,,,,0.0000,0.0000,0.0000,0.0000,0.0000,0.00,0.00,0.00,,,,,N,1-2-2-1,,,,,,,,,,,"2026-05-14 00:00:00","2026-04-24 00:00:00",,,,,,,,YELLOW,0,,,,,,0,0,,,,,,,0.00,-114.00,42.00,0.00,,,"2026-04-09 15:40:57",0.0000,0.0000,,,,,,,,,,,,,,
EVW5016,NATURAL,DROP,,0.0000,,31.0000,0.0000,0.0000,0.0000,0.0000,yosup,"2026-04-09 15:40:57",FW26,0.00,0.00,0.00,0.00,"ELEVATOR DISCO","26 AUG",,,,,,,0.0000,0.0000,0.0000,0.0000,,,,,,,,,,0,0,,,Style,XS-XL,"CHERRY CARDIGAN",SWEATERS,,,,,,,,,adrian,"2026-05-21 16:25:05",,,0.0000,,"KNITTED SWEATER",,,,,,,N,1058,Style,0.0000,N,0.00,88.0000,,,,,0.0000,0.0000,0.0000,0.0000,0.0000,0.00,0.00,0.00,,,,,N,1-2-2-1,,,,,,,,,,,"2026-03-31 00:00:00",,,,,,,,,NATURAL,0,,,,,,0,0,,,,,,,0.00,0.00,0.00,0.00,,,"2026-04-09 15:40:57",0.0000,0.0000,,,,,,,,,,,,,,
EVW5017,GRAY,DROP,,12.6000,,27.0000,0.0000,0.0000,0.0000,0.0000,yosup,"2026-04-09 15:40:57",FW26,0.00,0.00,0.00,0.00,"ELEVATOR DISCO","26 JUL",,,,,,,0.0000,0.0000,0.0000,0.0000,,,,,,,,,,0,0,,,Style,XS-XL,"LUCIA GREY SWEATER",SWEATERS,,,,,,,,,adrian,"2026-05-22 10:06:20",,,0.0000,,"POLY BLENDED KNITTED",,,,,,,N,995,Style,0.0000,N,0.00,78.0000,,,,,0.0000,0.0000,0.0000,0.0000,0.0000,0.00,0.00,0.00,,,,,N,1-2-2-1,,,,,,,,,,,"2026-04-23 00:00:00","2026-04-24 00:00:00",,,,,,,,GRAY,0,,,,,,0,0,,,,,,CHI,0.00,0.00,0.00,0.00,,,"2026-04-09 15:40:57",0.0000,0.0000,,,,,,,,,,,,,,
EVW5017,"LIGHT BLUE",ACTIVE,,0.0000,,27.0000,0.0000,0.0000,0.0000,0.0000,yosup,"2026-04-09 15:40:57",FW26,0.00,288.00,0.00,312.00,"ELEVATOR DISCO","26 JUL",,,,,,,0.0000,0.0000,0.0000,0.0000,,,,,,,,,,0,0,,,Style,XS-XL,"LUCY STRIPED SWEATER",SWEATERS,,,,,,,,,minji,"2026-04-23 16:40:04",,,0.0000,,"POLY BLENDED KNITTED",,,,,,,N,998,Style,0.0000,N,0.00,78.0000,,,,,0.0000,0.0000,0.0000,0.0000,0.0000,0.00,0.00,0.00,,,,,N,1-2-2-1,,,,,,,,,,,"2026-05-14 00:00:00","2026-05-14 00:00:00",,,,,,,,"LIGHT BLUE",0,,,,,,0,0,,,,,,,0.00,-288.00,24.00,0.00,,,"2026-04-09 15:40:57",0.0000,0.0000,,,,,,,,,,,,,,
EVW5020,BLACK,ACTIVE,,16.2500,,33.0000,,,,,adrian,"2026-05-22 10:43:21",HOL26,0.00,12.00,0.00,0.00,"ELEVATOR DISCO","26 OCT",,,,,,,0.0000,0.0000,0.0000,0.0000,,,,,,,,,,0,0,,,Style,XS-XL,"CAM CARDIGAN",,,,,,,,,,adrian,"2026-05-22 10:43:21",,,,,,,,,,,,,1677,Style,0.0000,,,88.0000,,,,,,,,,,0.00,0.00,0.00,,,,,,,,,,,,,,,,,"2026-05-26 00:00:00",,,,,,,,,BLACK,0,,,,,,0,0,,,,,,,0.00,-12.00,-12.00,0.00,,,"2026-05-22 10:43:21",0.0000,0.0000,,,,,,,,,,,,,,
EVW5021,RED,ACTIVE,,14.5000,,32.0000,0.0000,0.0000,0.0000,0.0000,adrian,"2026-05-22 10:43:21",HOL26,0.00,12.00,0.00,0.00,"ELEVATOR DISCO","26 OCT",,,,,,,0.0000,0.0000,0.0000,0.0000,,,,,,,,,,0,0,,,Style,XS-XL,"COLETTE CARDIGAN",,,,,,,,,,design,"2026-05-26 11:25:27",,,0.0000,,,,,,,,,N,1678,Style,0.0000,N,0.00,88.0000,,,,,0.0000,0.0000,0.0000,0.0000,0.0000,0.00,0.00,0.00,,,,,N,1-2-2-1,,,,,,,,,,,"2026-06-09 00:00:00",,,,,,,,,RED,0,,,,,,0,0,,,,,,,0.00,-12.00,-12.00,0.00,,,"2026-05-22 10:43:21",0.0000,0.0000,,,,,,,,,,,,,,
EVW5022,"DARK GREY",ACTIVE,,23.7000,,40.0000,,,,,adrian,"2026-05-22 10:43:21",HOL26,0.00,6.00,0.00,0.00,"ELEVATOR DISCO","26 NOV",,,,,,,0.0000,0.0000,0.0000,0.0000,,,,,,,,,,0,0,,,Style,XS-XL,"EVELYN DRESS",,,,,,,,,,adrian,"2026-05-22 10:43:21",,,,,,,,,,,,,1629,Style,0.0000,,,112.0000,,,,,,,,,,0.00,0.00,0.00,,,,,,,,,,,,,,,,,"2026-06-22 00:00:00",,,,,,,,,"DARK GREY",0,,,,,,0,0,,,,,,,0.00,-6.00,-6.00,0.00,,,"2026-05-22 10:43:21",0.0000,0.0000,,,,,,,,,,,,,,
EVW5023,MAROON,ACTIVE,,18.0000,,35.0000,,,,,adrian,"2026-05-22 10:43:21",HOL26,0.00,48.00,0.00,0.00,"ELEVATOR DISCO","26 OCT",,,,,,,0.0000,0.0000,0.0000,0.0000,,,,,,,,,,0,0,,,Style,XS-XL,"REESE SWEATER",,,,,,,,,,adrian,"2026-05-22 10:43:21",,,,,,,,,,,,,1673,Style,0.0000,,,98.0000,,,,,,,,,,0.00,0.00,0.00,,,,,,,,,,,,,,,,,"2026-06-24 00:00:00",,,,,,,,,MAROON,0,,,,,,0,0,,,,,,,0.00,-48.00,-48.00,0.00,,,"2026-05-22 10:43:21",0.0000,0.0000,,,,,,,,,,,,,,
EVW5024,BROWN,ACTIVE,,13.5000,,28.0000,,,,,adrian,"2026-05-22 10:43:21",HOL26,0.00,30.00,0.00,0.00,"ELEVATOR DISCO","26 NOV",,,,,,,0.0000,0.0000,0.0000,0.0000,,,,,,,,,,0,0,,,Style,XS-XL,"CLER SWEATER",,,,,,,,,,adrian,"2026-05-22 10:43:21",,,,,,,,,,,,,1628,Style,0.0000,,,78.0000,,,,,,,,,,0.00,0.00,0.00,,,,,,,,,,,,,,,,,"2026-06-09 00:00:00",,,,,,,,,BROWN,0,,,,,,0,0,,,,,,,0.00,-30.00,-30.00,0.00,,,"2026-05-22 10:43:21",0.0000,0.0000,,,,,,,,,,,,,,
EVW5024,PINK,ACTIVE,,13.5000,,28.0000,,,,,adrian,"2026-05-22 10:43:21",HOL26,0.00,0.00,0.00,0.00,"ELEVATOR DISCO","26 DEC",,,,,,,0.0000,0.0000,0.0000,0.0000,,,,,,,,,,0,0,,,Style,XS-XL,"CLER SWEATER",,,,,,,,,,adrian,"2026-05-22 10:43:21",,,,,,,,,,,,,1588,Style,0.0000,,,78.0000,,,,,,,,,,0.00,0.00,0.00,,,,,,,,,,,,,,,,,,,,,,,,,,PINK,0,,,,,,0,0,,,,,,,0.00,0.00,0.00,0.00,,,"2026-05-22 10:43:21",0.0000,0.0000,,,,,,,,,,,,,,
EVW5025,"PINK MULTI",ACTIVE,,17.5000,,35.0000,,,,,adrian,"2026-05-22 10:43:21",HOL26,0.00,24.00,0.00,0.00,"ELEVATOR DISCO","26 OCT",,,,,,,0.0000,0.0000,0.0000,0.0000,,,,,,,,,,0,0,,,Style,XS-XL,"QUINN SWEATER",,,,,,,,,,adrian,"2026-05-22 10:43:21",,,,,,,,,,,,,1674,Style,0.0000,,,88.0000,,,,,,,,,,0.00,0.00,0.00,,,,,,,,,,,,,,,,,"2026-06-03 00:00:00",,,,,,,,,"PINK MULTI",0,,,,,,0,0,,,,,,,0.00,-24.00,-24.00,0.00,,,"2026-05-22 10:43:21",0.0000,0.0000,,,,,,,,,,,,,,
EVW5026,"BROWN BLUE",ACTIVE,,14.2500,,28.0000,0.0000,0.0000,0.0000,0.0000,adrian,"2026-05-22 10:43:21",HOL26,0.00,102.00,0.00,0.00,"ELEVATOR DISCO","26 NOV",,,,,,,0.0000,0.0000,0.0000,0.0000,,,,,,,,,,0,0,,,Style,XS-XL,"AVA STRIPE SWEATER",,,,,,,,,,mike,"2026-06-25 20:18:52",,,0.0000,,,,,,,,,N,1627,Style,0.0000,N,0.00,78.0000,,,,,0.0000,0.0000,0.0000,0.0000,0.0000,0.00,0.00,0.00,,,,,N,1-2-2-1,,,,,,,,,,,"2026-06-25 20:16:01",,,,,,,,,"BROWN BLUE",0,,,,,,0,0,,,,,,,0.00,-102.00,-102.00,0.00,,,"2026-05-22 10:43:21",0.0000,0.0000,,,,,,,,,,,,,,
EVW5026,"NAVY PINK",ACTIVE,,14.2500,,28.0000,0.0000,0.0000,0.0000,0.0000,adrian,"2026-05-22 10:43:21",HOL26,0.00,6.00,0.00,0.00,"ELEVATOR DISCO","26 NOV",,,,,,,0.0000,0.0000,0.0000,0.0000,,,,,,,,,,0,0,,,Style,XS-XL,"AVA STRIPE SWEATER",,,,,,,,,,mike,"2026-06-25 20:20:34",,,0.0000,,,,,,,,,N,1626,Style,0.0000,N,0.00,78.0000,,,,,0.0000,0.0000,0.0000,0.0000,0.0000,0.00,0.00,0.00,,,,,N,1-2-2-1,,,,,,,,,,,"2026-06-25 20:16:01",,,,,,,,,"NAVY PINK",0,,,,,,0,0,,,,,,,0.00,-6.00,-6.00,0.00,,,"2026-05-22 10:43:21",0.0000,0.0000,,,,,,,,,,,,,,
EVW5029,NAVY,ACTIVE,,24.6000,,42.0000,,,,,adrian,"2026-05-22 10:43:21",HOL26,0.00,6.00,0.00,0.00,"ELEVATOR DISCO","26 DEC",,,,,,,0.0000,0.0000,0.0000,0.0000,,,,,,,,,,0,0,,,Style,XS-XL,"KATE DRESS",,,,,,,,,,adrian,"2026-05-22 10:43:21",,,,,,,,,,,,,1584,Style,0.0000,,,118.0000,,,,,,,,,,0.00,0.00,0.00,,,,,,,,,,,,,,,,,"2026-06-16 00:00:00",,,,,,,,,NAVY,0,,,,,,0,0,,,,,,,0.00,-6.00,-6.00,0.00,,,"2026-05-22 10:43:21",0.0000,0.0000,,,,,,,,,,,,,,
EVW5030,NAVY,ACTIVE,,16.5000,,32.0000,,,,,adrian,"2026-05-22 10:43:21",HOL26,0.00,0.00,0.00,0.00,"ELEVATOR DISCO","26 DEC",,,,,,,0.0000,0.0000,0.0000,0.0000,,,,,,,,,,0,0,,,Style,XS-XL,"KATE CARDIGAN",,,,,,,,,,adrian,"2026-05-22 10:43:21",,,,,,,,,,,,,1583,Style,0.0000,,,88.0000,,,,,,,,,,0.00,0.00,0.00,,,,,,,,,,,,,,,,,,,,,,,,,,NAVY,0,,,,,,0,0,,,,,,,0.00,0.00,0.00,0.00,,,"2026-05-22 10:43:21",0.0000,0.0000,,,,,,,,,,,,,,
EVW5031,"PINK MULTI",ACTIVE,,18.0000,,35.0000,,,,,adrian,"2026-05-22 10:43:21",HOL26,0.00,0.00,0.00,0.00,"ELEVATOR DISCO","26 OCT",,,,,,,0.0000,0.0000,0.0000,0.0000,,,,,,,,,,0,0,,,Style,XS-XL,"QUINN DRESS",,,,,,,,,,adrian,"2026-05-22 10:43:21",,,,,,,,,,,,,1675,Style,0.0000,,,98.0000,,,,,,,,,,0.00,0.00,0.00,,,,,,,,,,,,,,,,,,,,,,,,,,"PINK MULTI",0,,,,,,0,0,,,,,,,0.00,0.00,0.00,0.00,,,"2026-05-22 10:43:21",0.0000,0.0000,,,,,,,,,,,,,,
EVW5035,PINK,ACTIVE,,17.3000,,31.0000,,,,,adrian,"2026-05-22 10:43:21",HOL26,0.00,18.00,0.00,0.00,"ELEVATOR DISCO","26 DEC",,,,,,,0.0000,0.0000,0.0000,0.0000,,,,,,,,,,0,0,,,Style,XS-XL,"ASTRID SWEATER",,,,,,,,,,adrian,"2026-05-22 10:43:21",,,,,,,,,,,,,1591,Style,0.0000,,,88.0000,,,,,,,,,,0.00,0.00,0.00,,,,,,,,,,,,,,,,,"2026-06-09 00:00:00",,,,,,,,,PINK,0,,,,,,0,0,,,,,,,0.00,-18.00,-18.00,0.00,,,"2026-05-22 10:43:21",0.0000,0.0000,,,,,,,,,,,,,,
EVW5038,PINK,ACTIVE,,7.9000,,0.0000,0.0000,0.0000,0.0000,0.0000,design,"2026-06-22 16:25:18",,0.00,0.00,0.00,0.00,"ELEVATOR DISCO",,,,,,,,0.0000,0.0000,0.0000,0.0000,,,,,,,,,,0,0,,,Style,XS-L,,SWEATERS,,,,,,,,,design,"2026-06-22 16:25:25",Import,,0.0000,,,,,,,,,N,1731,Style,0.0000,N,0.00,0.0000,,,,,0.0000,0.0000,0.0000,0.0000,0.0000,0.00,0.00,0.00,,,,,N,,,,,,PO,,,,,,,,,,,,,,,PINK,0,,,,"2026-06-22 16:24:57",,0,0,,,,,,,0.00,0.00,0.00,0.00,,,"2026-06-22 16:25:18",0.0000,0.0000,,,,,,,,,,,,,,
FRD1226,BLUE,ACTIVE,,14.0000,,23.6000,0.0000,0.0000,0.0000,0.0000,adrian,"2026-04-15 14:24:44",,0.00,0.00,0.00,0.00,FREESIA,LULUS,,,,,,,0.0000,0.0000,0.0000,0.0000,,,,,,,,,,0,0,,,Style,XXS-XXL,"EXCEPTIONAL STATUS HALTER BACKLESS SLIP MIDI DRESS",,,,,,,,,,adrian,"2026-04-15 14:25:39",,,0.0000,,,,,,,,,N,1200,Style,0.0000,N,0.00,0.0000,,,,0,0.0000,0.0000,0.0000,0.0000,0.0000,0.00,0.00,0.00,,,,,N,,,,,,,,,,,,"2026-04-27 00:00:00","2026-04-30 00:00:00","2026-04-30 16:48:40","2026-04-30 00:00:00",,,,161,,BLUE,0,,,161,,,0,0,,,,,STANFORD,,0.00,0.00,0.00,0.00,,,"2026-04-15 14:24:44",0.0000,0.0000,,,,,,,,,,,,,,
FRD1226,IVORY,ACTIVE,,14.0000,,25.0000,0.0000,0.0000,0.0000,0.0000,support,"2026-04-14 12:44:54",,-412.00,0.00,0.00,401.00,FREESIA,LULUS,,,,,,,0.0000,0.0000,0.0000,0.0000,,,,,,,,,,0,0,,,Style,XXS-XXL,"EXCEPTIONAL STATUS HALTER BACKLESS SLIP MIDI DRESS",,,,,,,,,,minji,"2026-04-24 15:13:25",,,0.0000,,,,,,,,,N,1138,Style,0.0000,N,0.00,0.0000,,,,,0.0000,0.0000,0.0000,0.0000,0.0000,0.00,0.00,0.00,,,,,N,,,,,,,,,,,,"2026-03-26 00:00:00","2026-04-30 00:00:00","2026-06-20 17:59:24","2026-06-22 00:00:00",,,,367,,IVORY,0,,,779,,"2026-05-28 00:00:00",0,0,,,,"2026-05-28 00:00:00",STANFORD,,-412.00,-412.00,-11.00,0.00,,,"2026-04-14 12:44:54",0.0000,0.0000,,,,,,,,,,,,,,
FRD1226,RUST,ACTIVE,,15.3000,,23.6000,0.0000,0.0000,0.0000,0.0000,adrian,"2026-04-15 16:39:04",,0.00,801.00,0.00,801.00,FREESIA,LULUS,,,,,,,0.0000,0.0000,0.0000,0.0000,,,,,,,,,,0,0,,,Style,XXS-XXL,"EXCEPTIONAL STATUS HALTER BACKLESS SLIP MIDI DRESS",,,,,,,,,,Marie,"2026-05-26 13:47:05",,,0.0000,,,,,,,,,N,1217,Style,0.0000,N,0.00,0.0000,,,,0,0.0000,0.0000,0.0000,0.0000,0.0000,0.00,0.00,0.00,,,,,N,,,,,,,,,,,,"2026-05-15 00:00:00","2026-05-17 00:00:00",,,,,,,,RUST,0,,,,,,0,0,,,,,STANFORD,,0.00,-801.00,0.00,0.00,,,"2026-04-15 16:39:04",0.0000,0.0000,"05/26/26 MS) $14.00/PC => $15.30/PC BY ADDING LINING DYEING UPCHARGE",,,,,,,,,,,,,
FRD1226,YELLOW,ACTIVE,,14.0000,,0.0000,0.0000,0.0000,0.0000,0.0000,minji,"2026-04-24 15:32:08",,0.00,350.00,0.00,350.00,FREESIA,LULUS,,,,,,,0.0000,0.0000,0.0000,0.0000,,,,,,,,,,0,0,,,Style,XXS-XXL,,DRESSES,,,,,,,,,adrian,"2026-05-08 09:38:23",Import,,0.0000,,,,,,,,,N,1228,Style,0.0000,N,0.00,0.0000,,,,,0.0000,0.0000,0.0000,0.0000,0.0000,0.00,0.00,0.00,,,,,N,,,,,,PO,,,,,,"2026-04-24 00:00:00","2026-04-24 00:00:00",,,,,,,,YELLOW,0,,,,"2026-04-24 15:31:12",,0,0,,,,,,CHI,0.00,-350.00,0.00,0.00,,,"2026-04-24 15:32:08",0.0000,0.0000,,,,,,,,,,,,,,
FRD1233,BLACK,DROP,,0.0000,,35.0000,0.0000,0.0000,0.0000,0.0000,yosup,"2026-04-09 15:40:57",FW26,0.00,0.00,0.00,0.00,"ELEVATOR DISCO","26 SEP",,,,,,,0.0000,0.0000,0.0000,0.0000,,,,,,,,,,0,0,,,Style,XS-XL,"SILVIA MIDI DRESS",DRESSES,,,,,,,,,adrian,"2026-05-21 16:25:52",,,0.0000,,"PRINTED JACQUARD",,,,,,,N,1065,Style,0.0000,N,0.00,98.0000,,,,,0.0000,0.0000,0.0000,0.0000,0.0000,0.00,0.00,0.00,,,,,N,1-2-2-1,,,,,,,,,,,"2026-03-13 00:00:00",,,,,,,,,BLACK,0,,,,,,0,0,,,,,,,0.00,0.00,0.00,0.00,,,"2026-04-09 15:40:57",0.0000,0.0000,,,,,,,,,,,,,,
FRD1380A,BLACK,DROP,,0.0000,,35.0000,0.0000,0.0000,0.0000,0.0000,yosup,"2026-04-09 15:40:57",FW26,0.00,0.00,0.00,0.00,"ELEVATOR DISCO","26 SEP",,,,,,,0.0000,0.0000,0.0000,0.0000,,,,,,,,,,0,0,,,Style,XS-XL,"MARGARET MIDI DRESS",DRESSES,,,,,,,,,adrian,"2026-05-21 15:52:50",,,0.0000,,"PRINTED ORGANZA",,,,,,,N,1066,Style,0.0000,N,0.00,98.0000,,,,,0.0000,0.0000,0.0000,0.0000,0.0000,0.00,0.00,0.00,,,,,N,1-2-2-1,,,,,,,,,,,"2026-03-13 00:00:00",,,,,,,,,BLACK,0,,,,,,0,0,,,,,,,0.00,0.00,0.00,0.00,,,"2026-04-09 15:40:57",0.0000,0.0000,,,,,,,,,,,,,,
FRD1388,CREAM,ACTIVE,,20.0000,,0.0000,0.0000,0.0000,0.0000,0.0000,design,"2026-06-25 14:06:46",,0.00,300.00,0.00,300.00,FREESIA,,,,,,,,0.0000,0.0000,0.0000,0.0000,,,,,,,,,,0,0,,,Style,XXS-XXL,,DRESSES,,,,,,,,,design,"2026-06-25 15:23:36",Import,,0.0000,,,,,,,,,N,1762,Style,0.0000,N,0.00,0.0000,,,,,0.0000,0.0000,0.0000,0.0000,0.0000,0.00,0.00,0.00,,,,,N,,,,,,PO,,,,,,"2026-06-25 15:11:37","2026-06-25 00:00:00",,,,,,,,CREAM,0,,,,"2026-06-25 14:06:31","2026-07-23 00:00:00",0,0,,,,"2026-07-23 00:00:00",,,0.00,-300.00,0.00,0.00,,,"2026-06-25 14:06:46",0.0000,0.0000,,,,,,,,,,,,,,
FRD1775,NATURAL,DROP,,0.0000,,31.0000,0.0000,0.0000,0.0000,0.0000,yosup,"2026-04-09 15:40:57",FW26,0.00,0.00,0.00,0.00,"ELEVATOR DISCO","26 AUG",,,,,,,0.0000,0.0000,0.0000,0.0000,,,,,,,,,,0,0,,,Style,XS-XL,"ISABELLA RUFFLE DRESS",DRESSES,,,,,,,,,adrian,"2026-05-21 17:02:46",,,0.0000,,LACE,,,,,,,N,1057,Style,0.0000,N,0.00,88.0000,,,,,0.0000,0.0000,0.0000,0.0000,0.0000,0.00,0.00,0.00,,,,,N,1-2-2-1,,,,,,,,,,,"2026-03-26 00:00:00",,,,,,,,,NATURAL,0,,,,,,0,0,,,,,,,0.00,0.00,0.00,0.00,,,"2026-04-09 15:40:57",0.0000,0.0000,,,,,,,,,,,,,,
FRD1787,WHITE,ACTIVE,,,,27.8600,,,,,yosup,"2026-04-09 15:40:57",SS26,128.00,65.00,0.00,0.00,"ELEVATOR DISCO","26 JUN",,,,,,,0.0000,0.0000,0.0000,0.0000,,,,,,,,,,0,0,,,Style,XS-XL,"ROMANTIC CRUSH MINI DRESS",DRESSES,,,,,,,,,yosup,"2026-04-09 15:40:57",,,,,"CRINKLED CHIFFON",,,,,,,,946,Style,0.0000,,,78.0000,,,,,,,,,,0.00,0.00,0.00,,,,,,,,,,,,,,,,,"2026-04-21 00:00:00","2026-04-20 00:00:00",,"2026-06-24 00:00:00",,,,128,,WHITE,0,,,,,,0,0,,,,,,,128.00,63.00,63.00,0.00,,,"2026-04-09 15:40:57",0.0000,0.0000,,,,,,,,,,,,,,
FRD1806,IVORY,ACTIVE,,16.0500,,25.5000,0.0000,0.0000,0.0000,0.0000,support,"2026-04-14 12:44:54",,-283.00,500.00,0.00,1199.00,FREESIA,LULUS,,,,,,,0.0000,0.0000,0.0000,0.0000,,,,,,,,,,0,0,,,Style,XXS-XXL,"CONCETTA SATIN LACE HALTER MAXI DRESS",,,,,,,,,,Marie,"2026-06-27 14:59:09",,,0.0000,,,,,,,,,N,1136,Style,0.0000,N,0.00,0.0000,,,,,0.0000,0.0000,0.0000,0.0000,0.0000,0.00,0.00,0.00,,,,,N,,,,,,,,,,,,"2026-04-24 15:43:04","2026-04-30 00:00:00","2026-06-11 20:25:55","2026-04-21 00:00:00",,,,403,,IVORY,0,,,686,,"2026-05-28 00:00:00",0,0,,,,"2026-05-28 00:00:00",STANFORD,,-283.00,-783.00,416.00,0.00,,,"2026-04-14 12:44:54",0.0000,0.0000,,,,,,,,,,,,,,
FRD1839,IVORY,ACTIVE,,31.8000,,0.0000,0.0000,0.0000,0.0000,0.0000,design,"2026-06-22 13:55:59",,0.00,0.00,0.00,0.00,"ELEVATOR DISCO",,,,,,,,0.0000,0.0000,0.0000,0.0000,,,,,,,,,,0,0,,,Style,XS-L,,DRESSES,,,,,,,,,design,"2026-06-22 13:56:12",Import,,0.0000,,,,,,,,,N,1723,Style,0.0000,N,0.00,0.0000,,,,,0.0000,0.0000,0.0000,0.0000,0.0000,0.00,0.00,0.00,,,,,N,,,,,,PO,,,,,,,,,,,,,,,IVORY,0,,,,"2026-06-22 13:55:48",,0,0,,,,,,,0.00,0.00,0.00,0.00,,,"2026-06-22 13:55:59",0.0000,0.0000,,,,,,,,,,,,,,
FRD1879-12,MULTI,ACTIVE,,8.5000,,19.9400,0.0000,0.0000,0.0000,0.0000,support,"2026-04-14 12:44:54",,0.00,650.00,0.00,400.00,FREESIA,"12TH TRIBE",,,,,,,0.0000,0.0000,0.0000,0.0000,,,,,,,,,,0,0,,,Style,XS-XL,"KAHLO FLORAL MICRO MINI DRESS",,,,,,,,,,minji,"2026-06-11 16:50:09",,,0.0000,,,,,,,,,N,1174,Style,0.0000,N,0.00,0.0000,,,,,0.0000,0.0000,0.0000,0.0000,0.0000,0.00,0.00,0.00,,,,,N,1-2-2-1,,,,,,,,,,,"2026-06-11 00:00:00","2026-06-11 00:00:00",,,,,,,,MUTI,0,,,,,,0,0,,,,,STANFORD,,0.00,-650.00,-250.00,0.00,,,"2026-04-14 12:44:54",0.0000,0.0000,,,,,,,,,,,,,,
FRD1947,BLACK,ACTIVE,,12.5000,,21.0000,0.0000,0.0000,0.0000,0.0000,support,"2026-04-14 12:44:54",,0.00,750.00,0.00,750.00,FREESIA,LULUS,,,,,,,0.0000,0.0000,0.0000,0.0000,,,,,,,,,,0,0,,,Style,XXS-XXL,"YAVINA COLLARED SKATER SWEATER MINI DRESS",,,,,,,,,,minji,"2026-05-06 08:34:03",,,0.0000,,,,,,,,,N,1140,Style,0.0000,N,0.00,0.0000,,,,,0.0000,0.0000,0.0000,0.0000,0.0000,0.00,0.00,0.00,,,,,N,,,,,,,,,,,,"2026-04-29 00:00:00","2026-05-04 00:00:00",,,,,,,,BLACK,0,,,,,"2026-06-30 00:00:00",0,0,,,,"2026-06-30 00:00:00",STANFORD,,0.00,-750.00,0.00,0.00,,,"2026-04-14 12:44:54",0.0000,0.0000,,,,,,,,,,,,,,
FRD1947,OLIVE,ACTIVE,,12.5000,,21.0000,0.0000,0.0000,0.0000,0.0000,adrian,"2026-04-15 15:31:50",,0.00,450.00,0.00,450.00,FREESIA,LULUS,,,,,,,0.0000,0.0000,0.0000,0.0000,,,,,,,,,,0,0,,,Style,XXS-XXL,"YAVINA COLLARED SKATER SWEATER MINI DRESS",,,,,,,,,,adrian,"2026-04-15 15:31:50",,,0.0000,,,,,,,,,N,1205,Style,0.0000,N,0.00,0.0000,,,,0,0.0000,0.0000,0.0000,0.0000,0.0000,0.00,0.00,0.00,,,,,N,,,,,,,,,,,,"2026-02-16 00:00:00","2026-04-30 00:00:00",,,,,,,,OLIVE,0,,,,,"2026-05-28 00:00:00",0,0,,,,"2026-05-28 00:00:00",STANFORD,,0.00,-450.00,0.00,0.00,,,"2026-04-15 15:31:50",0.0000,0.0000,,,,,,,,,,,,,,
FRD1989,CREAM,ACTIVE,,16.8000,,26.5000,0.0000,0.0000,0.0000,0.0000,support,"2026-04-14 12:44:54",,-460.00,850.00,0.00,1305.00,FREESIA,LULUS,,,,,,,0.0000,0.0000,0.0000,0.0000,,,,,,,,,,0,0,,,Style,XXS-XXL,"ELFRIEDA FLORAL EMBROIDERED PUFF SLEEVE MIDI DRESS",,,,,,,,,,minji,"2026-05-18 08:27:31",,,0.0000,,,,,,,,,N,1134,Style,0.0000,N,0.00,0.0000,,,,,0.0000,0.0000,0.0000,0.0000,0.0000,0.00,0.00,0.00,,,,,N,,,,,,,,,,,,"2026-05-15 00:00:00","2026-05-17 00:00:00","2026-05-14 00:00:00","2026-04-21 00:00:00",,,,435,,CREAM,0,,,895,,"2026-06-14 00:00:00",0,0,,,,"2026-05-20 00:00:00",STANFORD,,-460.00,-1310.00,-5.00,0.00,,,"2026-04-14 12:44:54",0.0000,0.0000,,,,,,,,,,,,,,
FRD1989,NAVY,ACTIVE,,16.8000,,26.5000,0.0000,0.0000,0.0000,0.0000,adrian,"2026-04-15 15:56:12",,0.00,0.00,0.00,0.00,FREESIA,LULUS,,,,,,,0.0000,0.0000,0.0000,0.0000,,,,,,,,,,0,0,,,Style,XXS-XXL,"ELFRIEDA FLORAL EMBROIDERED PUFF SLEEVE MIDI DRESS",,,,,,,,,,adrian,"2026-04-15 15:56:12",,,0.0000,,,,,,,,,N,1209,Style,0.0000,N,0.00,0.0000,,,,0,0.0000,0.0000,0.0000,0.0000,0.0000,0.00,0.00,0.00,,,,,N,,,,,,,,,,,,"2026-03-19 00:00:00","2026-04-30 00:00:00",,,,,,,,NAVY,0,,,,,,0,0,,,,,STANFORD,,0.00,0.00,0.00,0.00,,,"2026-04-15 15:56:12",0.0000,0.0000,,,,,,,,,,,,,,
FRD2061,"BLACK PINK OLIVE",ACTIVE,,16.8000,,0.0000,0.0000,0.0000,0.0000,0.0000,minji,"2026-05-17 15:15:24",,0.00,765.00,0.00,765.00,FREESIA,,,,,,,,0.0000,0.0000,0.0000,0.0000,,,,,,,,,,0,0,,,Style,XXS-XXL,"Ayveen Floral Burnout Balloon Sleeve Mini Dress",DRESSES,,,,,,,,,minji,"2026-05-18 13:38:10",Import,,0.0000,,,,,,,,,N,1247,Style,0.0000,N,0.00,0.0000,,,,,0.0000,0.0000,0.0000,0.0000,0.0000,0.00,0.00,0.00,,,,,N,,,,,,PO,,,,,,"2026-05-28 00:00:00","2026-05-28 00:00:00",,,,,,,,"BLACK PINK OLIVE",0,,,,"2026-05-17 15:14:48",,0,0,,,,,,CHI,0.00,-765.00,0.00,0.00,,,"2026-05-17 15:15:24",0.0000,0.0000,,,,,,,,,,,,,,
FRD2061,"BROWN YELLOW PINK",ACTIVE,,16.8000,,0.0000,0.0000,0.0000,0.0000,0.0000,minji,"2026-06-15 16:33:26",,0.00,0.00,0.00,400.00,FREESIA,,,,,,,,0.0000,0.0000,0.0000,0.0000,,,,,,,,,,0,0,,,Style,XXS-XXL,"Ayveen Floral Burnout Balloon Sleeve Mini Dress",DRESSES,,,,,,,,,minji,"2026-06-15 16:33:26",Import,,0.0000,,,,,,,,,N,1697,Style,0.0000,N,0.00,0.0000,,,,0,0.0000,0.0000,0.0000,0.0000,0.0000,0.00,0.00,0.00,,,,,N,,,,,,PO,,,,,,,"2026-06-15 00:00:00",,,,,,,,"BROWN YELLOW PINK FLORAL",0,,,,"2026-05-17 15:14:48",,0,0,,,,,,CHI,0.00,0.00,400.00,0.00,,,"2026-06-15 16:33:26",0.0000,0.0000,,,,,,,,,,,,,,
FRD2066,"IVORY IVORY",ACTIVE,,16.9000,,27.6500,0.0000,0.0000,0.0000,0.0000,support,"2026-04-14 12:44:54",,0.00,350.00,0.00,350.00,FREESIA,LULUS,,,,,,,0.0000,0.0000,0.0000,0.0000,,,,,,,,,,0,0,,,Style,XXS-XXL,"SLVLESS HALTER LACE OPEN BACK SKATER MIDI DRESS",,,,,,,,,,design,"2026-06-26 09:39:21",,,0.0000,,,,,,,,,N,1143,Style,0.0000,N,0.00,0.0000,,,,,0.0000,0.0000,0.0000,0.0000,0.0000,0.00,0.00,0.00,,,,,N,,,,,,,,,,,,"2026-03-24 00:00:00","2026-04-30 00:00:00",,,,,,,,"IVORY IVORY",0,,,,,"2026-05-28 00:00:00",0,0,,,,"2026-05-28 00:00:00",STANFORD,,0.00,-350.00,0.00,0.00,,,"2026-04-14 12:44:54",0.0000,0.0000,,,,,,,,,,,,,,
FRD2118,BROWN,ACTIVE,,23.0000,,35.0000,0.0000,0.0000,0.0000,0.0000,yosup,"2026-04-09 15:40:57",FW26,0.00,205.00,0.00,245.00,"ELEVATOR DISCO","26 SEP",,,,,,,0.0000,0.0000,0.0000,0.0000,,,,,,,,,,0,0,,,Style,XS-XL,"NAOMI MAXI DRESS",DRESSES,,,,,,,,,Marie,"2026-06-10 15:08:05",,,0.0000,,"BURNOUT VELVET",,,,,,,N,1081,Style,0.0000,N,0.00,98.0000,,,,,0.0000,0.0000,0.0000,0.0000,0.0000,0.00,0.00,0.00,,,,,N,1-2-2-1,,,,,,,,,,,"2026-04-21 00:00:00","2026-05-28 00:00:00",,,,,,,,BROWN,0,,,,,,0,0,,,,,,,0.00,-205.00,40.00,0.00,,,"2026-04-09 15:40:57",0.0000,0.0000,,,,,,,,,,,,,,
FRD2177,BLACK,ACTIVE,,17.0000,,0.0000,0.0000,0.0000,0.0000,0.0000,design,"2026-06-25 14:06:21",,0.00,200.00,0.00,200.00,FREESIA,,,,,,,,0.0000,0.0000,0.0000,0.0000,,,,,,,,,,0,0,,,Style,XS-XL,,DRESSES,,,,,,,,,design,"2026-06-25 14:11:46",Import,,0.0000,,,,,,,,,N,1761,Style,0.0000,N,0.00,0.0000,,,,,0.0000,0.0000,0.0000,0.0000,0.0000,0.00,0.00,0.00,,,,,N,1-2-2-1,,,,,PO,,,,,,"2026-06-25 15:40:28","2026-06-26 00:00:00",,,,,,,,BLACK,0,,,,"2026-06-25 14:03:50",,0,0,,,,,,,0.00,-200.00,0.00,0.00,,,"2026-06-25 14:06:21",0.0000,0.0000,,,,,,,,,,,,,,
FRD2204,"DEEP PLUM",ACTIVE,,13.2000,,23.5000,0.0000,0.0000,0.0000,0.0000,adrian,"2026-04-15 16:11:33",,0.00,355.00,0.00,355.00,FREESIA,LULUS,,,,,,,0.0000,0.0000,0.0000,0.0000,,,,,,,,,,0,0,,,Style,XXS-XXL,"MARCELA RUCHED ONE-SHOULDER MAXI DRESS",,,,,,,,,,minji,"2026-04-22 19:27:22",,,0.0000,,,,,,,,,N,1212,Style,0.0000,N,0.00,0.0000,,,,0,0.0000,0.0000,0.0000,0.0000,0.0000,0.00,0.00,0.00,,,,,N,,,,,,,,,,,,"2026-04-01 00:00:00","2026-04-30 00:00:00",,,,,,,,"DEEP PLUM",0,,,,,"2026-05-28 00:00:00",0,0,,,,"2026-05-28 00:00:00",STANFORD,,0.00,-355.00,0.00,0.00,,,"2026-04-15 16:11:33",0.0000,0.0000,,,,,,,,,,,,,,
FRD2204,NAVY,ACTIVE,,13.2000,,24.0000,0.0000,0.0000,0.0000,0.0000,adrian,"2026-04-15 16:06:49",,-303.00,710.00,0.00,1010.00,FREESIA,LULUS,,,,,,,0.0000,0.0000,0.0000,0.0000,,,,,,,,,,0,0,,,Style,XXS-XXL,"MARCELA RUCHED ONE-SHOULDER MAXI DRESS",,,,,,,,,,adrian,"2026-04-15 16:06:49",,,0.0000,,,,,,,,,N,1211,Style,0.0000,N,0.00,0.0000,,,,0,0.0000,0.0000,0.0000,0.0000,0.0000,0.00,0.00,0.00,,,,,N,,,,,,,,,,,,"2026-05-06 00:00:00","2026-05-07 00:00:00","2026-06-20 18:06:04",,,,,,,NAVY,0,,,303,,"2026-05-28 00:00:00",0,0,,,,"2026-05-28 00:00:00",STANFORD,,-303.00,-1013.00,-3.00,0.00,,,"2026-04-15 16:06:49",0.0000,0.0000,,,,,,,,,,,,,,
FRD2204,"PALE YELLOW",ACTIVE,,13.2000,,23.5000,0.0000,0.0000,0.0000,0.0000,support,"2026-04-14 12:44:54",,0.00,0.00,0.00,0.00,FREESIA,LULUS,,,,,,,0.0000,0.0000,0.0000,0.0000,,,,,,,,,,0,0,,,Style,XXS-XXL,"MARCELA RUCHED ONE-SHOULDER MAXI DRESS",,,,,,,,,,adrian,"2026-04-15 16:07:12",,,0.0000,,,,,,,,,N,1152,Style,0.0000,N,0.00,0.0000,,,,,0.0000,0.0000,0.0000,0.0000,0.0000,0.00,0.00,0.00,,,,,N,,,,,,,,,,,,"2026-03-12 00:00:00","2026-04-30 00:00:00",,,,,,,,"PALE YELLOW",0,,,,,,0,0,,,,,STANFORD,,0.00,0.00,0.00,0.00,,,"2026-04-14 12:44:54",0.0000,0.0000,,,,,,,,,,,,,,
FRD2207,"BLACK PINK GREEN",ACTIVE,,22.6000,,0.0000,0.0000,0.0000,0.0000,0.0000,design,"2026-06-25 14:03:22",,0.00,400.00,0.00,400.00,FREESIA,,,,,,,,0.0000,0.0000,0.0000,0.0000,,,,,,,,,,0,0,,,Style,XS-XL,,DRESSES,,,,,,,,,design,"2026-06-25 14:12:02",Import,,0.0000,,,,,,,,,N,1760,Style,0.0000,N,0.00,0.0000,,,,,0.0000,0.0000,0.0000,0.0000,0.0000,0.00,0.00,0.00,,,,,N,1-2-2-1,,,,,PO,,,,,,"2026-06-25 15:42:49","2026-06-26 00:00:00",,,,,,,,"BLACK PINK GREEN IVORY",0,,,,"2026-06-25 14:02:51","2026-07-24 00:00:00",0,0,,,,"2026-07-24 00:00:00",,,0.00,-400.00,0.00,0.00,,,"2026-06-25 14:03:22",0.0000,0.0000,,,,,,,,,,,,,,
FRD2215,BLACK,ACTIVE,,22.0000,,29.6000,0.0000,0.0000,0.0000,0.0000,support,"2026-04-14 12:44:54",,0.00,0.00,0.00,0.00,FREESIA,LULUS,,,,,,,0.0000,0.0000,0.0000,0.0000,,,,,,,,,,0,0,,,Style,XXS-XXL,"CAVANA SATIN CAPE MAXI DRESS",,,,,,,,,,adrian,"2026-04-15 14:53:08",,,0.0000,,,,,,,,,N,1132,Style,0.0000,N,0.00,0.0000,,,,,0.0000,0.0000,0.0000,0.0000,0.0000,0.00,0.00,0.00,,,,,N,,,,,,,,,,,,"2026-02-06 00:00:00","2026-04-30 00:00:00","2026-06-22 10:50:38","2026-06-22 00:00:00",,,,407,,BLACK,0,,,407,,,0,0,,,,,STANFORD,,0.00,0.00,0.00,0.00,,,"2026-04-14 12:44:54",0.0000,0.0000,,,,,,,,,,,,,,
FRD2215,BURGUNDY,ACTIVE,,22.0000,,29.6000,0.0000,0.0000,0.0000,0.0000,adrian,"2026-04-15 15:01:56",,0.00,405.00,0.00,405.00,FREESIA,LULUS,,,,,,,0.0000,0.0000,0.0000,0.0000,,,,,,,,,,0,0,,,Style,XXS-XXL,"CAVANA SATIN CAPE MAXI DRESS",,,,,,,,,,design,"2026-06-26 09:34:25",,,0.0000,,,,,,,,,N,1203,Style,0.0000,N,0.00,0.0000,,,,0,0.0000,0.0000,0.0000,0.0000,0.0000,0.00,0.00,0.00,,,,,N,,,,,,,,,,,,"2026-02-09 00:00:00","2026-04-30 00:00:00",,,,,,,,BURGUNDY,0,,,,,"2026-05-28 00:00:00",0,0,,,,"2026-05-28 00:00:00",STANFORD,,0.00,-405.00,0.00,0.00,,,"2026-04-15 15:01:56",0.0000,0.0000,,,,,,,,,,,,,,
FRD2215,SAGE,ACTIVE,,22.0000,,29.6000,0.0000,0.0000,0.0000,0.0000,adrian,"2026-04-15 14:53:12",,0.00,0.00,0.00,0.00,FREESIA,LULUS,,,,,,,0.0000,0.0000,0.0000,0.0000,,,,,,,,,,0,0,,,Style,XXS-XXL,"CAVANA SATIN CAPE MAXI DRESS",,,,,,,,,,adrian,"2026-04-15 14:53:12",,,0.0000,,,,,,,,,N,1201,Style,0.0000,N,0.00,0.0000,,,,0,0.0000,0.0000,0.0000,0.0000,0.0000,0.00,0.00,0.00,,,,,N,,,,,,,,,,,,"2026-01-19 00:00:00","2026-04-30 00:00:00","2026-05-20 00:00:00","2026-05-21 00:00:00",,,,367,,SAGE,0,,,367,,,0,0,,,,,STANFORD,,0.00,0.00,0.00,0.00,,,"2026-04-15 14:53:12",0.0000,0.0000,,,,,,,,,,,,,,
FRD2215P,BLACK,ACTIVE,,23.5000,,31.6000,0.0000,0.0000,0.0000,0.0000,support,"2026-04-14 12:44:54",,0.00,0.00,0.00,0.00,FREESIA,LULUS,,,,,,,0.0000,0.0000,0.0000,0.0000,,,,,,,,,,0,0,,,Style,PL,"CAVANA SATIN CAPE MAXI DRESS",,,,,,,,,,adrian,"2026-04-15 14:53:48",,,0.0000,,,,,,,,,N,1131,Style,0.0000,N,0.00,0.0000,,,,,0.0000,0.0000,0.0000,0.0000,0.0000,0.00,0.00,0.00,,,,,N,,,,,,,,,,,,"2026-02-06 00:00:00","2026-04-30 00:00:00","2026-06-22 10:50:38","2026-06-22 00:00:00",,,,15,,BLACK,0,,,15,,,0,0,,,,,STANFORD,,0.00,0.00,0.00,0.00,,,"2026-04-14 12:44:54",0.0000,0.0000,,,,,,,,,,,,,,
FRD2215P,BURGUNDY,ACTIVE,,23.5000,,31.6000,0.0000,0.0000,0.0000,0.0000,adrian,"2026-04-15 15:02:49",,0.00,15.00,0.00,15.00,FREESIA,LULUS,,,,,,,0.0000,0.0000,0.0000,0.0000,,,,,,,,,,0,0,,,Style,PL,"CAVANA SATIN CAPE MAXI DRESS",,,,,,,,,,design,"2026-06-26 09:42:58",,,0.0000,,,,,,,,,N,1204,Style,0.0000,N,0.00,0.0000,,,,0,0.0000,0.0000,0.0000,0.0000,0.0000,0.00,0.00,0.00,,,,,N,,,,,,,,,,,,"2026-02-09 00:00:00","2026-04-30 00:00:00",,,,,,,,BURGUNDY,0,,,,,"2026-05-28 00:00:00",0,0,,,,"2026-05-28 00:00:00",STANFORD,,0.00,-15.00,0.00,0.00,,,"2026-04-15 15:02:49",0.0000,0.0000,,,,,,,,,,,,,,
FRD2215P,SAGE,ACTIVE,,23.5000,,31.6000,0.0000,0.0000,0.0000,0.0000,adrian,"2026-04-15 14:54:03",,0.00,0.00,0.00,0.00,FREESIA,LULUS,,,,,,,0.0000,0.0000,0.0000,0.0000,,,,,,,,,,0,0,,,Style,PL,"CAVANA SATIN CAPE MAXI DRESS",,,,,,,,,,adrian,"2026-04-15 14:54:03",,,0.0000,,,,,,,,,N,1202,Style,0.0000,N,0.00,0.0000,,,,0,0.0000,0.0000,0.0000,0.0000,0.0000,0.00,0.00,0.00,,,,,N,,,,,,,,,,,,"2026-01-19 00:00:00","2026-04-30 00:00:00","2026-05-20 00:00:00","2026-05-21 00:00:00",,,,13,,SAGE,0,,,13,,,0,0,,,,,STANFORD,,0.00,0.00,0.00,0.00,,,"2026-04-15 14:54:03",0.0000,0.0000,,,,,,,,,,,,,,
FRD2216,BLACK,ACTIVE,,9.4000,,0.0000,0.0000,0.0000,0.0000,0.0000,minji,"2026-05-28 08:51:24",,0.00,351.00,0.00,351.00,FREESIA,,,,,,,,9.4000,0.0000,0.0000,0.0000,,,,,,,,,,0,0,,,Style,XXS-XXL,"Dandria Satin Cowl Back Mini Dress",DRESSES,STENUE,,,,,,,,minji,"2026-05-28 09:03:35",Import,,0.0000,,,,,,,,,N,1684,Style,0.0000,N,0.00,0.0000,,,,,0.0000,0.0000,0.0000,0.0000,0.0000,0.00,0.00,0.00,,,,,N,,,,,,PO,,,,,,"2026-05-26 00:00:00","2026-05-28 00:00:00",,,,,,,,BLACK,0,,,,"2026-05-28 08:50:25",,0,0,,,,,,CHI,0.00,-351.00,0.00,0.00,,,"2026-05-28 08:51:24",0.0000,0.0000,,,,,,,,,,,,,,
FRD2216,WHITE,ACTIVE,,0.0000,,19.0000,0.0000,0.0000,0.0000,0.0000,support,"2026-04-14 12:44:54",,0.00,0.00,0.00,0.00,FREESIA,LULUS,,,,,,,0.0000,0.0000,0.0000,0.0000,,,,,,,,,,0,0,,,Style,XS-XL,"SLEEVELESS SCOOP NECK LOW BACK CHIFFON COWL SLIP MINI DRESS WITH CHIFFON UNDERLAY",,,,,,,,,,minji,"2026-05-28 08:49:56",,,0.0000,,,,,,,,,N,1186,Style,0.0000,N,0.00,0.0000,,,,,0.0000,0.0000,0.0000,0.0000,0.0000,0.00,0.00,0.00,,,,,N,1-2-2-1,,,,,,,,,,,"2025-12-04 00:00:00",,,,,,,,,WHITE,0,,,,,,0,0,,,,,STANFORD,,0.00,0.00,0.00,0.00,,,"2026-04-14 12:44:54",0.0000,0.0000,,,,,,,,,,,,,,
FRD2216,WINE,ACTIVE,,9.4000,,,,,,,minji,"2026-05-28 09:04:20",,0.00,351.00,0.00,351.00,FREESIA,,,,,,,,9.4000,0.0000,0.0000,0.0000,,,,,,,,,,0,0,,,Style,XXS-XXL,"Dandria Satin Cowl Back Mini Dress",DRESSES,STENUE,,,,,,,,minji,"2026-05-28 09:04:22",Import,,,,,,,,,,,N,1685,Style,0.0000,N,,0.0000,,,,,,,,,,0.00,0.00,0.00,,,,,N,,,,,,PO,,,,,,"2026-05-26 00:00:00","2026-05-28 00:00:00",,,,,,,,WINE,0,,,,"2026-05-28 09:03:38",,0,0,,,,,,CHI,0.00,-351.00,0.00,0.00,,,"2026-05-28 09:04:20",0.0000,0.0000,,,,,,,,,,,,,,
FRD2249,"OLIVE SHINY OLIVE",ACTIVE,,14.7000,,24.5000,0.0000,0.0000,0.0000,0.0000,support,"2026-04-14 12:44:54",,0.00,400.00,0.00,400.00,FREESIA,LULUS,,,,,,,0.0000,0.0000,0.0000,0.0000,,,,,,,,,,0,0,,,Style,XXS-XXL,"TIE STRAPS BUSTIER DROP WAIST LUREX CHIFFON MIDI DRESS",,,,,,,,,,design,"2026-06-26 09:36:21",,,0.0000,,,,,,,,,N,1142,Style,0.0000,N,0.00,0.0000,,,,,0.0000,0.0000,0.0000,0.0000,0.0000,0.00,0.00,0.00,,,,,N,,,,,,,,,,,,"2026-03-24 00:00:00","2026-04-30 00:00:00",,,,,,,,"OLIVE SHINY OLIVE",0,,,,,"2026-05-28 00:00:00",0,0,,,,"2026-05-28 00:00:00",STANFORD,,0.00,-400.00,0.00,0.00,,,"2026-04-14 12:44:54",0.0000,0.0000,,,,,,,,,,,,,,
FRD2280,"LIGHT PINK",ACTIVE,,0.0000,,25.0000,0.0000,0.0000,0.0000,0.0000,support,"2026-04-14 12:44:54",,344.00,0.00,0.00,0.00,FREESIA,LULUS,,,,,,,0.0000,0.0000,0.0000,0.0000,,,,,,,,,,0,0,,,Style,XXS-XXL,"SLEEVELESS PLUNGE NECK SATIN SLIP MIDI DRESS W/ LACE TRIM",,,,,,,,,,design,"2026-06-26 09:43:40",,,0.0000,,,,,,,,,N,1183,Style,0.0000,N,0.00,0.0000,,,,,0.0000,0.0000,0.0000,0.0000,0.0000,0.00,0.00,0.00,,,,,N,,,,,,,,,,,,"2025-11-11 00:00:00","2026-04-21 00:00:00",,"2026-04-21 00:00:00",,,,344,,"LIGHT PINK",0,,,,,,0,0,,,,,STANFORD,,344.00,344.00,344.00,0.00,,,"2026-04-14 12:44:54",0.0000,0.0000,,,,,,,,,,,,,,
FRD2284,"DARK RED",DROP,,0.0000,,27.0000,0.0000,0.0000,0.0000,0.0000,yosup,"2026-04-09 15:40:57",FW26,0.00,0.00,0.00,0.00,"ELEVATOR DISCO","26 AUG",,,,,,,0.0000,0.0000,0.0000,0.0000,,,,,,,,,,0,0,,,Style,XS-XL,"LUCIA MINI DRESS",DRESSES,,,,,,,,,adrian,"2026-05-21 15:54:00",,,0.0000,,"PRINTED CHIFFON",,,,,,,N,1037,Style,0.0000,N,0.00,78.0000,,,,,0.0000,0.0000,0.0000,0.0000,0.0000,0.00,0.00,0.00,,,,,N,1-2-2-1,,,,,,,,,,,"2026-03-26 00:00:00",,,,,,,,,"DARK RED",0,,,,,,0,0,,,,,,,0.00,0.00,0.00,0.00,,,"2026-04-09 15:40:57",0.0000,0.0000,,,,,,,,,,,,,,
FRD2303,"WHITE LIGHT BLUE",DROP,,,,45.7100,,,,,yosup,"2026-04-09 15:40:57",SS26,0.00,0.00,0.00,0.00,"ELEVATOR DISCO","26 MAY",,,,,,,0.0000,0.0000,0.0000,0.0000,,,,,,,,,,0,0,,,Style,XS-XL,"CELESTE MAXI DRESS",DRESSES,,,,,,,,,yosup,"2026-04-09 15:40:57",,,,,"PRINTED SEQUIN",,,,,,,,897,Style,0.0000,,,128.0000,,,,,,,,,,0.00,0.00,0.00,,,,,,,,,,,,,,,,,,,,,,,,,,"WHITE LIGHT BLUE",0,,,,,,0,0,,,,,,,0.00,0.00,0.00,0.00,,,"2026-04-09 15:40:57",0.0000,0.0000,,,,,,,,,,,,,,
FRD2323,WHITE,DROP,,0.0000,,26.0000,0.0000,0.0000,0.0000,0.0000,yosup,"2026-04-09 15:40:57",FW26,0.00,0.00,0.00,0.00,"ELEVATOR DISCO","26 AUG",,,,,,,0.0000,0.0000,0.0000,0.0000,,,,,,,,,,0,0,,,Style,XS-XL,"IRENE MINI DRESS",DRESSES,,,,,,,,,adrian,"2026-05-22 09:28:11",,,0.0000,,"VELVETY SATIN",,,,,,,N,1061,Style,0.0000,N,0.00,78.0000,,,,,0.0000,0.0000,0.0000,0.0000,0.0000,0.00,0.00,0.00,,,,,N,1-2-2-1,,,,,,,,,,,"2026-04-21 00:00:00",,,,,,,,,WHITE,0,,,,,,0,0,,,,,,,0.00,0.00,0.00,0.00,,,"2026-04-09 15:40:57",0.0000,0.0000,,,,,,,,,,,,,,
FRD2362,"YELLOW PINK",ACTIVE,,12.8000,,31.0000,,,,,yosup,"2026-04-09 15:40:57",SS26,44.00,0.00,0.00,0.00,"ELEVATOR DISCO","26 JUN",,,,,,,0.0000,0.0000,0.0000,0.0000,,,,,,,,,,0,0,,,Style,XS-XL,"ROXY MINI DRESS",DRESSES,,,,,,,,,yosup,"2026-04-09 15:40:57",,,,,"POLY MESH",,,,,,,,834,Style,0.0000,,,88.0000,,,,,,,,,,0.00,0.00,0.00,,,,,,,,,,,,,,,,,"2026-03-31 00:00:00","2026-04-22 00:00:00","2026-05-12 00:00:00","2026-05-06 00:00:00",,,,44,,"YELLOW PINK",0,,,40,,,0,0,,,,,,,44.00,44.00,44.00,0.00,,,"2026-04-09 15:40:57",0.0000,0.0000,,,,,,,,,,,,,,
FRD2371,LTPNK/PINK/GOLD,ACTIVE,,0.0000,,18.8000,0.0000,0.0000,0.0000,0.0000,adrian,"2026-04-15 14:07:54",,0.00,0.00,0.00,0.00,FREESIA,LULUS,,,,,,,0.0000,0.0000,0.0000,0.0000,,,,,,,,,,0,0,,,Style,XXS-XXL,"SLEEVELESS MOCK NECK BODYCON MINI DRESS",,,,,,,,,,design,"2026-06-26 09:44:08",Import,,0.0000,,,,,,,,,N,1198,Style,0.0000,N,0.00,0.0000,,,,,0.0000,0.0000,0.0000,0.0000,0.0000,0.00,0.00,0.00,,,,,N,,,,,,PO,,,,,,"2025-11-20 00:00:00","2025-11-20 00:00:00","2026-05-13 18:49:47","2026-05-13 00:00:00",,,,419,,"LT PINK HOT PINK CORAL GOLD",0,,,419,"2026-04-15 14:06:20",,0,0,,,,,,,0.00,0.00,0.00,0.00,,,"2026-04-15 14:07:54",0.0000,0.0000,,,,,,,,,,,,,,
FRD2390,"IVORY GOLD",ACTIVE,,0.0000,,25.0000,0.0000,0.0000,0.0000,0.0000,support,"2026-04-14 12:44:54",,0.00,345.00,0.00,345.00,FREESIA,LULUS,,,,,,,0.0000,0.0000,0.0000,0.0000,,,,,,,,,,0,0,,,Style,XXS-XXL,"ELFRIEDA CREAM FLORAL EMBROIDERED PUFF SLEEVE MIDI DRESS - SLEEVELESS",,,,,,,,,,minji,"2026-05-12 10:26:13",,,0.0000,,,,,,,,,N,1185,Style,0.0000,N,0.00,0.0000,,,,,0.0000,0.0000,0.0000,0.0000,0.0000,0.00,0.00,0.00,,,,,N,,,,,,,,,,,,"2026-05-08 00:00:00","2026-05-11 00:00:00",,,,,,,,"IVORY GOLD",0,,,,,,0,0,,,,,STANFORD,,0.00,-345.00,0.00,0.00,,,"2026-04-14 12:44:54",0.0000,0.0000,,,,,,,,,,,,,,
FRD2391,"IVORY GOLD",ACTIVE,,0.0000,,24.5000,0.0000,0.0000,0.0000,0.0000,support,"2026-04-14 12:44:54",,0.00,0.00,0.00,0.00,FREESIA,LULUS,,,,,,,0.0000,0.0000,0.0000,0.0000,,,,,,,,,,0,0,,,Style,XS-XL,"ELFRIEDA CREAM FLORAL EMBROIDERED PUFF SLEEVE MIDI DRESS",,,,,,,,,,design,"2026-06-26 09:44:59",,,0.0000,,,,,,,,,N,1184,Style,0.0000,N,0.00,0.0000,,,,,0.0000,0.0000,0.0000,0.0000,0.0000,0.00,0.00,0.00,,,,,N,1-2-2-1,,,,,,,,,,,"2026-05-14 00:00:00","2025-12-02 00:00:00","2026-05-14 12:04:36","2026-05-13 00:00:00",,,,400,,"IVORY GOLD",0,,,400,,,0,0,,,,,STANFORD,,0.00,0.00,0.00,0.00,,,"2026-04-14 12:44:54",0.0000,0.0000,,,,,,,,,,,,,,
FRD2445,GRAY,DROP,,0.0000,,0.0000,0.0000,0.0000,0.0000,0.0000,design,"2026-05-08 14:55:36",FW26,0.00,0.00,0.00,0.00,"ELEVATOR DISCO","26 AUG",,,,,,,0.0000,0.0000,0.0000,0.0000,,,,,,,,,,0,0,,,Style,XS-XL,"HARPER BUTTON MINI DRESS",DRESSES,,,,,,,,,adrian,"2026-06-05 15:55:05",Import,,0.0000,,,,,,,,,N,1237,Style,0.0000,N,0.00,0.0000,,,,,0.0000,0.0000,0.0000,0.0000,0.0000,0.00,0.00,0.00,,,,,N,1-2-2-1,,,,,PO,,,,,,,,,,,,,,,GRAY,0,,,,"2026-05-08 14:49:11",,0,0,,,,,,,0.00,0.00,0.00,0.00,,,"2026-05-08 14:55:36",0.0000,0.0000,,,,,,,,,,,,,,
FRD2474,MINT,ACTIVE,,17.8000,,39.0000,,,,,adrian,"2026-05-22 10:43:21",HOL26,0.00,6.00,0.00,0.00,"ELEVATOR DISCO","26 DEC",,,,,,,0.0000,0.0000,0.0000,0.0000,,,,,,,,,,0,0,,,Style,XS-XL,"ROMA DRESS",,,,,,,,,,adrian,"2026-05-22 10:43:21",,,,,,,,,,,,,1590,Style,0.0000,,,108.0000,,,,,,,,,,0.00,0.00,0.00,,,,,,,,,,,,,,,,,"2026-06-15 00:00:00",,,,,,,,,MINT,0,,,,,,0,0,,,,,,,0.00,-6.00,-6.00,0.00,,,"2026-05-22 10:43:21",0.0000,0.0000,,,,,,,,,,,,,,
FRD2474,PINK,ACTIVE,,17.8000,,39.0000,,,,,adrian,"2026-05-22 10:43:21",HOL26,0.00,0.00,0.00,0.00,"ELEVATOR DISCO","26 DEC",,,,,,,0.0000,0.0000,0.0000,0.0000,,,,,,,,,,0,0,,,Style,XS-XL,"ROMA DRESS",,,,,,,,,,adrian,"2026-05-22 10:43:21",,,,,,,,,,,,,1589,Style,0.0000,,,108.0000,,,,,,,,,,0.00,0.00,0.00,,,,,,,,,,,,,,,,,,,,,,,,,,PINK,0,,,,,,0,0,,,,,,,0.00,0.00,0.00,0.00,,,"2026-05-22 10:43:21",0.0000,0.0000,,,,,,,,,,,,,,
FRD2476,"BLACK PINK GREEN",ACTIVE,,8.2000,,0.0000,0.0000,0.0000,0.0000,0.0000,minji,"2026-06-15 08:52:46",,0.00,0.00,0.00,300.00,FREESIA,LULUS,,,,,,,8.2000,0.0000,0.0000,0.0000,,,,,,,,,,0,0,,,Style,XS-XL,,DRESSES,DONGJING,,,,,,,,minji,"2026-06-15 08:53:40",Import,,0.0000,,,,,,,,,N,1694,Style,0.0000,N,0.00,0.0000,,,,0,0.0000,0.0000,0.0000,0.0000,0.0000,0.00,0.00,0.00,,,,,N,,,,,,PO,,,,,,,"2026-06-15 00:00:00",,,,,,,,"BLACK PINK GREEN IVORY",0,,,,"2026-06-10 15:24:45",,0,0,,,,,,,0.00,0.00,300.00,0.00,,,"2026-06-15 08:52:46",0.0000,0.0000,,,,,,,,,,,,,,
FRD2476,MINT,ACTIVE,,8.2000,,0.0000,0.0000,0.0000,0.0000,0.0000,design,"2026-06-10 15:27:16",,0.00,0.00,0.00,0.00,FREESIA,,,,,,,,0.0000,0.0000,0.0000,0.0000,,,,,,,,,,0,0,,,Style,XS-XL,,DRESSES,,,,,,,,,design,"2026-06-10 15:33:11",Import,,0.0000,,,,,,,,,N,1691,Style,0.0000,N,0.00,0.0000,,,,,0.0000,0.0000,0.0000,0.0000,0.0000,0.00,0.00,0.00,,,,,N,1-2-2-1,,,,,PO,,,,,,,,,,,,,,,MINT,0,,,,"2026-06-10 15:24:45",,0,0,,,,,,,0.00,0.00,0.00,0.00,,,"2026-06-10 15:27:16",0.0000,0.0000,,,,,,,,,,,,,,
FRJ6034,BEIGE,ACTIVE,,17.0000,,41.0000,0.0000,0.0000,0.0000,0.0000,minji,"2026-06-04 14:35:49",,0.00,0.00,0.00,350.00,FREESIA,LULUS,,,,,,,17.0000,0.0000,0.0000,0.0000,,,,,,,,,,0,0,,,Style,XS-XL,"FAUX FUR VINTAGE JACKET",OUTERWEAR,STENUE,,,,,,,,minji,"2026-06-04 14:37:17",,,0.0000,,"FAUX FUR",,,,,,,N,1690,Style,0.0000,N,0.00,114.0000,,,,0,0.0000,0.0000,0.0000,0.0000,0.0000,0.00,0.00,0.00,,,,,N,1-2-2-1,,,,,,,,,,,,"2026-06-04 00:00:00",,,,,,,,BEIGE,0,,,,,,0,0,,,,,,,0.00,0.00,350.00,0.00,,,"2026-06-04 14:35:49",0.0000,0.0000,,,,,,,,,,,,,,
FRJ6034,"LIGHT BROWN",ACTIVE,,17.0000,,41.0000,0.0000,0.0000,0.0000,0.0000,yosup,"2026-04-09 15:40:57",FW26,0.00,53.00,0.00,71.00,"ELEVATOR DISCO","26 SEP",,,,,,,17.0000,0.0000,0.0000,0.0000,,,,,,,,,,0,0,,,Style,XS-XL,"FRANCIS FAUX FUR JACKET",OUTERWEAR,STENUE,,,,,,,,minji,"2026-06-04 14:36:16",,,0.0000,,"FAUX FUR",,,,,,,N,1100,Style,0.0000,N,0.00,114.0000,,,,,0.0000,0.0000,0.0000,0.0000,0.0000,0.00,0.00,0.00,,,,,N,1-2-2-1,,,,,,,,,,,"2026-04-17 00:00:00","2026-05-29 00:00:00",,,,,,,,"LIGHT BROWN",0,,,,,,0,0,,,,,,,0.00,-53.00,18.00,0.00,,,"2026-04-09 15:40:57",0.0000,0.0000,,,,,,,,,,,,,,
FRJ6044S,CHAMPAGNE,ACTIVE,,6.8000,,13.5000,0.0000,0.0000,0.0000,0.0000,support,"2026-04-14 12:44:54",,-315.00,0.00,0.00,300.00,FREESIA,LULUS,,,,,,,0.0000,0.0000,0.0000,0.0000,,,,,,,,,,0,0,,,Style,XXS-XXL,"LYRIA SATIN JACQUARD LINGERIE SLIP",,,,,,,,,,minji,"2026-05-13 14:51:10",,,0.0000,,,,,,,,,N,1147,Style,0.0000,N,0.00,0.0000,,,,,0.0000,0.0000,0.0000,0.0000,0.0000,0.00,0.00,0.00,,,,,N,,,,,,,,,,,,"2026-04-09 00:00:00","2026-04-30 00:00:00","2026-06-20 18:13:40",,,,,,,,0,,,315,,"2026-05-28 00:00:00",0,0,,,,"2026-05-28 00:00:00",STANFORD,,-315.00,-315.00,-15.00,0.00,,,"2026-04-14 12:44:54",0.0000,0.0000,,,,,,,,,,,,,,
FRJ6048V,WHITE,ACTIVE,,22.0000,,42.0000,0.0000,0.0000,0.0000,0.0000,yosup,"2026-04-09 15:40:57",FW26,0.00,60.00,0.00,102.00,"ELEVATOR DISCO","26 AUG",,,,,,,0.0000,0.0000,0.0000,0.0000,,,,,,,,,,0,0,,,Style,XS-XL,"NICOLE JACKET",OUTERWEAR,,,,,,,,,Marie,"2026-06-26 00:14:59",,,0.0000,,"FELT COAT FABRIC",,,,,,,N,1063,Style,0.0000,N,0.00,118.0000,,,,,0.0000,0.0000,0.0000,0.0000,0.0000,0.00,0.00,0.00,,,,,N,1-2-2-1,,,,,,,,,,,"2026-04-03 00:00:00","2026-05-15 00:00:00",,,,,,,,WHITE,0,,,,,,0,0,,,,,,,0.00,-60.00,42.00,0.00,,,"2026-04-09 15:40:57",0.0000,0.0000,,,,,,,,,,,,,,
FRJ6053,GRAY,DROP,,0.0000,,0.0000,0.0000,0.0000,0.0000,0.0000,design,"2026-05-08 14:59:28",FW26,0.00,0.00,0.00,0.00,"ELEVATOR DISCO","26 AUG",,,,,,,0.0000,0.0000,0.0000,0.0000,,,,,,,,,,0,0,,,Style,XS-XL,"ANGELICA BLAZER",OUTERWEAR,,,,,,,,,adrian,"2026-06-05 15:56:09",Import,,0.0000,,,,,,,,,N,1239,Style,0.0000,N,0.00,0.0000,,,,,0.0000,0.0000,0.0000,0.0000,0.0000,0.00,0.00,0.00,,,,,N,1-2-2-1,,,,,PO,,,,,,,,,,,,,,,GRAY,0,,,,"2026-05-08 14:59:02",,0,0,,,,,,,0.00,0.00,0.00,0.00,,,"2026-05-08 14:59:28",0.0000,0.0000,,,,,,,,,,,,,,
FRP3047,"WHITE BLACK",ACTIVE,,10.7500,,24.0000,0.0000,0.0000,0.0000,0.0000,yosup,"2026-04-09 15:40:57",SS26,54.00,0.00,0.00,0.00,"ELEVATOR DISCO","26 MAY",,,,,,,0.0000,0.0000,0.0000,0.0000,,,,,,,,,,0,0,,,Style,XS-XL,"RUFFLE WAVES SHORTS",SHORTS,,,,,,,,,adrian,"2026-05-19 11:02:11",,,0.0000,,COTTON,,,,,,,N,874,Style,0.0000,N,0.00,68.0000,,,,,0.0000,0.0000,0.0000,0.0000,0.0000,0.00,0.00,0.00,,,,,N,1-2-2-1,,,,,,,,,,,"2025-12-16 00:00:00","2026-05-08 00:00:00","2026-06-01 12:55:04","2026-05-27 00:00:00",,,,99,,"WHITE BLACK",0,,,45,,,0,0,,,,,,,54.00,54.00,54.00,0.00,,,"2026-04-09 15:40:57",0.0000,0.0000,,,,,,,,,,,,,,
FRP3152,MAROON,ACTIVE,,0.0000,,17.1000,0.0000,0.0000,0.0000,0.0000,adrian,"2026-05-14 10:31:43",,0.00,300.00,0.00,300.00,FREESIA,LULUS,,,,,,,0.0000,0.0000,0.0000,0.0000,,,,,,,,,,0,0,,,Style,XXS-XXL,"SLEEVELESS TWO PIECE SATIN PJ SET",,,,,,,,,,minji,"2026-05-14 13:32:06",Import,,0.0000,,,,,,,,,N,1241,Style,0.0000,N,0.00,0.0000,,,,0,0.0000,0.0000,0.0000,0.0000,0.0000,0.00,0.00,0.00,,,,,N,,,,,,PO,,,,,,"2026-05-14 00:00:00","2026-05-14 00:00:00",,,,,,,,MAROON,0,,,,"2026-05-14 10:29:48","2026-06-11 00:00:00",0,0,,,,"2026-06-11 00:00:00",,,0.00,-300.00,0.00,0.00,,,"2026-05-14 10:31:43",0.0000,0.0000,,,,,,,,,,,,,,
FRP3152,SAGE,ACTIVE,,,,17.1000,,,,,adrian,"2026-05-14 10:30:51",,0.00,300.00,0.00,300.00,FREESIA,LULUS,,,,,,,0.0000,0.0000,0.0000,0.0000,,,,,,,,,,0,0,,,Style,XXS-XXL,"SLEEVELESS TWO PIECE SATIN PJ SET",,,,,,,,,,adrian,"2026-05-14 10:30:52",Import,,,,,,,,,,,N,1240,Style,0.0000,N,,0.0000,,,,,,,,,,0.00,0.00,0.00,,,,,N,,,,,,PO,,,,,,"2026-05-14 00:00:00","2026-05-14 00:00:00",,,,,,,,SAGE,0,,,,"2026-05-14 10:29:48",,0,0,,,,,,,0.00,-300.00,0.00,0.00,,,"2026-05-14 10:30:51",0.0000,0.0000,,,,,,,,,,,,,,
FRS3051,BROWN,ACTIVE,,0.0000,,35.0000,0.0000,0.0000,0.0000,0.0000,yosup,"2026-04-09 15:40:57",FW26,0.00,36.00,0.00,54.00,"ELEVATOR DISCO","26 JUL",,,,,,,0.0000,0.0000,0.0000,0.0000,,,,,,,,,,0,0,,,Style,XS-XL,"ALESSIA MAXI SKIRT",SKIRTS,,,,,,,,,adrian,"2026-05-27 10:42:06",,,0.0000,,TULLE,,,,,,,N,980,Style,0.0000,N,0.00,98.0000,,,,,0.0000,0.0000,0.0000,0.0000,0.0000,0.00,0.00,0.00,,,,,N,1-2-2-1,,,,,,,,,,,"2026-04-02 00:00:00","2026-04-24 00:00:00",,,,,,,,BROWN,0,,,,,,0,0,,,,,,,0.00,-36.00,18.00,0.00,,,"2026-04-09 15:40:57",0.0000,0.0000,,,,,,,,,,,,,,
FRT2184-12,RUST,ACTIVE,,9.3000,,15.5400,,,,,support,"2026-04-14 12:44:54",,0.00,150.00,0.00,0.00,FREESIA,"12TH TRIBE",,,,,,,0.0000,0.0000,0.0000,0.0000,,,,,,,,,,0,0,,,Style,XS-XL,"SUNSET ORANGE HALTER TOP",,,,,,,,,,support,"2026-04-14 12:44:54",,,,,,,,,,,,,1173,Style,0.0000,,,0.0000,,,,,,,,,,0.00,0.00,0.00,,,,,,,,,,,,,,,,,"2026-04-03 00:00:00",,,,,,,,,RUST,0,,,,,,0,0,,,,,STANFORD,,0.00,-150.00,-150.00,0.00,,,"2026-04-14 12:44:54",0.0000,0.0000,,,,,,,,,,,,,,
FRT2184B12,"SAGE GREEN",ACTIVE,,0.0000,,28.0000,0.0000,0.0000,0.0000,0.0000,yosup,"2026-04-09 15:40:57",SS26,0.00,80.00,0.00,98.00,"ELEVATOR DISCO","26 JUN",,,,,,,0.0000,0.0000,0.0000,0.0000,,,,,,,,,,0,0,,,Style,XS-XL,"SELINA GLAM TOP",TOPS,,,,,,,,,minji,"2026-05-18 14:02:07",,,0.0000,,"EMBELLISHED CREPE",,,,,,,N,944,Style,0.0000,N,0.00,78.0000,,,,,0.0000,0.0000,0.0000,0.0000,0.0000,0.00,0.00,0.00,,,,,N,1-2-2-1,,,,,,,,,,,"2026-04-21 00:00:00","2026-05-01 00:00:00",,,,,,,,"SAGE GREEN",0,,,,,"2026-05-18 00:00:00",0,0,,,,"2026-05-18 00:00:00",,,0.00,-80.00,18.00,0.00,,,"2026-04-09 15:40:57",0.0000,0.0000,,,,,,,,,,,,"2026-04-20 00:00:00","2026-04-20 00:00:00",
FRT2219,BEIGE,ACTIVE,,0.0000,,14.0400,0.0000,0.0000,0.0000,0.0000,adrian,"2026-05-20 10:40:07",,0.00,0.00,0.00,0.00,FREESIA,"12TH TRIBE",,,,,,,0.0000,0.0000,0.0000,0.0000,,,,,,,,,,0,0,,,Style,XXS-XXL,"IBIZA CHAMPAGNE SEQUIN HALTER TOP",,,,,,,,,,mike,"2026-05-21 20:25:50",Import,,0.0000,,,,,,,,,N,1258,Style,0.0000,N,0.00,0.0000,,,,,0.0000,0.0000,0.0000,0.0000,0.0000,0.00,0.00,0.00,,,,,N,,,,,,PO,,,,,,"2025-12-12 00:00:00","2026-05-20 00:00:00","2026-05-19 00:00:00","2026-05-20 00:00:00",,,,319,,BEIGE,0,,,319,"2026-05-20 10:39:38",,0,0,,,,,,,0.00,0.00,0.00,0.00,,,"2026-05-20 10:40:07",0.0000,0.0000,,,,,,,,,,,,,,
FRT2219-B,BEIGE,ACTIVE,,0.0000,,16.0400,0.0000,0.0000,0.0000,0.0000,adrian,"2026-05-20 10:37:14",,0.00,0.00,0.00,0.00,FREESIA,"12TH TRIBE",,,,,,,0.0000,0.0000,0.0000,0.0000,,,,,,,,,,0,0,,,Style,XS-XL,"IBIZA CHAMPAGNE SEQUIN MAXI SKIRT",,,,,,,,,,mike,"2026-05-21 20:30:02",,,0.0000,,,,,,,,,N,1257,Style,0.0000,N,0.00,0.0000,,,,0,0.0000,0.0000,0.0000,0.0000,0.0000,0.00,0.00,0.00,,,,,N,,,,,,,,,,,,"2025-12-12 00:00:00","2026-05-20 00:00:00","2026-05-19 00:00:00","2026-05-20 00:00:00",,,,256,,BEIGE,0,,,256,,,0,0,,,,,STANFORD,,0.00,0.00,0.00,0.00,,,"2026-05-20 10:37:14",0.0000,0.0000,,,,,,,,,,,,,,
FRT2219-B,CHAMPAGNE,ACTIVE,,,,16.0400,,,,,support,"2026-04-14 12:44:54",,0.00,0.00,0.00,0.00,FREESIA,"12TH TRIBE",,,,,,,0.0000,0.0000,0.0000,0.0000,,,,,,,,,,0,0,,,Style,XS-XL,"IBIZA CHAMPAGNE SEQUIN MAXI SKIRT",,,,,,,,,,support,"2026-04-14 12:44:54",,,,,,,,,,,,,1190,Style,0.0000,,,0.0000,,,,,,,,,,0.00,0.00,0.00,,,,,,,,,,,,,,,,,,,,,,,,,,,0,,,,,,0,0,,,,,STANFORD,,0.00,0.00,0.00,0.00,,,"2026-04-14 12:44:54",0.0000,0.0000,,,,,,,,,,,,,,
FRT2275,BROWN,DROP,,0.0000,,28.0000,0.0000,0.0000,0.0000,0.0000,yosup,"2026-04-09 15:40:57",FW26,0.00,0.00,0.00,0.00,"ELEVATOR DISCO","26 JUL",,,,,,,0.0000,0.0000,0.0000,0.0000,,,,,,,,,,0,0,,,Style,XS-XL,"BIANCA TOP",TOPS,,,,,,,,,adrian,"2026-05-21 16:27:25",,,0.0000,,TULLE,,,,,,,N,981,Style,0.0000,N,0.00,78.0000,,,,,0.0000,0.0000,0.0000,0.0000,0.0000,0.00,0.00,0.00,,,,,N,1-2-2-1,,,,,,,,,,,"2026-04-02 00:00:00",,,,,,,,,BROWN,0,,,,,,0,0,,,,,,,0.00,0.00,0.00,0.00,,,"2026-04-09 15:40:57",0.0000,0.0000,,,,,,,,,,,,,,
FRT2291,WHITE,ACTIVE,,13.9500,,24.0000,0.0000,0.0000,0.0000,0.0000,yosup,"2026-04-09 15:40:57",SS26,35.00,106.00,0.00,72.00,"ELEVATOR DISCO","26 JUN",,,,,,,0.0000,0.0000,0.0000,0.0000,,,,,,,,,,0,0,,,Style,XS-XL,"ITALIA TOP",TOPS,,,,,,,,,minji,"2026-05-08 08:56:22",,,0.0000,,"CRINKLED CHIFFON LAC",,,,,,,N,949,Style,0.0000,N,0.00,68.0000,,,,,0.0000,0.0000,0.0000,0.0000,0.0000,0.00,0.00,0.00,,,,,N,1-2-2-1,,,,,,,,,,,"2026-04-21 00:00:00","2026-04-20 00:00:00","2026-06-26 17:02:23","2026-06-25 00:00:00",,,,41,,WHITE,0,,,6,,,0,0,,,,,,,35.00,-71.00,1.00,0.00,,,"2026-04-09 15:40:57",0.0000,0.0000,,,,,,,,,,,,,,
FSET8043,"IVORY BLUE",ACTIVE,,16.0000,,26.5000,0.0000,0.0000,0.0000,0.0000,adrian,"2026-04-21 15:50:38",,0.00,300.00,0.00,300.00,FREESIA,LULUS,,,,,,,0.0000,0.0000,0.0000,0.0000,,,,,,,,,,0,0,,,Style,XXS-XXL,"LONG SLEEVE BRIDE PANT SET",,,,,,,,,,Marie,"2026-06-16 13:03:41",Import,,0.0000,,,,,,,,,N,1225,Style,0.0000,N,0.00,0.0000,,,,,0.0000,0.0000,0.0000,0.0000,0.0000,0.00,0.00,0.00,,,,,N,,,,,,PO,,,,,,"2026-04-21 00:00:00","2026-04-22 00:00:00",,,,,,,,"IVORY BLUE",0,,,,"2026-04-21 15:50:01","2026-07-09 00:00:00",0,0,,,,"2026-07-09 00:00:00",,,0.00,-300.00,0.00,0.00,,,"2026-04-21 15:50:38",0.0000,0.0000,,,,,,,,,,,,"2026-06-18 00:00:00","2026-06-18 00:00:00",
FSET8043A,CHAMPAGNE,ACTIVE,,13.2000,,20.0000,0.0000,0.0000,0.0000,0.0000,support,"2026-04-14 12:44:54",,-206.00,200.00,0.00,399.00,FREESIA,LULUS,,,,,,,0.0000,0.0000,0.0000,0.0000,,,,,,,,,,0,0,,,Style,XXS-XXL,"KELDA SATIN EMBROIDERED TWO-PIECE PAJAMA SET",,,,,,,,,,minji,"2026-05-11 10:41:10",,,0.0000,,,,,,,,,N,1154,Style,0.0000,N,0.00,0.0000,,,,,0.0000,0.0000,0.0000,0.0000,0.0000,0.00,0.00,0.00,,,,,N,,,,,,,,,,,,"2026-05-11 10:39:37","2026-05-11 00:00:00","2026-06-11 20:37:11","2026-06-11 00:00:00",,,,210,,,0,,,416,,"2026-05-28 00:00:00",0,0,,,,"2026-05-28 00:00:00",STANFORD,,-206.00,-406.00,-7.00,0.00,,,"2026-04-14 12:44:54",0.0000,0.0000,,,,,,,,,,,,,,
FSET8043BRD,IVORY,ACTIVE,,13.2000,,20.0000,0.0000,0.0000,0.0000,0.0000,support,"2026-04-14 12:44:54",,-353.00,6.00,0.00,351.00,FREESIA,LULUS,,,,,,,0.0000,0.0000,0.0000,0.0000,,,,,,,,,,0,0,,,Style,XXS-XXL,"KELDA SATIN EMBROIDERED TWO-PIECE PAJAMA SET",,,,,,,,,,design,"2026-06-26 09:37:46",,,0.0000,,,,,,,,,N,1148,Style,0.0000,N,0.00,0.0000,,,,,0.0000,0.0000,0.0000,0.0000,0.0000,0.00,0.00,0.00,,,,,N,,,,,,,,,,,,"2026-04-09 00:00:00","2026-04-30 00:00:00","2026-06-20 18:11:34",,,,,,,IVORY,0,,,353,,"2026-05-28 00:00:00",0,0,,,,"2026-05-28 00:00:00",STANFORD,,-353.00,-359.00,-8.00,0.00,,,"2026-04-14 12:44:54",0.0000,0.0000,,,,,,,,,,,,,,
FSET8043C,"CRM/PNK/BUR STRIPE",ACTIVE,,12.8000,,23.0000,0.0000,0.0000,0.0000,0.0000,adrian,"2026-04-15 16:14:16",,0.00,300.00,0.00,300.00,FREESIA,LULUS,,,,,,,0.0000,0.0000,0.0000,0.0000,,,,,,,,,,0,0,,,Style,XXS-XXL,"KELDA SATIN RUFFLED TWO-PIECE PAJAMA SET",,,,,,,,,,adrian,"2026-04-15 16:14:16",,,0.0000,,,,,,,,,N,1213,Style,0.0000,N,0.00,0.0000,,,,0,0.0000,0.0000,0.0000,0.0000,0.0000,0.00,0.00,0.00,,,,,N,,,,,,,,,,,,"2026-04-15 16:15:05","2026-04-30 00:00:00",,,,,,,,"CREAM PINK BURGUNDY STRIPE",0,,,,,"2026-05-28 00:00:00",0,0,,,,"2026-05-28 00:00:00",STANFORD,,0.00,-300.00,0.00,0.00,,,"2026-04-15 16:14:16",0.0000,0.0000,,,,,,,,,,,,,,
FSET8043M,BURGUNDY,ACTIVE,,13.0000,,20.0000,0.0000,0.0000,0.0000,0.0000,minji,"2026-06-15 16:38:56",,0.00,0.00,0.00,301.00,FREESIA,LULUS,,,,,,,0.0000,0.0000,0.0000,0.0000,,,,,,,,,,0,0,,,Style,XXS-XXL,"KELDA SATIN RUFFLED TWO-PIECE PAJAMA SET",,,,,,,,,,minji,"2026-06-15 16:38:56",,,0.0000,,,,,,,,,N,1698,Style,0.0000,N,0.00,0.0000,,,,0,0.0000,0.0000,0.0000,0.0000,0.0000,0.00,0.00,0.00,,,,,N,,,,,,,,,,,,,"2026-06-15 00:00:00",,,,,,,,BURGUNDY,0,,,,,,0,0,,,,,STANFORD,,0.00,0.00,301.00,0.00,,,"2026-06-15 16:38:56",0.0000,0.0000,,,,,,,,,,,,,,
FSET8043M,SAGE,ACTIVE,,13.0000,,20.0000,0.0000,0.0000,0.0000,0.0000,support,"2026-04-14 12:44:54",,0.00,602.00,0.00,1154.00,FREESIA,LULUS,,,,,,,0.0000,0.0000,0.0000,0.0000,,,,,,,,,,0,0,,,Style,XXS-XXL,"KELDA SATIN RUFFLED TWO-PIECE PAJAMA SET",,,,,,,,,,minji,"2026-04-22 19:28:36",,,0.0000,,,,,,,,,N,1151,Style,0.0000,N,0.00,0.0000,,,,,0.0000,0.0000,0.0000,0.0000,0.0000,0.00,0.00,0.00,,,,,N,,,,,,,,,,,,"2026-04-16 00:00:00","2026-06-15 00:00:00","2026-05-14 00:00:00","2026-05-19 00:00:00",,,,302,,SAGE,0,,,302,,"2026-05-28 00:00:00",0,0,,,,"2026-05-28 00:00:00",STANFORD,,0.00,-602.00,552.00,0.00,,,"2026-04-14 12:44:54",0.0000,0.0000,,,,,,,,,,,,,,
FSET8055B,MINT,ACTIVE,,5.1000,,0.0000,0.0000,0.0000,0.0000,0.0000,design,"2026-06-10 15:37:50",,0.00,0.00,0.00,0.00,FREESIA,,,,,,,,0.0000,0.0000,0.0000,0.0000,,,,,,,,,,0,0,,,Style,XS-XL,,SETS,,,,,,,,,design,"2026-06-11 11:58:11",Import,"SET $10.40",0.0000,,,,,,,,,N,1693,Style,0.0000,N,0.00,0.0000,,,,,0.0000,0.0000,0.0000,0.0000,0.0000,0.00,0.00,0.00,,,,,N,1-2-2-1,,,,,PO,,,,,,,,,,,,,,,MINT,0,,,,"2026-06-10 15:36:43",,0,0,,,,,,,0.00,0.00,0.00,0.00,,,"2026-06-10 15:37:50",0.0000,0.0000,,,,,,,,,,,,,,
FSET8055P,"BURGUNDY  BABY PINK",ACTIVE,,5.1000,,,,,,,minji,"2026-06-15 16:12:53",,0.00,300.00,0.00,300.00,FREESIA,,,,,,,,5.1000,0.0000,0.0000,0.0000,,,,,,,,,,0,0,,,Style,XS-XL,,,STENUE,,,,,,,,minji,"2026-06-15 16:12:53",Import,,,,,,,,,,,N,1696,Style,0.0000,N,,0.0000,,,,,,,,,,0.00,0.00,0.00,,,,,N,,,,,,PO,,,,,,"2026-06-12 00:00:00","2026-06-15 00:00:00",,,,,,,,"BURGUNDY  BABY PINK",0,,,,"2026-06-15 16:10:00",,0,0,,,,,,,0.00,-300.00,0.00,0.00,,,"2026-06-15 16:12:53",0.0000,0.0000,,,,,,,,,,,,,,
FSET8055T,"BURGUNDY  BABY PINK",ACTIVE,,5.6000,,0.0000,0.0000,0.0000,0.0000,0.0000,minji,"2026-06-15 09:03:14",,0.00,300.00,0.00,300.00,FREESIA,,,,,,,,0.0000,0.0000,0.0000,0.0000,,,,,,,,,,0,0,,,Style,XS-XL,,SETS,,,,,,,,,minji,"2026-06-15 09:03:14",Import,"SET $10.40",0.0000,,,,,,,,,N,1695,Style,0.0000,N,0.00,0.0000,,,,0,0.0000,0.0000,0.0000,0.0000,0.0000,0.00,0.00,0.00,,,,,N,1-2-2-1,,,,,PO,,,,,,"2026-06-12 00:00:00","2026-06-15 00:00:00",,,,,,,,"BURGUNDY  BABY PINK",0,,,,"2026-06-10 15:33:33",,0,0,,,,,,,0.00,-300.00,0.00,0.00,,,"2026-06-15 09:03:14",0.0000,0.0000,,,,,,,,,,,,,,
FSET8055T,MINT,ACTIVE,,5.6000,,0.0000,0.0000,0.0000,0.0000,0.0000,design,"2026-06-10 15:33:55",,0.00,0.00,0.00,0.00,FREESIA,,,,,,,,0.0000,0.0000,0.0000,0.0000,,,,,,,,,,0,0,,,Style,XS-XL,,SETS,,,,,,,,,design,"2026-06-11 11:58:28",Import,"SET $10.40",0.0000,,,,,,,,,N,1692,Style,0.0000,N,0.00,0.0000,,,,,0.0000,0.0000,0.0000,0.0000,0.0000,0.00,0.00,0.00,,,,,N,1-2-2-1,,,,,PO,,,,,,,,,,,,,,,MINT,0,,,,"2026-06-10 15:33:33",,0,0,,,,,,,0.00,0.00,0.00,0.00,,,"2026-06-10 15:33:55",0.0000,0.0000,,,,,,,,,,,,,,
FSET8080A,BLUE,ACTIVE,,10.7000,,20.7100,0.0000,0.0000,0.0000,0.0000,yosup,"2026-04-09 15:40:57",SS26,78.00,0.00,0.00,0.00,"ELEVATOR DISCO","26 MAY",,,,,,,0.0000,0.0000,0.0000,0.0000,,,,,,,,,,0,0,,,Style,XS-XL,"ANGEL TOP",TOPS,,,,,,,,,minji,"2026-05-22 13:27:17",,,0.0000,,SATIN,,,,,,,N,842,Style,0.0000,N,0.00,58.0000,,,,,0.0000,0.0000,0.0000,0.0000,0.0000,0.00,0.00,0.00,,,,,N,1-2-2-1,,,,,,,,,,,"2026-03-06 00:00:00","2026-03-13 00:00:00","2026-06-16 15:25:47","2026-06-15 00:00:00",,,,102,,BLUE,0,,,24,,,0,0,,,,,,,78.00,78.00,78.00,0.00,,,"2026-04-09 15:40:57",0.0000,0.0000,,,,,,,,,,,,,,
FSET8080B,BLUE,ACTIVE,,9.0000,,20.7100,0.0000,0.0000,0.0000,0.0000,yosup,"2026-04-09 15:40:57",SS26,48.00,0.00,0.00,0.00,"ELEVATOR DISCO","26 MAY",,,,,,,0.0000,0.0000,0.0000,0.0000,,,,,,,,,,0,0,,,Style,XS-XL,"ANGEL SHORTS",SHORTS,,,,,,,,,adrian,"2026-05-19 10:59:49",,,0.0000,,SATIN,,,,,,,N,841,Style,0.0000,N,0.00,58.0000,,,,,0.0000,0.0000,0.0000,0.0000,0.0000,0.00,0.00,0.00,,,,,N,1-2-2-1,,,,,,,,,,,"2026-04-21 00:00:00","2026-04-21 00:00:00","2026-06-05 00:21:52","2026-05-27 00:00:00",,,,487,,BLUE,0,,,439,,,0,0,,,,,,,48.00,48.00,48.00,0.00,,,"2026-04-09 15:40:57",0.0000,0.0000,,,,,,,,,,,,,,
FSET8090B,BLACK,DROP,,0.0000,,20.0000,0.0000,0.0000,0.0000,0.0000,yosup,"2026-04-09 15:40:57",FW26,0.00,0.00,0.00,0.00,"ELEVATOR DISCO","26 AUG",,,,,,,0.0000,0.0000,0.0000,0.0000,,,,,,,,,,0,0,,,Style,XS-XL,"NIGHTINGALE BALLOON SHORTS",SHORTS,,,,,,,,,adrian,"2026-05-21 15:54:12",,,0.0000,,LACE,,,,,,,N,1022,Style,0.0000,N,0.00,58.0000,,,,,0.0000,0.0000,0.0000,0.0000,0.0000,0.00,0.00,0.00,,,,,N,1-2-2-1,,,,,,,,,,,"2026-04-17 00:00:00",,,,,,,,,BLACK,0,,,,,,0,0,,,,,,,0.00,0.00,0.00,0.00,,,"2026-04-09 15:40:57",0.0000,0.0000,,,,,,,,,,,,,,
FSET8090K,"NAVY IVORY",ACTIVE,,11.2000,,0.0000,0.0000,0.0000,0.0000,0.0000,design,"2026-06-25 11:34:35",,0.00,0.00,0.00,0.00,"ELEVATOR DISCO",,,,,,,,0.0000,0.0000,0.0000,0.0000,,,,,,,,,,0,0,,,Style,XS-L,,SHORTS,,,,,,,,,design,"2026-06-25 11:34:52",Import,,0.0000,,,,,,,,,N,1754,Style,0.0000,N,0.00,0.0000,,,,,0.0000,0.0000,0.0000,0.0000,0.0000,0.00,0.00,0.00,,,,,N,,,,,,PO,,,,,,,,,,,,,,,"NAVY IVORY",0,,,,"2026-06-25 11:34:08",,0,0,,,,,,,0.00,0.00,0.00,0.00,,,"2026-06-25 11:34:35",0.0000,0.0000,,,,,,,,,,,,,,
FSET8090L,FLORAL,ACTIVE,,10.5000,,0.0000,0.0000,0.0000,0.0000,0.0000,design,"2026-06-25 11:18:24",,0.00,0.00,0.00,0.00,"ELEVATOR DISCO",,,,,,,,0.0000,0.0000,0.0000,0.0000,,,,,,,,,,0,0,,,Style,XS-L,,SHORTS,,,,,,,,,design,"2026-06-25 11:19:07",Import,,0.0000,,,,,,,,,N,1745,Style,0.0000,N,0.00,0.0000,,,,,0.0000,0.0000,0.0000,0.0000,0.0000,0.00,0.00,0.00,,,,,N,,,,,,PO,,,,,,,,,,,,,,,FLORAL,0,,,,"2026-06-25 11:17:49",,0,0,,,,,,,0.00,0.00,0.00,0.00,,,"2026-06-25 11:18:24",0.0000,0.0000,,,,,,,,,,,,,,
FSET8090M,FLORAL,ACTIVE,,10.5000,,0.0000,0.0000,0.0000,0.0000,0.0000,design,"2026-06-22 13:50:43",,0.00,0.00,0.00,0.00,"ELEVATOR DISCO",,,,,,,,0.0000,0.0000,0.0000,0.0000,,,,,,,,,,0,0,,,Style,XS-L,,PANTS,,,,,,,,,design,"2026-06-22 13:50:53",Import,,0.0000,,,,,,,,,N,1717,Style,0.0000,N,0.00,0.0000,,,,,0.0000,0.0000,0.0000,0.0000,0.0000,0.00,0.00,0.00,,,,,N,,,,,,PO,,,,,,,,,,,,,,,FLORAL,0,,,,"2026-06-22 13:50:29",,0,0,,,,,,,0.00,0.00,0.00,0.00,,,"2026-06-22 13:50:43",0.0000,0.0000,,,,,,,,,,,,,,
FSET8090T,BLACK,DROP,,0.0000,,24.0000,0.0000,0.0000,0.0000,0.0000,yosup,"2026-04-09 15:40:57",FW26,0.00,18.00,0.00,0.00,"ELEVATOR DISCO","26 AUG",,,,,,,0.0000,0.0000,0.0000,0.0000,,,,,,,,,,0,0,,,Style,XS-XL,"CANARY TOP",TOPS,,,,,,,,,adrian,"2026-05-21 17:04:32",,,0.0000,,LACE,,,,,,,N,1024,Style,0.0000,N,0.00,68.0000,,,,,0.0000,0.0000,0.0000,0.0000,0.0000,0.00,0.00,0.00,,,,,N,1-2-2-1,,,,,,,,,,,"2026-04-20 00:00:00",,,,,,,,,BLACK,0,,,,,,0,0,,,,,,,0.00,-18.00,-18.00,0.00,,,"2026-04-09 15:40:57",0.0000,0.0000,,,,,,,,,,,,,,
FSET8097T,"CREAM LAVENDER IVORY",ACTIVE,,6.4000,,13.5000,0.0000,0.0000,0.0000,0.0000,support,"2026-04-14 12:44:54",,0.00,6.00,0.00,0.00,FREESIA,LULUS,,,,,,,0.0000,0.0000,0.0000,0.0000,,,,,,,,,,0,0,,,Style,XS-XL,"SLEEVELESS SPAGHETTI TIE STRAIGHT NECK TOP",,,,,,,,,,design,"2026-06-26 09:50:24",,,0.0000,,,,,,,,,N,1126,Style,0.0000,N,0.00,0.0000,,,,,0.0000,0.0000,0.0000,0.0000,0.0000,0.00,0.00,0.00,,,,,N,1-2-2-1,,,,,,,,,,,"2026-01-16 00:00:00","2026-04-21 00:00:00","2026-05-06 00:00:00","2026-05-08 00:00:00",,,,194,,"CREAM LAVENDER IVORY",0,,,194,,,0,0,,,,,STANFORD,,0.00,-6.00,-6.00,0.00,,,"2026-04-14 12:44:54",0.0000,0.0000,,,,,,,,,,,,,,
FSET8110P,BLACK,DROP,,0.0000,,28.0000,0.0000,0.0000,0.0000,0.0000,yosup,"2026-04-09 15:40:57",FW26,0.00,0.00,0.00,0.00,"ELEVATOR DISCO","26 SEP",,,,,,,0.0000,0.0000,0.0000,0.0000,,,,,,,,,,0,0,,,Style,XS-XL,"MIRU PANT",PANTS,,,,,,,,,adrian,"2026-05-21 15:54:59",,,0.0000,,"TECHNO CREPE",,,,,,,N,1075,Style,0.0000,N,0.00,78.0000,,,,,0.0000,0.0000,0.0000,0.0000,0.0000,0.00,0.00,0.00,,,,,N,1-2-2-1,,,,,,,,,,,"2026-03-24 00:00:00",,,,,,,,,BLACK,0,,,,,,0,0,,,,,,,0.00,0.00,0.00,0.00,,,"2026-04-09 15:40:57",0.0000,0.0000,,,,,,,,,,,,,,
FSET8110T,BLACK,DROP,,0.0000,,21.0000,0.0000,0.0000,0.0000,0.0000,yosup,"2026-04-09 15:40:57",FW26,0.00,0.00,0.00,0.00,"ELEVATOR DISCO","26 SEP",,,,,,,0.0000,0.0000,0.0000,0.0000,,,,,,,,,,0,0,,,Style,XS-XL,"RUMI TOP",TOPS,,,,,,,,,adrian,"2026-05-21 17:07:54",,,0.0000,,"TECHNO CREPE",,,,,,,N,1080,Style,0.0000,N,0.00,58.0000,,,,,0.0000,0.0000,0.0000,0.0000,0.0000,0.00,0.00,0.00,,,,,N,1-2-2-1,,,,,,,,,,,"2026-03-24 00:00:00",,,,,,,,,BLACK,0,,,,,,0,0,,,,,,,0.00,0.00,0.00,0.00,,,"2026-04-09 15:40:57",0.0000,0.0000,,,,,,,,,,,,,,
FSW5033-12,NATURAL,DROP,,0.0000,,0.0000,0.0000,0.0000,0.0000,0.0000,yosup,"2026-04-09 15:40:57",FW26,0.00,0.00,0.00,0.00,"ELEVATOR DISCO","26 SEP",,,,,,,0.0000,0.0000,0.0000,0.0000,,,,,,,,,,0,0,,,Style,XS-XL,"MIRAGE FRINGE CARDIGAN",OUTERWEAR,,,,,,,,,adrian,"2026-05-21 15:55:46",,,0.0000,,,,,,,,,N,1103,Style,0.0000,N,0.00,0.0000,,,,,0.0000,0.0000,0.0000,0.0000,0.0000,0.00,0.00,0.00,,,,,N,1-2-2-1,,,,,,,,,,,"2026-03-06 00:00:00",,,,,,,,,NATURAL,0,,,,,,0,0,,,,,,,0.00,0.00,0.00,0.00,,,"2026-04-09 15:40:57",0.0000,0.0000,,,,,,,,,,,,,,
FSW5040S,"LIGHT PINK",DROP,,0.0000,,24.0000,0.0000,0.0000,0.0000,0.0000,yosup,"2026-04-09 15:40:57",FW26,0.00,0.00,0.00,0.00,"ELEVATOR DISCO","26 JUL",,,,,,,0.0000,0.0000,0.0000,0.0000,,,,,,,,,,0,0,,,Style,XS-XL,"CATIE ROSE SKIRT",SKIRTS,,,,,,,,,adrian,"2026-05-20 10:55:09",,,0.0000,,"KNITTED SWEATER",,,,,,,N,999,Style,0.0000,N,0.00,68.0000,,,,,0.0000,0.0000,0.0000,0.0000,0.0000,0.00,0.00,0.00,,,,,N,1-2-2-1,,,,,,,,,,,,,,,,,,,,"LIGHT PINK",0,,,,,,0,0,,,,,,,0.00,0.00,0.00,0.00,,,"2026-04-09 15:40:57",0.0000,0.0000,,,,,,,,,,,,,,
FSW5040T,"LIGHT PINK",DROP,,0.0000,,24.0000,0.0000,0.0000,0.0000,0.0000,yosup,"2026-04-09 15:40:57",FW26,0.00,0.00,0.00,0.00,"ELEVATOR DISCO","26 JUL",,,,,,,0.0000,0.0000,0.0000,0.0000,,,,,,,,,,0,0,,,Style,XS-XL,"CYNTHIA ROSE TOP",TOPS,,,,,,,,,adrian,"2026-05-20 10:55:27",,,0.0000,,"KNITTED SWEATER",,,,,,,N,1000,Style,0.0000,N,0.00,68.0000,,,,,0.0000,0.0000,0.0000,0.0000,0.0000,0.00,0.00,0.00,,,,,N,1-2-2-1,,,,,,,,,,,,,,,,,,,,"LIGHT PINK",0,,,,,,0,0,,,,,,,0.00,0.00,0.00,0.00,,,"2026-04-09 15:40:57",0.0000,0.0000,,,,,,,,,,,,,,
FSW5044A,PINK,ACTIVE,,11.7500,,31.0000,0.0000,0.0000,0.0000,0.0000,yosup,"2026-04-09 15:40:57",SS26,78.00,0.00,0.00,0.00,"ELEVATOR DISCO","26 MAY",,,,,,,0.0000,0.0000,0.0000,0.0000,,,,,,,,,,0,0,,,Style,XS-XL,"SWEET HEAT DRESS",SWEATERS,,,,,,,,,adrian,"2026-05-19 11:00:22",,,0.0000,,"VISCOSE SWEATER",,,,,,,N,859,Style,0.0000,N,0.00,88.0000,,,,,0.0000,0.0000,0.0000,0.0000,0.0000,0.00,0.00,0.00,,,,,N,1-2-2-1,,,,,,,,,,,"2025-12-19 00:00:00","2026-03-12 00:00:00","2026-06-17 16:05:44","2026-05-14 00:00:00",,,,108,,PINK,0,,,30,,,0,0,,,,,,,78.00,78.00,78.00,0.00,,,"2026-04-09 15:40:57",0.0000,0.0000,,,,,,,,,,,,,,
FSW5060,"DARK RED",DROP,,0.0000,,28.0000,0.0000,0.0000,0.0000,0.0000,yosup,"2026-04-09 15:40:57",FW26,0.00,0.00,0.00,0.00,"ELEVATOR DISCO","26 AUG",,,,,,,0.0000,0.0000,0.0000,0.0000,,,,,,,,,,0,0,,,Style,XS-XL,"ROSABELLE RUFFLE SWEATER",SWEATERS,,,,,,,,,adrian,"2026-05-21 15:32:30",,,0.0000,,"BLENDED KNITTED SWEA",,,,,,,N,1039,Style,0.0000,N,0.00,78.0000,,,,,0.0000,0.0000,0.0000,0.0000,0.0000,0.00,0.00,0.00,,,,,N,1-2-2-1,,,,,,,,,,,,,,,,,,,,"DARK RED",0,,,,,,0,0,,,,,,,0.00,0.00,0.00,0.00,,,"2026-04-09 15:40:57",0.0000,0.0000,,,,,,,,,,,,,,
FSW5063,BEIGE,ACTIVE,,0.0000,,0.0000,0.0000,0.0000,0.0000,0.0000,adrian,"2026-04-23 12:20:26",,0.00,250.00,0.00,250.00,FREESIA,,,,,,,,0.0000,0.0000,0.0000,0.0000,,,,,,,,,,0,0,,,Style,SHORTSTORY01,"MARITA HALTER KNIT TANK",,,,,,,,,,minji,"2026-04-24 15:57:02",Import,,0.0000,,,,,,,,,N,1226,Style,0.0000,N,0.00,0.0000,,,,,0.0000,0.0000,0.0000,0.0000,0.0000,0.00,0.00,0.00,,,,,N,,,,,,PO,,,,,,"2026-04-23 00:00:00","2026-04-24 00:00:00",,,,,,,,BEIGE,0,,,,"2026-04-23 12:17:33",,0,0,,,,,,,0.00,-250.00,0.00,0.00,,,"2026-04-23 12:20:26",0.0000,0.0000,,,,,,,,,,,,,,
GRD001,IVORY,ACTIVE,,8.5000,,14.0000,0.0000,0.0000,0.0000,0.0000,support,"2026-04-14 12:44:54",,0.00,255.00,0.00,275.00,FREESIA,LULUS,,,,,,,0.0000,0.0000,0.0000,0.0000,,,,,,,,,,0,0,,,Style,XS-XL,"CROCHET SLEEVELESS TOP",,,,,,,,,,design,"2026-06-26 09:41:58",,,0.0000,,,,,,,,,N,1128,Style,0.0000,N,0.00,0.0000,,,,,0.0000,0.0000,0.0000,0.0000,0.0000,0.00,0.00,0.00,,,,,N,1-2-2-1,,,,,,,,,,,"2026-01-16 00:00:00","2026-04-30 00:00:00",,,,,,,,IVORY,0,,,,,"2026-05-28 00:00:00",0,0,,,,"2026-05-28 00:00:00",STANFORD,,0.00,-255.00,20.00,0.00,,,"2026-04-14 12:44:54",0.0000,0.0000,,,,,,,,,,,,,,
SET8142,"IVORY BLUE",ACTIVE,,0.0000,,18.0000,0.0000,0.0000,0.0000,0.0000,support,"2026-04-14 12:44:54",,0.00,200.00,0.00,200.00,FREESIA,LULUS,,,,,,,0.0000,0.0000,0.0000,0.0000,,,,,,,,,,0,0,,,Style,XXS-XXL,"MISS TO MRS EMBROIDERED SATIN TWO-PIECE PAJAMA SET",,,,,,,,,,minji,"2026-04-22 19:29:10",,,0.0000,,,,,,,,,N,1155,Style,0.0000,N,0.00,0.0000,,,,,0.0000,0.0000,0.0000,0.0000,0.0000,0.00,0.00,0.00,,,,,N,,,,,,,,,,,,"2026-04-16 00:00:00","2026-04-22 00:00:00","2026-04-30 00:00:00","2026-06-22 00:00:00",,,,416,,"IVORY BLUE",0,,,416,,,0,0,,,,,STANFORD,,0.00,-200.00,0.00,0.00,,,"2026-04-14 12:44:54",0.0000,0.0000,,,,,,,,,,,,,,
SET8161A,"BLACK GROUND FLORAL",ACTIVE,,18.0000,,23.7400,0.0000,0.0000,0.0000,0.0000,adrian,"2026-04-15 13:52:04",,0.00,0.00,0.00,0.00,FREESIA,LULUS,,,,,,,0.0000,0.0000,0.0000,0.0000,,,,,,,,,,0,0,,,Style,XXS-XXL,"SWEETHEART LACE TRIM SLEEVELESS CROP TOP WITH MATCHING MIDI FLARE EYELET PRINT SKIRT 2PC DRESS SET",,,,,,,,,,design,"2026-06-26 09:47:22",,,0.0000,,,,,,,,,N,1197,Style,0.0000,N,0.00,0.0000,,,,0,0.0000,0.0000,0.0000,0.0000,0.0000,0.00,0.00,0.00,,,,,N,,,,,,,,,,,,"2025-11-25 00:00:00","2026-04-21 00:00:00","2026-04-21 14:03:49","2026-04-21 00:00:00",,,,353,,"BLACK GROUND FLORAL",0,,,353,,,0,0,,,,,STANFORD,,0.00,0.00,0.00,0.00,,,"2026-04-15 13:52:04",0.0000,0.0000,,,,,,,,,,,,,,
SET8161A,"WHITE PINK GREEN",ACTIVE,,18.0000,,23.7400,0.0000,0.0000,0.0000,0.0000,support,"2026-04-14 12:44:54",,0.00,0.00,0.00,0.00,FREESIA,LULUS,,,,,,,0.0000,0.0000,0.0000,0.0000,,,,,,,,,,0,0,,,Style,XXS-XXL,"SWEETHEART LACE TRIM SLEEVELESS CROP TOP WITH MATCHING MIDI FLARE EYELET PRINT SKIRT 2PC DRESS SET",,,,,,,,,,design,"2026-06-26 09:49:35",,,0.0000,,,,,,,,,N,1179,Style,0.0000,N,0.00,0.0000,,,,,0.0000,0.0000,0.0000,0.0000,0.0000,0.00,0.00,0.00,,,,,N,,,,,,,,,,,,"2025-11-25 00:00:00",,,,,,,,,"WHITE PINK GREEN",0,,,,,,0,0,,,,,STANFORD,,0.00,0.00,0.00,0.00,,,"2026-04-14 12:44:54",0.0000,0.0000,,,,,,,,,,,,,,
SET8314BP,"NAVY IVORY",ACTIVE,,6.4000,,16.0000,0.0000,0.0000,0.0000,0.0000,support,"2026-04-14 12:44:54",,-386.00,0.00,0.00,380.00,FREESIA,LULUS,,,,,,,0.0000,0.0000,0.0000,0.0000,,,,,,,,,,0,0,,,Style,XXS-XXL,"SLEEVELESS BUTTON FRONT TOP",,,,,,,,,,mike,"2026-06-21 16:17:45",,,0.0000,,,,,,,,,N,1178,Style,0.0000,N,0.00,0.0000,,,,,0.0000,0.0000,0.0000,0.0000,0.0000,0.00,0.00,0.00,,,,,N,,,,,,,,,,,,"2026-02-09 00:00:00","2026-04-30 00:00:00","2026-06-20 17:51:13",,,,,,,"NAVY IVORY",0,,,386,,"2026-05-28 00:00:00",0,0,,,,"2026-05-28 00:00:00",STANFORD,,-386.00,-386.00,-6.00,0.00,,,"2026-04-14 12:44:54",0.0000,0.0000,,,,,,,,,,,,,,
SET8314BT,"NAVY IVORY",ACTIVE,,9.3000,,13.0000,0.0000,0.0000,0.0000,0.0000,support,"2026-04-14 12:44:54",,-377.00,0.00,0.00,380.00,FREESIA,LULUS,,,,,,,0.0000,0.0000,0.0000,0.0000,,,,,,,,,,0,0,,,Style,XXS-XXL,"SLEEVELESS BUTTON FRONT TOP",,,,,,,,,,minji,"2026-05-08 09:49:57",,,0.0000,,,,,,,,,N,1133,Style,0.0000,N,0.00,0.0000,,,,,0.0000,0.0000,0.0000,0.0000,0.0000,0.00,0.00,0.00,,,,,N,,,,,,,,,,,,"2026-02-09 00:00:00","2026-04-30 00:00:00","2026-06-20 17:51:13",,,,,,,"NAVY IVORY",0,,,377,,"2026-05-28 00:00:00",0,0,,,,"2026-05-28 00:00:00",STANFORD,,-377.00,-377.00,3.00,0.00,,,"2026-04-14 12:44:54",0.0000,0.0000,,,,,,,,,,,,,,
SET8341A,BROWN,ACTIVE,,0.0000,,24.0000,0.0000,0.0000,0.0000,0.0000,yosup,"2026-04-09 15:40:57",SS26,49.00,118.00,0.00,124.00,"ELEVATOR DISCO","26 JUN",,,,,,,0.0000,0.0000,0.0000,0.0000,,,,,,,,,,0,0,,,Style,XS-XL,"ELEANOR TOP",TOPS,,,,,,,,,minji,"2026-05-13 15:17:49",,,0.0000,,"CREPE LACE",,,,,,,N,826,Style,0.0000,N,0.00,68.0000,,,,,0.0000,0.0000,0.0000,0.0000,0.0000,0.00,0.00,0.00,,,,,N,1-2-2-1,,,,,,,,,,,"2026-04-22 13:46:37","2026-06-25 00:00:00",,"2026-06-25 00:00:00",,,,49,,BROWN,0,,,,,"2026-05-29 00:00:00",0,0,,,,"2026-05-18 00:00:00",,,49.00,-69.00,55.00,0.00,,,"2026-04-09 15:40:57",0.0000,0.0000,,,,,,,,,,,,,,
SET8341B,BROWN,ACTIVE,,0.0000,,28.0000,0.0000,0.0000,0.0000,0.0000,yosup,"2026-04-09 15:40:57",SS26,28.00,122.00,0.00,128.00,"ELEVATOR DISCO","26 JUN",,,,,,,0.0000,0.0000,0.0000,0.0000,,,,,,,,,,0,0,,,Style,XS-XL,"ELEANOR PANTS",PANTS,,,,,,,,,minji,"2026-05-13 15:21:19",,,0.0000,,LACE,,,,,,,N,824,Style,0.0000,N,0.00,78.0000,,,,,0.0000,0.0000,0.0000,0.0000,0.0000,0.00,0.00,0.00,,,,,N,1-2-2-1,,,,,,,,,,,"2026-04-22 13:46:37","2026-06-25 00:00:00",,"2026-06-25 00:00:00",,,,28,,BROWN,0,,,,,"2026-05-18 00:00:00",0,0,,,,"2026-05-18 00:00:00",,,28.00,-94.00,34.00,0.00,,,"2026-04-09 15:40:57",0.0000,0.0000,,,,,,,,,,,,,,
SET8356B,RUST,ACTIVE,,8.2000,,16.2900,16.2900,0.0000,0.0000,0.0000,support,"2026-04-14 12:44:54",,-409.00,0.00,0.00,0.00,FREESIA,"12TH TRIBE",,,,,,,0.0000,0.0000,0.0000,0.0000,,,,,,,,,,0,0,,,Style,XS-XL,"CLEAR BREEZE RUST LINEN PANTS",,,,,,,,,,mike,"2026-06-17 18:31:06",,,0.0000,,,,,,,,,N,1168,Style,0.0000,N,0.00,0.0000,,,,,0.0000,0.0000,0.0000,0.0000,0.0000,0.00,0.00,0.00,,,,,N,XS-XL,,,,,,,,,,,"2026-03-10 00:00:00",,"2026-05-28 00:00:00",,,,,,,RUST,0,,,409,,,0,0,,,,,STANFORD,,-409.00,-409.00,-409.00,0.00,,,"2026-04-14 12:44:54",0.0000,0.0000,,,,,,,,,,,,,,
SET8356B,WHITE,ACTIVE,,8.2000,,16.2900,,,,,minji,"2026-05-29 17:49:39",,0.00,0.00,0.00,300.00,FREESIA,"12TH TRIBE",,,,,,,0.0000,0.0000,0.0000,0.0000,,,,,,,,,,0,0,,,Style,XS-XL,"CLEAR BREEZE RUST LINEN PANTS",,,,,,,,,,minji,"2026-05-29 17:49:39",,,,,,,,,,,,,1688,Style,0.0000,,,0.0000,,,,0,0.0000,0.0000,0.0000,0.0000,0.0000,0.00,0.00,0.00,,,,,,,,,,,,,,,,,,"2026-05-29 00:00:00",,,,,,,,WHITE,0,,,,,,0,0,,,,,STANFORD,,0.00,0.00,300.00,0.00,,,"2026-05-29 17:49:39",0.0000,0.0000,,,,,,,,,,,,,,
SET8356B1,NATURAL,ACTIVE,,,,13.0400,,,,,support,"2026-04-14 12:44:54",,0.00,0.00,0.00,0.00,FREESIA,"12TH TRIBE",,,,,,,0.0000,0.0000,0.0000,0.0000,,,,,,,,,,0,0,,,Style,XXS-XXL,"CLEAR BREEZE NATURAL LINEN SHORTS",,,,,,,,,,support,"2026-04-14 12:44:54",,,,,,,,,,,,,1180,Style,0.0000,,,0.0000,,,,,,,,,,0.00,0.00,0.00,,,,,,,,,,,,,,,,,"2025-12-12 00:00:00","2026-05-01 00:00:00","2026-04-30 00:00:00","2026-05-01 00:00:00",,,,433,,NATURAL,0,,,433,,,0,0,,,,,STANFORD,,0.00,0.00,0.00,0.00,,,"2026-04-14 12:44:54",0.0000,0.0000,,,,,,,,,,,,,,
SET8356T,NATURAL,ACTIVE,,6.6000,,12.7900,0.0000,0.0000,0.0000,0.0000,support,"2026-04-14 12:44:54",,0.00,0.00,0.00,0.00,FREESIA,"12TH TRIBE",,,,,,,0.0000,0.0000,0.0000,0.0000,,,,,,,,,,0,0,,,Style,XXS-XXL,"CLEAR BREEZE NATURAL LINEN TOP",,,,,,,,,,adrian,"2026-05-01 10:10:27",,,0.0000,,,,,,,,,N,1169,Style,0.0000,N,0.00,0.0000,,,,,0.0000,0.0000,0.0000,0.0000,0.0000,0.00,0.00,0.00,,,,,N,,,,,,,,,,,,"2025-12-12 00:00:00","2026-05-01 00:00:00","2026-04-30 00:00:00","2026-05-01 00:00:00",,,,204,,NATURAL,0,,,204,,,0,0,,,,,STANFORD,,0.00,0.00,0.00,0.00,,,"2026-04-14 12:44:54",0.0000,0.0000,,,,,,,,,,,,,,
SET8356T,RUST,ACTIVE,,6.6000,,12.7900,0.0000,0.0000,0.0000,0.0000,adrian,"2026-05-05 13:14:48",,-393.00,0.00,0.00,0.00,FREESIA,"12TH TRIBE",,,,,,,0.0000,0.0000,0.0000,0.0000,,,,,,,,,,0,0,,,Style,XXS-XXL,"CLEAR BREEZE NATURAL LINEN TOP",,,,,,,,,,adrian,"2026-05-05 13:14:48",,,0.0000,,,,,,,,,N,1234,Style,0.0000,N,0.00,0.0000,,,,0,0.0000,0.0000,0.0000,0.0000,0.0000,0.00,0.00,0.00,,,,,N,,,,,,,,,,,,"2026-03-10 00:00:00",,"2026-05-28 00:00:00",,,,,,,RUST,0,,,393,,,0,0,,,,,STANFORD,,-393.00,-393.00,-393.00,0.00,,,"2026-05-05 13:14:48",0.0000,0.0000,,,,,,,,,,,,,,
SET8357-P,BROWN,ACTIVE,,,,15.5400,,,,,support,"2026-04-14 12:44:54",,-10.00,0.00,0.00,0.00,FREESIA,"12TH TRIBE",,,,,,,0.0000,0.0000,0.0000,0.0000,,,,,,,,,,0,0,,,Style,XS-XL,"ESTELLE ESPRESSO SATIN PANTS",,,,,,,,,,support,"2026-04-14 12:44:54",,,,,,,,,,,,,1189,Style,0.0000,,,0.0000,,,,,,,,,,0.00,0.00,0.00,,,,,,,,,,,,,,,,,"2025-12-12 00:00:00","2026-05-20 00:00:00","2026-05-21 19:54:14","2026-05-20 00:00:00",,,,239,,BROWN,0,,,249,,,0,0,,,,,STANFORD,,-10.00,-10.00,-10.00,0.00,,,"2026-04-14 12:44:54",0.0000,0.0000,,,,,,,,,,,,,,
SET8357-T,BROWN,ACTIVE,,5.4000,,12.5400,,,,,support,"2026-04-14 12:44:54",,-1.00,0.00,0.00,0.00,FREESIA,"12TH TRIBE",,,,,,,0.0000,0.0000,0.0000,0.0000,,,,,,,,,,0,0,,,Style,XS-XL,"ESTELLE COLOR UPDATE IVORY SATIN ONE SHOULDER TOP",,,,,,,,,,support,"2026-04-14 12:44:54",,,,,,,,,,,,,1163,Style,0.0000,,,0.0000,,,,,,,,,,0.00,0.00,0.00,,,,,,,,,,,,,,,,,"2025-12-12 00:00:00","2026-05-20 00:00:00","2026-05-21 19:54:14","2026-05-20 00:00:00",,,,292,,BROWN,0,,,293,,,0,0,,,,,STANFORD,,-1.00,-1.00,-1.00,0.00,,,"2026-04-14 12:44:54",0.0000,0.0000,,,,,,,,,,,,,,
SET8357-T,IVORY,ACTIVE,,0.0000,,12.5400,0.0000,0.0000,0.0000,0.0000,support,"2026-04-14 12:44:54",,-259.00,263.00,0.00,250.00,FREESIA,"12TH TRIBE",,,,,,,0.0000,0.0000,0.0000,0.0000,,,,,,,,,,0,0,,,Style,XS-XL,"ESTELLE COLOR UPDATE IVORY SATIN ONE SHOULDER TOP",,,,,,,,,,minji,"2026-06-15 08:42:27",,,0.0000,,,,,,,,,N,1193,Style,0.0000,N,0.00,0.0000,,,,,0.0000,0.0000,0.0000,0.0000,0.0000,0.00,0.00,0.00,,,,,N,1-2-2-1,,,,,,,,,,,"2026-06-17 15:56:17","2026-06-15 00:00:00","2026-05-28 00:00:00",,,,,,,IVORY,0,,,259,,,0,0,,,,,STANFORD,,-259.00,-522.00,-272.00,0.00,,,"2026-04-14 12:44:54",0.0000,0.0000,,,,,,,,,,,,,,
SET8367VB,"CREAM SHINY CLEAR",ACTIVE,,10.2000,,16.8000,0.0000,0.0000,0.0000,0.0000,support,"2026-04-14 12:44:54",,0.00,0.00,0.00,0.00,FREESIA,LULUS,,,,,,,0.0000,0.0000,0.0000,0.0000,,,,,,,,,,0,0,,,Style,XS-XL,"MALITA CROCHET SEQUIN LOW-RISE MAXI SKIRT",,,,,,,,,,design,"2026-06-26 09:52:11",,,0.0000,,,,,,,,,N,1176,Style,0.0000,N,0.00,0.0000,,,,,0.0000,0.0000,0.0000,0.0000,0.0000,0.00,0.00,0.00,,,,,N,1-2-2-1,,,,,,,,,,,"2026-01-26 00:00:00","2026-04-30 00:00:00","2026-05-20 00:00:00","2026-05-21 00:00:00",,,,314,,,0,,,314,,,0,0,,,,,STANFORD,,0.00,0.00,0.00,0.00,,,"2026-04-14 12:44:54",0.0000,0.0000,,,,,,,,,,,,,,
SET8367VT,"CREAM SHINY CLEAR",ACTIVE,,6.8000,,13.0000,0.0000,0.0000,0.0000,0.0000,support,"2026-04-14 12:44:54",,0.00,0.00,0.00,0.00,FREESIA,LULUS,,,,,,,0.0000,0.0000,0.0000,0.0000,,,,,,,,,,0,0,,,Style,XS-XL,"MALITA CROCHET SEQUIN HALTER TOP",,,,,,,,,,design,"2026-06-26 09:52:41",,,0.0000,,,,,,,,,N,1127,Style,0.0000,N,0.00,0.0000,,,,,0.0000,0.0000,0.0000,0.0000,0.0000,0.00,0.00,0.00,,,,,N,1-2-2-1,,,,,,,,,,,"2026-01-26 00:00:00","2026-04-30 00:00:00","2026-05-20 00:00:00","2026-05-21 00:00:00",,,,307,,,0,,,307,,,0,0,,,,,STANFORD,,0.00,0.00,0.00,0.00,,,"2026-04-14 12:44:54",0.0000,0.0000,,,,,,,,,,,,,,
SET8370V,BLACK,ACTIVE,,16.5000,,23.5400,,,,,support,"2026-04-14 12:44:54",,0.00,0.00,0.00,0.00,FREESIA,"12TH TRIBE",,,,,,,0.0000,0.0000,0.0000,0.0000,,,,,,,,,,0,0,,,Style,XS-XL,"INDIE BLACK CAPE DRESS",,,,,,,,,,support,"2026-04-14 12:44:54",,,,,,,,,,,,,1172,Style,0.0000,,,0.0000,,,,,,,,,,0.00,0.00,0.00,,,,,,,,,,,,,,,,,"2026-03-11 00:00:00","2026-05-19 00:00:00","2026-05-19 15:28:38","2026-05-19 00:00:00",,,,249,,BLACK,0,,,249,,,0,0,,,,,STANFORD,,0.00,0.00,0.00,0.00,,,"2026-04-14 12:44:54",0.0000,0.0000,,,,,,,,,,,,,,
SET8375VDS,"DENIM BLUE",ACTIVE,,9.0000,,17.6000,0.0000,0.0000,0.0000,0.0000,support,"2026-04-14 12:44:54",,0.00,354.00,0.00,354.00,FREESIA,LULUS,,,,,,,0.0000,0.0000,0.0000,0.0000,,,,,,,,,,0,0,,,Style,XXS-XXL,"TEXTURED MAXI",,,,,,,,,,design,"2026-06-26 09:57:19",,,0.0000,,,,,,,,,N,1177,Style,0.0000,N,0.00,0.0000,,,,,0.0000,0.0000,0.0000,0.0000,0.0000,0.00,0.00,0.00,,,,,N,,,,,,,,,,,,"2026-03-03 00:00:00","2026-04-30 00:00:00",,,,,,,,"DENIM BLUE",0,,,,,"2026-05-28 00:00:00",0,0,,,,"2026-05-28 00:00:00",STANFORD,,0.00,-354.00,0.00,0.00,,,"2026-04-14 12:44:54",0.0000,0.0000,,,,,,,,,,,,,,
SET8375VDT,"DENIM BLUE",ACTIVE,,6.2000,,15.0000,0.0000,0.0000,0.0000,0.0000,support,"2026-04-14 12:44:54",,0.00,354.00,0.00,354.00,FREESIA,LULUS,,,,,,,0.0000,0.0000,0.0000,0.0000,,,,,,,,,,0,0,,,Style,XXS-XXL,"RUFFLE TRIM TEXTURED CAMI",,,,,,,,,,design,"2026-06-26 09:58:22",,,0.0000,,,,,,,,,N,1130,Style,0.0000,N,0.00,0.0000,,,,,0.0000,0.0000,0.0000,0.0000,0.0000,0.00,0.00,0.00,,,,,N,,,,,,,,,,,,"2026-03-03 00:00:00","2026-04-30 00:00:00",,,,,,,,"DENIM BLUE",0,,,,,"2026-05-28 00:00:00",0,0,,,,"2026-05-28 00:00:00",STANFORD,,0.00,-354.00,0.00,0.00,,,"2026-04-14 12:44:54",0.0000,0.0000,,,,,,,,,,,,,,
SET8376C,WHITE,ACTIVE,,23.1400,,23.1400,0.0000,0.0000,0.0000,0.0000,adrian,"2026-05-01 10:11:14",,0.00,650.00,0.00,650.00,FREESIA,"12TH TRIBE",,,,,,,0.0000,0.0000,0.0000,0.0000,,,,,,,,,,0,0,,,Style,XXS-XXL,,,,,,,,,,,mike,"2026-06-04 17:03:35",Import,,0.0000,,,,,,,,,N,1231,Style,0.0000,N,0.00,0.0000,,,,,0.0000,0.0000,0.0000,0.0000,0.0000,0.00,0.00,0.00,,,,,N,,,,,,PO,,,,,,"2026-05-28 00:00:00","2026-05-28 00:00:00","2026-04-30 00:00:00","2026-05-01 00:00:00",,,,511,,WHITE,0,,,511,"2026-05-01 10:10:43",,0,0,,,,,,,0.00,-650.00,0.00,0.00,,,"2026-05-01 10:11:14",0.0000,0.0000,,,,,,,,,,,,,,
SETD1058A,PINK,ACTIVE,,12.0000,,27.0000,0.0000,0.0000,0.0000,0.0000,yosup,"2026-04-09 15:40:57",SS26,72.00,0.00,0.00,0.00,"ELEVATOR DISCO","26 MAY",,,,,,,0.0000,0.0000,0.0000,0.0000,,,,,,,,,,0,0,,,Style,XS-XL,"ATELIER BUTTON UP SHIRT",TOPS,,,,,,,,,adrian,"2026-05-19 11:01:06",,,0.0000,,POPLIN,,,,,,,N,860,Style,0.0000,N,0.00,74.0000,,,,,0.0000,0.0000,0.0000,0.0000,0.0000,0.00,0.00,0.00,,,,,N,1-2-2-1,,,,,,,,,,,"2026-02-05 00:00:00","2026-03-13 00:00:00","2026-06-12 14:00:07","2026-05-20 00:00:00",,,,102,,PINK,0,,,30,,,0,0,,,,,,,72.00,72.00,72.00,0.00,,,"2026-04-09 15:40:57",0.0000,0.0000,,,,,,,,,,,,,,
SETD1058B,PINK,ACTIVE,,7.8000,,20.7100,0.0000,0.0000,0.0000,0.0000,yosup,"2026-04-09 15:40:57",SS26,72.00,0.00,0.00,0.00,"ELEVATOR DISCO","26 MAY",,,,,,,0.0000,0.0000,0.0000,0.0000,,,,,,,,,,0,0,,,Style,XS-XL,"ATLAS SHORTS",SHORTS,,,,,,,,,adrian,"2026-05-19 11:01:37",,,0.0000,,POPLIN,,,,,,,N,857,Style,0.0000,N,0.00,58.0000,,,,,0.0000,0.0000,0.0000,0.0000,0.0000,0.00,0.00,0.00,,,,,N,1-2-2-1,,,,,,,,,,,"2026-02-05 00:00:00","2026-03-13 00:00:00","2026-06-12 14:00:07","2026-05-20 00:00:00",,,,102,,PINK,0,,,30,,,0,0,,,,,,,72.00,72.00,72.00,0.00,,,"2026-04-09 15:40:57",0.0000,0.0000,,,,,,,,,,,,,,
SETD1066T,"RED WHITE",ACTIVE,,7.7000,,16.0000,0.0000,0.0000,0.0000,0.0000,support,"2026-04-14 12:44:54",,0.00,0.00,0.00,0.00,FREESIA,LULUS,,,,,,,0.0000,0.0000,0.0000,0.0000,,,,,,,,,,0,0,,,Style,XXS-XXL,"GINGHAM SMOCKED CAMI TOP",TOPS,STENUE,,,,,,,,design,"2026-06-26 09:51:29",,,0.0000,,,,,,,,,N,1141,Style,0.0000,N,0.00,0.0000,,,,,0.0000,0.0000,0.0000,0.0000,0.0000,0.00,0.00,0.00,,,,,N,,,,,,,,,,,,"2026-03-25 00:00:00","2026-04-30 00:00:00",,,,,,,,"RED WHITE",0,,,,,,0,0,,,,,STANFORD,,0.00,0.00,0.00,0.00,,,"2026-04-14 12:44:54",0.0000,0.0000,,,,,,,,,,,,,,
SETD1072,BURGUNDY,ACTIVE,,10.2000,,16.0000,0.0000,0.0000,0.0000,0.0000,adrian,"2026-04-15 16:17:00",,0.00,301.00,0.00,301.00,FREESIA,LULUS,,,,,,,0.0000,0.0000,0.0000,0.0000,,,,,,,,,,0,0,,,Style,XXS-XXL,"KEONA SATIN LACE RUFFLED TWO-PIECE PAJAMA SET",,,,,,,,,,adrian,"2026-04-15 16:17:00",,,0.0000,,,,,,,,,N,1214,Style,0.0000,N,0.00,0.0000,,,,0,0.0000,0.0000,0.0000,0.0000,0.0000,0.00,0.00,0.00,,,,,N,,,,,,,,,,,,"2026-04-01 00:00:00","2026-04-30 00:00:00",,,,,,,,BURGUNDY,0,,,,,"2026-05-28 00:00:00",0,0,,,,"2026-05-28 00:00:00",STANFORD,,0.00,-301.00,0.00,0.00,,,"2026-04-15 16:17:00",0.0000,0.0000,,,,,,,,,,,,,,
SETD1072,IVORY,ACTIVE,,10.2000,,16.0000,0.0000,0.0000,0.0000,0.0000,support,"2026-04-14 12:44:54",,0.00,305.00,0.00,301.00,FREESIA,LULUS,,,,,,,0.0000,0.0000,0.0000,0.0000,,,,,,,,,,0,0,,,Style,XXS-XXL,"KEONA SATIN LACE RUFFLED TWO-PIECE PAJAMA SET",,,,,,,,,,minji,"2026-05-20 16:42:04",,,0.0000,,,,,,,,,N,1150,Style,0.0000,N,0.00,0.0000,,,,,0.0000,0.0000,0.0000,0.0000,0.0000,0.00,0.00,0.00,,,,,N,,,,,,,,,,,,"2026-05-20 16:42:12","2026-05-20 00:00:00","2026-06-04 00:00:00","2026-06-22 00:00:00",,,,532,,IVORY,0,,,532,,"2026-06-17 00:00:00",0,0,,,,"2026-06-17 00:00:00",STANFORD,,0.00,-305.00,-4.00,0.00,,,"2026-04-14 12:44:54",0.0000,0.0000,,,,,,,,,,,,,,
SETD1072GP,"GREEN PRINT",ACTIVE,,10.2000,,18.8000,0.0000,0.0000,0.0000,0.0000,support,"2026-04-14 12:44:54",,-248.00,0.00,0.00,249.00,FREESIA,LULUS,,,,,,,0.0000,0.0000,0.0000,0.0000,,,,,,,,,,0,0,,,Style,XXS-XXL,"KEONA SATIN LACE RUFFLED TWO-PIECE PAJAMA SET",,,,,,,,,,design,"2026-06-26 10:02:19",,,0.0000,,,,,,,,,N,1145,Style,0.0000,N,0.00,0.0000,,,,,0.0000,0.0000,0.0000,0.0000,0.0000,0.00,0.00,0.00,,,,,N,,,,,,,,,,,,"2026-03-19 00:00:00","2026-04-30 00:00:00","2026-06-11 20:32:14",,,,,,,"GREEN PRINT",0,,,248,,"2026-05-28 00:00:00",0,0,,,,"2026-05-28 00:00:00",STANFORD,,-248.00,-248.00,1.00,0.00,,,"2026-04-14 12:44:54",0.0000,0.0000,,,,,,,,,,,,,,
TD1051,"FOREST GREEN",ACTIVE,,14.8000,,20.9000,0.0000,0.0000,0.0000,0.0000,adrian,"2026-04-15 16:43:34",,0.00,800.00,0.00,800.00,FREESIA,LULUS,,,,,,,0.0000,0.0000,0.0000,0.0000,,,,,,,,,,0,0,,,Style,XXS-XXL,"DREAMING OF YOU SWISS DOT MIDI DRESS",DRESSES,STENUE,,,,,,,,Marie,"2026-05-28 14:41:49",Import,,0.0000,,,,,,,,,N,1218,Style,0.0000,N,0.00,0.0000,,,,,0.0000,0.0000,0.0000,0.0000,0.0000,0.00,0.00,0.00,,,,,N,,,,,,PO,,,,,,"2026-05-17 15:21:28","2026-05-17 00:00:00",,,,,,,,"FOREST GREEN",0,,,,"2026-04-15 16:43:04",,0,0,,,,,,,0.00,-800.00,0.00,0.00,,,"2026-04-15 16:43:34",0.0000,0.0000,,,,,,,,,,,,"2026-06-26 00:00:00","2026-06-26 00:00:00",
TESTSTYLE1,"SAGE GREEN",DROP,,0.0000,,0.0000,0.0000,0.0000,0.0000,0.0000,hayeon,"2026-05-20 10:32:09",,-20.00,0.00,0.00,0.00,"ELEVATOR DISCO",,,,,,,,0.0000,0.0000,0.0000,0.0000,,,,,,,,,,0,0,,,Style,XS-L,"test style1 for EDI Testing",,,,,,,,,,kevin,"2026-06-26 11:02:54",Import,,0.0000,,,,,,,,,N,1254,Style,0.0000,N,0.00,0.0000,,,,,0.0000,0.0000,0.0000,0.0000,0.0000,0.00,0.00,0.00,,,,,N,,,,,,PO,,,,,,"2026-05-22 00:00:00",,"2026-05-29 00:00:00",,,,,,,"SAGE GREEN",0,,,20,"2026-05-20 10:31:07",,0,0,,,,,,,-20.00,-20.00,-20.00,0.00,,,"2026-05-20 10:32:09",0.0000,0.0000,,,,,,,,,,,,,,
TESTSTYLE2,"PINK MULTI",ACTIVE,,,,,,,,,hayeon,"2026-05-20 10:32:57",,-40.00,0.00,0.00,0.00,"ELEVATOR DISCO",,,,,,,,0.0000,0.0000,0.0000,0.0000,,,,,,,,,,0,0,,,Style,XS-L,"teststyle2 for edi testing",,,,,,,,,,hayeon,"2026-05-20 10:32:57",Import,,,,,,,,,,,N,1255,Style,0.0000,N,,0.0000,,,,,,,,,,0.00,0.00,0.00,,,,,N,,,,,,PO,,,,,,"2026-05-22 00:00:00",,"2026-05-29 00:00:00",,,,,,,"PINK MULTI",0,,,40,"2026-05-20 10:32:28",,0,0,,,,,,,-40.00,-40.00,-40.00,0.00,,,"2026-05-20 10:32:57",0.0000,0.0000,,,,,,,,,,,,,,
TESTSTYLE3,PINK,ACTIVE,,,,,,,,,hayeon,"2026-05-20 10:33:27",,-60.00,0.00,0.00,0.00,"ELEVATOR DISCO",,,,,,,,0.0000,0.0000,0.0000,0.0000,,,,,,,,,,0,0,,,Style,XS-L,"test style3 for edi testing",,,,,,,,,,hayeon,"2026-05-20 10:33:27",Import,,,,,,,,,,,N,1256,Style,0.0000,N,,0.0000,,,,,,,,,,0.00,0.00,0.00,,,,,N,,,,,,PO,,,,,,"2026-05-22 00:00:00",,"2026-05-29 00:00:00",,,,,,,PINK,0,,,60,"2026-05-20 10:33:10",,0,0,,,,,,,-60.00,-60.00,-60.00,0.00,,,"2026-05-20 10:33:27",0.0000,0.0000,,,,,,,,,,,,,,
WS-EDX2715A,"LIGHT BLUE",ACTIVE,,0.0000,,25.0000,0.0000,0.0000,0.0000,0.0000,support,"2026-04-14 12:44:54",,511.00,0.00,0.00,0.00,FREESIA,LULUS,,,,,,,0.0000,0.0000,0.0000,0.0000,,,,,,,,,,0,0,,,Style,XS-XL,"MARKIE RUFFLED MAXI DRESS",,,,,,,,,,design,"2026-06-26 09:55:16",,,0.0000,,,,,,,,,N,1181,Style,0.0000,N,0.00,0.0000,,,,,0.0000,0.0000,0.0000,0.0000,0.0000,0.00,0.00,0.00,,,,,N,1-2-2-1,,,,,,,,,,,"2025-10-24 00:00:00","2026-04-21 00:00:00",,"2026-04-21 00:00:00",,,,511,,"LIGHT BLUE",0,,,,,,0,0,,,,,STANFORD,,511.00,511.00,511.00,0.00,,,"2026-04-14 12:44:54",0.0000,0.0000,,,,,,,,,,,,,,
WS-FRD1644,WHITE,ACTIVE,,0.0000,,25.9000,0.0000,0.0000,0.0000,0.0000,support,"2026-04-14 12:44:54",,310.00,0.00,0.00,0.00,FREESIA,LULUS,,,,,,,0.0000,0.0000,0.0000,0.0000,,,,,,,,,,0,0,,,Style,XS-XL,"SASHA TIERED TIEBACK MINI DRESS",,,,,,,,,,design,"2026-06-26 09:55:50",,,0.0000,,,,,,,,,N,1182,Style,0.0000,N,0.00,0.0000,,,,,0.0000,0.0000,0.0000,0.0000,0.0000,0.00,0.00,0.00,,,,,N,1-2-2-1,,,,,,,,,,,"2025-10-24 00:00:00","2026-04-21 00:00:00",,"2026-04-21 00:00:00",,,,310,,WHITE,0,,,,,,0,0,,,,,STANFORD,,310.00,310.00,310.00,0.00,,,"2026-04-14 12:44:54",0.0000,0.0000,,,,,,,,,,,,,,
